datetime,date,hour,temperature,linear_prediction_MWh,random_forest_prediction_MWh,gradient_boosting_prediction_MWh,seasonal_prediction_MWh,predicted_imbalance_MWh,predicted_MWh,lower_bound_MWh,upper_bound_MWh,confidence_interval,selected_model,weather_mode,expected_error_MWh,estimated_imbalance_price_EUR_MWh,estimated_error_cost_EUR
2026-07-01 00:00:00,2026-07-01,1,22.6,-0.774419534092418,-0.5876787699999995,-0.6768633314144549,-0.23733100000000018,-0.6768633314144549,-0.6768633314144549,-2.404683192231095,1.0509565294021854,nominal_90,gradient_boosting,available_weather=744;climatology_fallback=0,0.786158317061517,89.09366666666666,70.04172704750644
2026-07-01 01:00:00,2026-07-01,2,20.7,-0.7709395550956331,-0.6707360499999996,-0.6713455979153946,-0.14562600000000003,-0.6713455979153946,-0.6713455979153946,-2.3991654587320346,1.0564742629012456,nominal_90,gradient_boosting,available_weather=744;climatology_fallback=0,0.786158317061517,86.52533333333334,68.02261043652011
2026-07-01 02:00:00,2026-07-01,3,18.0,-0.7218561870524511,-0.6803771299999997,-0.6939768583405952,0.15532400000000024,-0.6939768583405952,-0.6939768583405952,-2.4217967191572356,1.033843002476045,nominal_90,gradient_boosting,available_weather=744;climatology_fallback=0,0.786158317061517,88.941,69.92170687776839
2026-07-01 03:00:00,2026-07-01,4,17.5,-0.7477605470560522,-0.6495156299999995,-0.6939768583405952,0.027889000000000053,-0.6939768583405952,-0.6939768583405952,-2.4217967191572356,1.033843002476045,nominal_90,gradient_boosting,available_weather=744;climatology_fallback=0,0.786158317061517,84.279,66.25663680362759
2026-07-01 04:00:00,2026-07-01,5,17.6,-0.7458656984779808,-0.6749732599999996,-0.6939768583405952,0.09535000000000071,-0.6939768583405952,-0.6939768583405952,-2.4217967191572356,1.033843002476045,nominal_90,gradient_boosting,available_weather=744;climatology_fallback=0,0.786158317061517,75.898,59.66784394833501
2026-07-01 05:00:00,2026-07-01,6,17.5,-0.7573709236068178,-0.6802998799999997,-0.6510832348809215,-0.0043339999999997755,-0.6510832348809215,-0.6510832348809215,-2.3789030956975616,1.0767366259357187,nominal_90,gradient_boosting,available_weather=744;climatology_fallback=0,0.786158317061517,73.53,57.80622105353334
2026-07-01 06:00:00,2026-07-01,7,17.7,-0.7081397459716283,-0.67571847,-0.6510832348809215,-0.03935100000000066,-0.6510832348809215,-0.6510832348809215,-2.3789030956975616,1.0767366259357187,nominal_90,gradient_boosting,available_weather=744;climatology_fallback=0,0.786158317061517,54.082,42.51701410332096
2026-07-01 07:00:00,2026-07-01,8,18.4,-0.5284649976790163,-0.7148269299999999,-0.4925723151013789,0.9622639999999997,-0.4925723151013789,-0.4925723151013789,-2.220392175918019,1.2352475457152612,nominal_90,gradient_boosting,available_weather=744;climatology_fallback=0,0.786158317061517,49.40566666666667,38.84067575996895
2026-07-01 08:00:00,2026-07-01,9,19.9,-0.5787709605877749,-0.5276659600000002,-0.5543567849600438,-0.35703100000000054,-0.5543567849600438,-0.5543567849600438,-2.282176645776684,1.1734630758565965,nominal_90,gradient_boosting,available_weather=744;climatology_fallback=0,0.786158317061517,46.70933333333333,36.72093088439875
2026-07-01 09:00:00,2026-07-01,10,22.3,-0.6539476951544615,-0.5733074299999998,-0.6186560294804276,-0.3614740000000003,-0.6186560294804276,-0.6186560294804276,-2.346475890297068,1.1091638313362124,nominal_90,gradient_boosting,available_weather=744;climatology_fallback=0,0.786158317061517,36.81733333333333,28.94425281202622
2026-07-01 10:00:00,2026-07-01,11,24.7,-0.7902829869646923,-0.6280515399999994,-0.7094107497057452,-0.7430100000000006,-0.7094107497057452,-0.7094107497057452,-2.4372306105223855,1.0184091111108948,nominal_90,gradient_boosting,available_weather=744;climatology_fallback=0,0.786158317061517,36.884,28.996663366496993
2026-07-01 11:00:00,2026-07-01,12,24.6,-0.853140428587216,-0.7754651800000003,-0.7986090096915847,-0.3022189999999997,-0.7986090096915847,-0.7986090096915847,-2.5264288705082247,0.9292108511250555,nominal_90,gradient_boosting,available_weather=744;climatology_fallback=0,0.786158317061517,31.804666666666666,25.003503221369193
2026-07-01 12:00:00,2026-07-01,13,26.0,-0.9350508066993066,-0.8656215,-0.9197854346284734,-0.5833889999999998,-0.9197854346284734,-0.9197854346284734,-2.6476052954451137,0.8080344261881668,nominal_90,gradient_boosting,available_weather=744;climatology_fallback=0,0.786158317061517,24.10666666666667,18.95165649662964
2026-07-01 13:00:00,2026-07-01,14,27.2,-1.2133847050386215,-1.08865538,-1.1155953102135259,-1.8243419999999986,-1.1155953102135259,-1.1155953102135259,-2.8434151710301663,0.6122245506031143,nominal_90,gradient_boosting,available_weather=744;climatology_fallback=0,0.786158317061517,25.945333333333334,20.397139588933413
2026-07-01 14:00:00,2026-07-01,15,27.1,-1.3573813787283482,-1.2134512199999987,-1.438575111966897,-1.46875,-1.438575111966897,-1.438575111966897,-3.166394972783537,0.28924474884974316,nominal_90,gradient_boosting,available_weather=744;climatology_fallback=0,0.786158317061517,26.921333333333333,21.164430106385453
2026-07-01 15:00:00,2026-07-01,16,27.0,-1.5345307258862948,-0.8837776299999998,-0.9315148196299095,-1.0847710000000004,-0.9315148196299095,-0.9315148196299095,-2.6593346804465496,0.7963050411867307,nominal_90,gradient_boosting,available_weather=744;climatology_fallback=0,0.786158317061517,32.778666666666666,25.76922142218711
2026-07-01 16:00:00,2026-07-01,17,23.0,-1.2475860935129162,-0.9760569999999998,-0.8227330575136407,-1.5398060000000002,-0.8227330575136407,-0.8227330575136407,-2.550552918330281,0.9050868033029995,nominal_90,gradient_boosting,available_weather=744;climatology_fallback=0,0.786158317061517,61.599333333333334,48.42682822544474
2026-07-01 17:00:00,2026-07-01,18,23.2,-1.0221484529287805,-0.7958264499999995,-0.5644526058183239,-1.6208580000000001,-0.5644526058183239,-0.5644526058183239,-2.292272466634964,1.1633672549983163,nominal_90,gradient_boosting,available_weather=744;climatology_fallback=0,0.786158317061517,76.64433333333334,60.25458010563526
2026-07-01 18:00:00,2026-07-01,19,23.7,-0.6618604470844344,-0.5529773099999999,-0.513198966488377,-1.236836000000001,-0.513198966488377,-0.513198966488377,-2.2410188273050173,1.214620894328263,nominal_90,gradient_boosting,available_weather=744;climatology_fallback=0,0.786158317061517,112.38000000000001,88.34847167137329
2026-07-01 19:00:00,2026-07-01,20,23.4,-0.5072328781624401,-0.47279353,-0.470133676391868,-0.6397029999999992,-0.470133676391868,-0.470133676391868,-2.197953537208508,1.2576861844247722,nominal_90,gradient_boosting,available_weather=744;climatology_fallback=0,0.786158317061517,106.62866666666667,83.82701313718015
2026-07-01 20:00:00,2026-07-01,21,20.9,-0.45367754610467015,-0.5299075300000001,-0.395556001491971,-0.7508309999999998,-0.395556001491971,-0.395556001491971,-2.1233758623086114,1.3322638593246692,nominal_90,gradient_boosting,available_weather=744;climatology_fallback=0,0.786158317061517,110.325,86.73291632981186
2026-07-01 21:00:00,2026-07-01,22,20.1,-0.3913877497371536,-0.52136376,-0.45358720970664,-0.5443359999999995,-0.45358720970664,-0.45358720970664,-2.18140707052328,1.2742326511100002,nominal_90,gradient_boosting,available_weather=744;climatology_fallback=0,0.786158317061517,106.30433333333333,83.57203578967984
2026-07-01 22:00:00,2026-07-01,23,19.3,-0.46114237914250356,-0.5728560099999999,-0.47186584286475,-0.613632,-0.47186584286475,-0.47186584286475,-2.19968570368139,1.2559540179518902,nominal_90,gradient_boosting,available_weather=744;climatology_fallback=0,0.786158317061517,103.35,81.24946206830778
2026-07-01 23:00:00,2026-07-01,24,18.4,-0.437902566966649,-0.5489614399999999,-0.47186584286475,-0.25765300000000035,-0.47186584286475,-0.47186584286475,-2.19968570368139,1.2559540179518902,nominal_90,gradient_boosting,available_weather=744;climatology_fallback=0,0.786158317061517,100.27566666666667,78.83254934888832
2026-07-02 00:00:00,2026-07-02,1,17.8,-0.459610241180498,-0.48849373,-0.5296277974936449,-0.6771520000000004,-0.5296277974936449,-0.5296277974936449,-2.257447658310285,1.1981920633229954,nominal_90,gradient_boosting,available_weather=744;climatology_fallback=0,0.786158317061517,89.09366666666666,70.04172704750644
2026-07-02 01:00:00,2026-07-02,2,17.6,-0.4844219692542593,-0.5097078599999998,-0.5421028979145238,-0.5357169999999991,-0.5421028979145238,-0.5421028979145238,-2.269922758731164,1.1857169629021165,nominal_90,gradient_boosting,available_weather=744;climatology_fallback=0,0.786158317061517,86.52533333333334,68.02261043652011
2026-07-02 02:00:00,2026-07-02,3,17.6,-0.47487345021335425,-0.5055446399999993,-0.4386873411546974,-0.2991470000000005,-0.4386873411546974,-0.4386873411546974,-2.1665072019713376,1.2891325196619428,nominal_90,gradient_boosting,available_weather=744;climatology_fallback=0,0.786158317061517,88.941,69.92170687776839
2026-07-02 03:00:00,2026-07-02,4,17.1,-0.40402834615891003,-0.5148921099999999,-0.4028128599546295,-0.37350699999999915,-0.4028128599546295,-0.4028128599546295,-2.1306327207712696,1.3250070008620107,nominal_90,gradient_boosting,available_weather=744;climatology_fallback=0,0.786158317061517,84.279,66.25663680362759
2026-07-02 04:00:00,2026-07-02,5,17.2,-0.3794736389001744,-0.4831635999999997,-0.3887613435788158,-0.4231259999999999,-0.3887613435788158,-0.3887613435788158,-2.116581204395456,1.3390585172378244,nominal_90,gradient_boosting,available_weather=744;climatology_fallback=0,0.786158317061517,75.898,59.66784394833501
2026-07-02 05:00:00,2026-07-02,6,17.0,-0.3487034832534478,-0.46151034999999996,-0.35339089348606073,-0.26546700000000073,-0.35339089348606073,-0.35339089348606073,-2.0812107543027007,1.3744289673305794,nominal_90,gradient_boosting,available_weather=744;climatology_fallback=0,0.786158317061517,73.53,57.80622105353334
2026-07-02 06:00:00,2026-07-02,7,17.7,-0.3096580725592908,-0.42112140000000003,-0.35339089348606073,-0.07608800000000113,-0.35339089348606073,-0.35339089348606073,-2.0812107543027007,1.3744289673305794,nominal_90,gradient_boosting,available_weather=744;climatology_fallback=0,0.786158317061517,54.082,42.51701410332096
2026-07-02 07:00:00,2026-07-02,8,19.1,-0.2696509113396459,-0.43618115999999996,-0.36386763300630887,0.29408400000000035,-0.36386763300630887,-0.36386763300630887,-2.091687493822949,1.3639522278103313,nominal_90,gradient_boosting,available_weather=744;climatology_fallback=0,0.786158317061517,49.40566666666667,38.84067575996895
2026-07-02 08:00:00,2026-07-02,9,17.2,-0.22056405189077732,-0.4120017900000002,-0.4302489489281236,0.532994,-0.4302489489281236,-0.4302489489281236,-2.158068809744764,1.2975709118885166,nominal_90,gradient_boosting,available_weather=744;climatology_fallback=0,0.786158317061517,46.70933333333333,36.72093088439875
2026-07-02 09:00:00,2026-07-02,10,18.5,-0.34231286545240724,-0.49034966999999985,-0.44298179347514344,-0.04666199999999954,-0.44298179347514344,-0.44298179347514344,-2.1708016542917834,1.2848380673414967,nominal_90,gradient_boosting,available_weather=744;climatology_fallback=0,0.786158317061517,36.81733333333333,28.94425281202622
2026-07-02 10:00:00,2026-07-02,11,20.0,-0.43179280532871667,-0.5371329300000001,-0.47365521491257284,-0.5677229999999989,-0.47365521491257284,-0.47365521491257284,-2.201475075729213,1.2541646459040674,nominal_90,gradient_boosting,available_weather=744;climatology_fallback=0,0.786158317061517,36.884,28.996663366496993
2026-07-02 11:00:00,2026-07-02,12,21.8,-0.45710644364300723,-0.5575488400000002,-0.5051763258845287,-0.4094669999999998,-0.5051763258845287,-0.5051763258845287,-2.2329961867011687,1.2226435349321116,nominal_90,gradient_boosting,available_weather=744;climatology_fallback=0,0.786158317061517,31.804666666666666,25.003503221369193
2026-07-02 12:00:00,2026-07-02,13,23.8,-0.5462406798376498,-0.5819417699999999,-0.5592458619811298,-0.7280280000000006,-0.5592458619811298,-0.5592458619811298,-2.28706572279777,1.1685739988355104,nominal_90,gradient_boosting,available_weather=744;climatology_fallback=0,0.786158317061517,24.10666666666667,18.95165649662964
2026-07-02 13:00:00,2026-07-02,14,23.5,-0.5883848187897294,-0.55627506,-0.5650641078398674,-0.7778140000000009,-0.5650641078398674,-0.5650641078398674,-2.2928839686565077,1.1627557529767727,nominal_90,gradient_boosting,available_weather=744;climatology_fallback=0,0.786158317061517,25.945333333333334,20.397139588933413
2026-07-02 14:00:00,2026-07-02,15,25.3,-0.6351507666349916,-0.61724969,-0.7894283543995888,-0.7804720000000005,-0.7894283543995888,-0.7894283543995888,-2.517248215216229,0.9383915064170514,nominal_90,gradient_boosting,available_weather=744;climatology_fallback=0,0.786158317061517,26.921333333333333,21.164430106385453
2026-07-02 15:00:00,2026-07-02,16,25.6,-0.7668560093217083,-0.6996611200000001,-0.986348975139614,-1.3346809999999993,-0.986348975139614,-0.986348975139614,-2.7141688359562544,0.7414708856770262,nominal_90,gradient_boosting,available_weather=744;climatology_fallback=0,0.786158317061517,32.778666666666666,25.76922142218711
2026-07-02 16:00:00,2026-07-02,17,26.4,-0.905925382898914,-1.0011304799999992,-1.1975563886475145,-1.3816899999999996,-1.1975563886475145,-1.1975563886475145,-2.9253762494641546,0.5302634721691257,nominal_90,gradient_boosting,available_weather=744;climatology_fallback=0,0.786158317061517,61.599333333333334,48.42682822544474
2026-07-02 17:00:00,2026-07-02,18,25.3,-0.9028706233465329,-0.9218363,-1.0437972680138672,-0.21341099999999968,-1.0437972680138672,-1.0437972680138672,-2.771617128830507,0.684022592802773,nominal_90,gradient_boosting,available_weather=744;climatology_fallback=0,0.786158317061517,76.64433333333334,60.25458010563526
2026-07-02 18:00:00,2026-07-02,19,21.9,-0.7431878967090115,-0.96612838,-0.6993049957399566,0.10291800000000005,-0.6993049957399566,-0.6993049957399566,-2.427124856556597,1.0285148650766835,nominal_90,gradient_boosting,available_weather=744;climatology_fallback=0,0.786158317061517,112.38000000000001,88.34847167137329
2026-07-02 19:00:00,2026-07-02,20,21.2,-0.5236529956806149,-0.49448199000000004,-0.5019254276735201,-0.3750159999999989,-0.5019254276735201,-0.5019254276735201,-2.22974528849016,1.22589443314312,nominal_90,gradient_boosting,available_weather=744;climatology_fallback=0,0.786158317061517,106.62866666666667,83.82701313718015
2026-07-02 20:00:00,2026-07-02,21,20.6,-0.3600125126977949,-0.5367667199999999,-0.42165160370174865,-0.32357400000000247,-0.42165160370174865,-0.42165160370174865,-2.1494714645183888,1.3061682571148916,nominal_90,gradient_boosting,available_weather=744;climatology_fallback=0,0.786158317061517,110.325,86.73291632981186
2026-07-02 21:00:00,2026-07-02,22,19.7,-0.3407380802928117,-0.5140052799999999,-0.3933051361285611,-0.5036769999999997,-0.3933051361285611,-0.3933051361285611,-2.121124996945201,1.334514724688079,nominal_90,gradient_boosting,available_weather=744;climatology_fallback=0,0.786158317061517,106.30433333333333,83.57203578967984
2026-07-02 22:00:00,2026-07-02,23,19.2,-0.3138112294936761,-0.5311763899999996,-0.3792536197527475,-0.304945,-0.3792536197527475,-0.3792536197527475,-2.1070734805693876,1.3485662410638928,nominal_90,gradient_boosting,available_weather=744;climatology_fallback=0,0.786158317061517,103.35,81.24946206830778
2026-07-02 23:00:00,2026-07-02,24,18.5,-0.3008290848842696,-0.48134040999999983,-0.3999005203240001,-0.23635099999999998,-0.3999005203240001,-0.3999005203240001,-2.1277203811406404,1.3279193404926402,nominal_90,gradient_boosting,available_weather=744;climatology_fallback=0,0.786158317061517,100.27566666666667,78.83254934888832
2026-07-03 00:00:00,2026-07-03,1,18.0,-0.33168908377291784,-0.45597711999999996,-0.537572193937839,-0.590306,-0.537572193937839,-0.537572193937839,-2.265392054754479,1.1902476668788013,nominal_90,gradient_boosting,available_weather=744;climatology_fallback=0,0.786158317061517,89.09366666666666,70.04172704750644
2026-07-03 01:00:00,2026-07-03,2,17.7,-0.41943151147092883,-0.49050688999999986,-0.46116908259993983,-0.5552729999999997,-0.46116908259993983,-0.46116908259993983,-2.18898894341658,1.2666507782167002,nominal_90,gradient_boosting,available_weather=744;climatology_fallback=0,0.786158317061517,86.52533333333334,68.02261043652011
2026-07-03 02:00:00,2026-07-03,3,17.2,-0.35943316979023743,-0.4506267899999999,-0.37794670294452504,-0.5273819999999994,-0.37794670294452504,-0.37794670294452504,-2.1057665637611653,1.349873157872115,nominal_90,gradient_boosting,available_weather=744;climatology_fallback=0,0.786158317061517,88.941,69.92170687776839
2026-07-03 03:00:00,2026-07-03,4,17.4,-0.2992672777399008,-0.45042300999999996,-0.3669743220776557,-0.5459060000000004,-0.3669743220776557,-0.3669743220776557,-2.094794182894296,1.3608455387389844,nominal_90,gradient_boosting,available_weather=744;climatology_fallback=0,0.786158317061517,84.279,66.25663680362759
2026-07-03 04:00:00,2026-07-03,5,17.1,-0.30219396242907626,-0.43724404,-0.3669743220776557,-0.6692219999999995,-0.3669743220776557,-0.3669743220776557,-2.094794182894296,1.3608455387389844,nominal_90,gradient_boosting,available_weather=744;climatology_fallback=0,0.786158317061517,75.898,59.66784394833501
2026-07-03 05:00:00,2026-07-03,6,17.0,-0.3100590815916423,-0.4005740000000001,-0.3732496742891993,-0.7324589999999997,-0.3732496742891993,-0.3732496742891993,-2.1010695351058395,1.3545701865274409,nominal_90,gradient_boosting,available_weather=744;climatology_fallback=0,0.786158317061517,73.53,57.80622105353334
2026-07-03 06:00:00,2026-07-03,7,17.4,-0.30186853586149187,-0.38777148000000017,-0.3732496742891993,-0.6022009999999998,-0.3732496742891993,-0.3732496742891993,-2.1010695351058395,1.3545701865274409,nominal_90,gradient_boosting,available_weather=744;climatology_fallback=0,0.786158317061517,54.082,42.51701410332096
2026-07-03 07:00:00,2026-07-03,8,18.0,-0.2587295303187218,-0.3829145800000001,-0.3732496742891993,-0.18133899999999958,-0.3732496742891993,-0.3732496742891993,-2.1010695351058395,1.3545701865274409,nominal_90,gradient_boosting,available_weather=744;climatology_fallback=0,0.786158317061517,49.40566666666667,38.84067575996895
2026-07-03 08:00:00,2026-07-03,9,18.6,-0.2831203667396466,-0.44143565,-0.40240192637379835,-0.3389570000000002,-0.40240192637379835,-0.40240192637379835,-2.1302217871904388,1.3254179344428418,nominal_90,gradient_boosting,available_weather=744;climatology_fallback=0,0.786158317061517,46.70933333333333,36.72093088439875
2026-07-03 09:00:00,2026-07-03,10,21.0,-0.3005540259650341,-0.5056421699999999,-0.40240192637379835,-0.09651099999999957,-0.40240192637379835,-0.40240192637379835,-2.1302217871904388,1.3254179344428418,nominal_90,gradient_boosting,available_weather=744;climatology_fallback=0,0.786158317061517,36.81733333333333,28.94425281202622
2026-07-03 10:00:00,2026-07-03,11,23.1,-0.3506554629259705,-0.5150285099999999,-0.40240192637379835,-0.32269399999999937,-0.40240192637379835,-0.40240192637379835,-2.1302217871904388,1.3254179344428418,nominal_90,gradient_boosting,available_weather=744;climatology_fallback=0,0.786158317061517,36.884,28.996663366496993
2026-07-03 11:00:00,2026-07-03,12,24.9,-0.3728026250569777,-0.5025564699999999,-0.3762201074016447,-0.33633600000000063,-0.3762201074016447,-0.3762201074016447,-2.104039968218285,1.3515997534149955,nominal_90,gradient_boosting,available_weather=744;climatology_fallback=0,0.786158317061517,31.804666666666666,25.003503221369193
2026-07-03 12:00:00,2026-07-03,13,24.6,-0.3595621770043347,-0.5085110200000001,-0.3762201074016447,-0.4836260000000012,-0.3762201074016447,-0.3762201074016447,-2.104039968218285,1.3515997534149955,nominal_90,gradient_boosting,available_weather=744;climatology_fallback=0,0.786158317061517,24.10666666666667,18.95165649662964
2026-07-03 13:00:00,2026-07-03,14,25.3,-0.41171437899121865,-0.49819652000000025,-0.43704331145563496,-0.9429750000000006,-0.43704331145563496,-0.43704331145563496,-2.164863172272275,1.2907765493610053,nominal_90,gradient_boosting,available_weather=744;climatology_fallback=0,0.786158317061517,25.945333333333334,20.397139588933413
2026-07-03 14:00:00,2026-07-03,15,25.2,-0.4624127380166676,-0.5082816200000003,-0.43730324974154783,-0.9303809999999995,-0.43730324974154783,-0.43730324974154783,-2.165123110558188,1.2905166110750923,nominal_90,gradient_boosting,available_weather=744;climatology_fallback=0,0.786158317061517,26.921333333333333,21.164430106385453
2026-07-03 15:00:00,2026-07-03,16,24.4,-0.4421195598838883,-0.5683299100000002,-0.3468019156265184,-0.694386000000001,-0.3468019156265184,-0.3468019156265184,-2.0746217764431587,1.3810179451901217,nominal_90,gradient_boosting,available_weather=744;climatology_fallback=0,0.786158317061517,32.778666666666666,25.76922142218711
2026-07-03 16:00:00,2026-07-03,17,24.6,-0.34776604513278964,-0.5036876700000001,-0.32968402668102165,-0.31319499999999967,-0.32968402668102165,-0.32968402668102165,-2.0575038874976617,1.3981358341356185,nominal_90,gradient_boosting,available_weather=744;climatology_fallback=0,0.786158317061517,61.599333333333334,48.42682822544474
2026-07-03 17:00:00,2026-07-03,18,24.2,-0.3434310735230074,-0.4829854100000003,-0.33964759886827517,-0.746446,-0.33964759886827517,-0.33964759886827517,-2.067467459684915,1.388172261948365,nominal_90,gradient_boosting,available_weather=744;climatology_fallback=0,0.786158317061517,76.64433333333334,60.25458010563526
2026-07-03 18:00:00,2026-07-03,19,23.0,-0.2065819637694375,-0.48213873999999973,-0.28978274877258103,0.003580999999999404,-0.28978274877258103,-0.28978274877258103,-2.017602609589221,1.4380371120440592,nominal_90,gradient_boosting,available_weather=744;climatology_fallback=0,0.786158317061517,112.38000000000001,88.34847167137329
2026-07-03 19:00:00,2026-07-03,20,21.9,-0.12994315819515145,-0.3497208500000001,-0.2166295221723988,0.03851000000000111,-0.2166295221723988,-0.2166295221723988,-1.944449382989039,1.5111903386442413,nominal_90,gradient_boosting,available_weather=744;climatology_fallback=0,0.786158317061517,106.62866666666667,83.82701313718015
2026-07-03 20:00:00,2026-07-03,21,20.5,-0.021025209898854702,-0.23987683,-0.217046442619044,0.31418100000000215,-0.217046442619044,-0.217046442619044,-1.9448663034356841,1.5107734181975963,nominal_90,gradient_boosting,available_weather=744;climatology_fallback=0,0.786158317061517,110.325,86.73291632981186
2026-07-03 21:00:00,2026-07-03,22,20.0,-0.005673530810534788,-0.21497383000000003,-0.25497223960408066,0.45322500000000154,-0.25497223960408066,-0.25497223960408066,-1.982792100420721,1.4728476212125594,nominal_90,gradient_boosting,available_weather=744;climatology_fallback=0,0.786158317061517,106.30433333333333,83.57203578967984
2026-07-03 22:00:00,2026-07-03,23,18.8,-0.052200203698100134,-0.23987018000000002,-0.2036311985154947,0.22992200000000018,-0.2036311985154947,-0.2036311985154947,-1.9314510593321348,1.5241886623011456,nominal_90,gradient_boosting,available_weather=744;climatology_fallback=0,0.786158317061517,103.35,81.24946206830778
2026-07-03 23:00:00,2026-07-03,24,17.9,-0.01831590601595512,-0.19582314999999997,-0.2036311985154947,0.2187209999999995,-0.2036311985154947,-0.2036311985154947,-1.9314510593321348,1.5241886623011456,nominal_90,gradient_boosting,available_weather=744;climatology_fallback=0,0.786158317061517,100.27566666666667,78.83254934888832
2026-07-04 00:00:00,2026-07-04,1,17.3,-0.0011060608098055758,-0.2008883500000001,-0.34260978893755634,0.16394599999999926,-0.34260978893755634,-0.34260978893755634,-2.0704296497541965,1.3852100718790838,nominal_90,gradient_boosting,available_weather=744;climatology_fallback=0,0.786158317061517,89.09366666666666,70.04172704750644
2026-07-04 01:00:00,2026-07-04,2,16.3,-0.05182480046961102,-0.3164073700000003,-0.315711776864529,0.3594559999999998,-0.315711776864529,-0.315711776864529,-2.043531637681169,1.4121080839521112,nominal_90,gradient_boosting,available_weather=744;climatology_fallback=0,0.786158317061517,86.52533333333334,68.02261043652011
2026-07-04 02:00:00,2026-07-04,3,15.0,-0.03504861712851476,-0.33929069000000006,-0.3110423863619741,0.20218500000000006,-0.3110423863619741,-0.3110423863619741,-2.0388622471786144,1.416777474454666,nominal_90,gradient_boosting,available_weather=744;climatology_fallback=0,0.786158317061517,88.941,69.92170687776839
2026-07-04 03:00:00,2026-07-04,4,14.9,-0.04116181441944988,-0.3263370200000001,-0.3453946924541968,0.1533850000000001,-0.3453946924541968,-0.3453946924541968,-2.073214553270837,1.3824251683624433,nominal_90,gradient_boosting,available_weather=744;climatology_fallback=0,0.786158317061517,84.279,66.25663680362759
2026-07-04 04:00:00,2026-07-04,5,15.1,-0.07540071596579545,-0.3612655200000001,-0.3907889417250689,0.09286900000000031,-0.3907889417250689,-0.3907889417250689,-2.118608802541709,1.3370309190915712,nominal_90,gradient_boosting,available_weather=744;climatology_fallback=0,0.786158317061517,75.898,59.66784394833501
2026-07-04 05:00:00,2026-07-04,6,14.9,-0.10675920547071732,-0.37990954000000016,-0.3557704927941075,0.04753299999999938,-0.3557704927941075,-0.3557704927941075,-2.083590353610748,1.3720493680225327,nominal_90,gradient_boosting,available_weather=744;climatology_fallback=0,0.786158317061517,73.53,57.80622105353334
2026-07-04 06:00:00,2026-07-04,7,15.8,-0.11521672963194995,-0.36621239000000005,-0.36110765490966146,-0.1356569999999998,-0.36110765490966146,-0.36110765490966146,-2.0889275157263016,1.3667122059069787,nominal_90,gradient_boosting,available_weather=744;climatology_fallback=0,0.786158317061517,54.082,42.51701410332096
2026-07-04 07:00:00,2026-07-04,8,18.0,-0.11223018708948579,-0.3297244900000001,-0.36110765490966146,0.13516900000000032,-0.36110765490966146,-0.36110765490966146,-2.0889275157263016,1.3667122059069787,nominal_90,gradient_boosting,available_weather=744;climatology_fallback=0,0.786158317061517,49.40566666666667,38.84067575996895
2026-07-04 08:00:00,2026-07-04,9,19.8,-0.14189408963914973,-0.40119147000000005,-0.37118495188817086,0.07902199999999993,-0.37118495188817086,-0.37118495188817086,-2.099004812704811,1.3566349089284693,nominal_90,gradient_boosting,available_weather=744;climatology_fallback=0,0.786158317061517,46.70933333333333,36.72093088439875
2026-07-04 09:00:00,2026-07-04,10,21.1,-0.023800650365337184,-0.4117999599999999,-0.3603482125777959,1.2580809999999991,-0.3603482125777959,-0.3603482125777959,-2.088168073394436,1.3674716482388443,nominal_90,gradient_boosting,available_weather=744;climatology_fallback=0,0.786158317061517,36.81733333333333,28.94425281202622
2026-07-04 10:00:00,2026-07-04,11,22.4,-0.08191353044529032,-0.4047452500000002,-0.3603482125777959,0.7461979999999997,-0.3603482125777959,-0.3603482125777959,-2.088168073394436,1.3674716482388443,nominal_90,gradient_boosting,available_weather=744;climatology_fallback=0,0.786158317061517,36.884,28.996663366496993
2026-07-04 11:00:00,2026-07-04,12,22.5,-0.08645272510945146,-0.41115939999999995,-0.3603482125777959,0.5863649999999998,-0.3603482125777959,-0.3603482125777959,-2.088168073394436,1.3674716482388443,nominal_90,gradient_boosting,available_weather=744;climatology_fallback=0,0.786158317061517,31.804666666666666,25.003503221369193
2026-07-04 12:00:00,2026-07-04,13,23.5,-0.1495181677182003,-0.43996594999999994,-0.37118495188817086,0.07699500000000059,-0.37118495188817086,-0.37118495188817086,-2.099004812704811,1.3566349089284693,nominal_90,gradient_boosting,available_weather=744;climatology_fallback=0,0.786158317061517,24.10666666666667,18.95165649662964
2026-07-04 13:00:00,2026-07-04,14,24.5,-0.2222165963069811,-0.4412436600000001,-0.36328176607412715,-0.3958799999999998,-0.36328176607412715,-0.36328176607412715,-2.0911016268907674,1.364538094742513,nominal_90,gradient_boosting,available_weather=744;climatology_fallback=0,0.786158317061517,25.945333333333334,20.397139588933413
2026-07-04 14:00:00,2026-07-04,15,25.8,-0.2069609200356376,-0.41690830000000006,-0.3450031329160172,-0.20737600000000023,-0.3450031329160172,-0.3450031329160172,-2.0728229937326574,1.382816727900623,nominal_90,gradient_boosting,available_weather=744;climatology_fallback=0,0.786158317061517,26.921333333333333,21.164430106385453
2026-07-04 15:00:00,2026-07-04,16,25.5,-0.19050135275268754,-0.43066738,-0.3450031329160172,-0.3612700000000001,-0.3450031329160172,-0.3450031329160172,-2.0728229937326574,1.382816727900623,nominal_90,gradient_boosting,available_weather=744;climatology_fallback=0,0.786158317061517,32.778666666666666,25.76922142218711
2026-07-04 16:00:00,2026-07-04,17,24.9,-0.1270528051578793,-0.43341785,-0.3372196528459183,0.08410100000000043,-0.3372196528459183,-0.3372196528459183,-2.0650395136625583,1.3906002079707218,nominal_90,gradient_boosting,available_weather=744;climatology_fallback=0,0.786158317061517,61.599333333333334,48.42682822544474
2026-07-04 17:00:00,2026-07-04,18,24.1,-0.12708326011505777,-0.4233228400000001,-0.3430943811932993,-0.027607999999999966,-0.3430943811932993,-0.3430943811932993,-2.0709142420099393,1.3847254796233408,nominal_90,gradient_boosting,available_weather=744;climatology_fallback=0,0.786158317061517,76.64433333333334,60.25458010563526
2026-07-04 18:00:00,2026-07-04,19,22.9,-0.10673447615951936,-0.41179609,-0.4372833907760589,0.04109600000000008,-0.4372833907760589,-0.4372833907760589,-2.165103251592699,1.2905364700405813,nominal_90,gradient_boosting,available_weather=744;climatology_fallback=0,0.786158317061517,112.38000000000001,88.34847167137329
2026-07-04 19:00:00,2026-07-04,20,21.4,-0.15318570526786857,-0.42423220000000017,-0.16043152980717557,-0.02579000000000075,-0.16043152980717557,-0.16043152980717557,-1.8882513906238159,1.5673883310094645,nominal_90,gradient_boosting,available_weather=744;climatology_fallback=0,0.786158317061517,106.62866666666667,83.82701313718015
2026-07-04 20:00:00,2026-07-04,21,20.0,0.016537388507766648,-0.05107334999999988,0.03594968503049676,-0.3816650000000002,0.03594968503049676,0.03594968503049676,-1.6918701757861434,1.763769545847137,nominal_90,gradient_boosting,available_weather=744;climatology_fallback=0,0.786158317061517,110.325,86.73291632981186
2026-07-04 21:00:00,2026-07-04,22,18.9,0.18178657055337136,0.23080454000000028,0.13415920819632865,-0.3378769999999989,0.13415920819632865,0.13415920819632865,-1.5936606526203114,1.861979069012969,nominal_90,gradient_boosting,available_weather=744;climatology_fallback=0,0.786158317061517,106.30433333333333,83.57203578967984
2026-07-04 22:00:00,2026-07-04,23,18.2,0.26563148692106286,0.2907431300000001,0.16761364645458626,-0.11347500000000021,0.16761364645458626,0.16761364645458626,-1.5602062143620539,1.8954335072712265,nominal_90,gradient_boosting,available_weather=744;climatology_fallback=0,0.786158317061517,103.35,81.24946206830778
2026-07-04 23:00:00,2026-07-04,24,17.5,0.3101975549685809,0.34928987000000006,0.17814041002346895,0.20665899999999926,0.17814041002346895,0.17814041002346895,-1.5496794507931713,1.905960270840109,nominal_90,gradient_boosting,available_weather=744;climatology_fallback=0,0.786158317061517,100.27566666666667,78.83254934888832
2026-07-05 00:00:00,2026-07-05,1,16.4,0.32521465430497254,0.6367812900000002,-0.1089810533738491,0.12779200000000035,-0.1089810533738491,-0.1089810533738491,-1.8368009141904893,1.618838807442791,nominal_90,gradient_boosting,available_weather=744;climatology_fallback=0,0.786158317061517,89.09366666666666,70.04172704750644
2026-07-05 01:00:00,2026-07-05,2,15.1,0.1530885014324417,0.08115171999999998,0.02476064392561734,0.07843100000000014,0.02476064392561734,0.02476064392561734,-1.7030592168910228,1.7525805047422576,nominal_90,gradient_boosting,available_weather=744;climatology_fallback=0,0.786158317061517,86.52533333333334,68.02261043652011
2026-07-05 02:00:00,2026-07-05,3,13.6,0.26336501997212125,0.24250205000000016,0.09529345453178113,0.22605199999999925,0.09529345453178113,0.09529345453178113,-1.632526406284859,1.8231133153484214,nominal_90,gradient_boosting,available_weather=744;climatology_fallback=0,0.786158317061517,88.941,69.92170687776839
2026-07-05 03:00:00,2026-07-05,4,13.4,0.33651688283595216,0.2230971000000001,0.08455237282249019,0.41791,0.08455237282249019,0.08455237282249019,-1.64326748799415,1.8123722336391304,nominal_90,gradient_boosting,available_weather=744;climatology_fallback=0,0.786158317061517,84.279,66.25663680362759
2026-07-05 04:00:00,2026-07-05,5,12.9,0.31523461155348875,0.5443825200000001,0.40136998133479795,0.34022999999999914,0.40136998133479795,0.40136998133479795,-1.3264498794818422,2.129189842151438,nominal_90,gradient_boosting,available_weather=744;climatology_fallback=0,0.786158317061517,75.898,59.66784394833501
2026-07-05 05:00:00,2026-07-05,6,12.4,0.5651710696105262,0.30851432000000023,0.4472724797351995,0.3666959999999997,0.4472724797351995,0.4472724797351995,-1.2805473810814407,2.17509234055184,nominal_90,gradient_boosting,available_weather=744;climatology_fallback=0,0.786158317061517,73.53,57.80622105353334
2026-07-05 06:00:00,2026-07-05,7,13.0,0.5985159342058465,0.5221782100000002,0.4367537992585423,0.2915620000000002,0.4367537992585423,0.4367537992585423,-1.291066061558098,2.1645736600751824,nominal_90,gradient_boosting,available_weather=744;climatology_fallback=0,0.786158317061517,54.082,42.51701410332096
2026-07-05 07:00:00,2026-07-05,8,15.7,0.8749064439433464,2.212820380000001,2.1627370153519228,3.3377660000000002,2.1627370153519228,2.1627370153519228,0.43491715453528257,3.8905568761685627,nominal_90,gradient_boosting,available_weather=744;climatology_fallback=0,0.786158317061517,49.40566666666667,38.84067575996895
2026-07-05 08:00:00,2026-07-05,9,18.0,1.7423549549710502,1.1740363000000003,1.2837123615170567,-0.0771179999999998,1.2837123615170567,1.2837123615170567,-0.4441074992995835,3.011532222333697,nominal_90,gradient_boosting,available_weather=744;climatology_fallback=0,0.786158317061517,46.70933333333333,36.72093088439875
2026-07-05 09:00:00,2026-07-05,10,20.5,1.503387080171934,1.6963344399999998,1.9054827258895182,2.9280420000000014,1.9054827258895182,1.9054827258895182,0.17766286507287798,3.6333025867061584,nominal_90,gradient_boosting,available_weather=744;climatology_fallback=0,0.786158317061517,36.81733333333333,28.94425281202622
2026-07-05 10:00:00,2026-07-05,11,22.2,1.7487975202202215,1.9376628599999994,1.9052510463434646,2.641038,1.9052510463434646,1.9052510463434646,0.17743118552682446,3.633070907160105,nominal_90,gradient_boosting,available_weather=744;climatology_fallback=0,0.786158317061517,36.884,28.996663366496993
2026-07-05 11:00:00,2026-07-05,12,23.8,1.7480314430709707,1.9210576199999994,1.8517540504460315,2.498391,1.8517540504460315,1.8517540504460315,0.12393418962939129,3.5795739112626714,nominal_90,gradient_boosting,available_weather=744;climatology_fallback=0,0.786158317061517,31.804666666666666,25.003503221369193
2026-07-05 12:00:00,2026-07-05,13,23.9,1.6260638128775102,1.897287969999999,1.8542078606451127,2.1756319999999993,1.8542078606451127,1.8542078606451127,0.12638799982847249,3.5820277214617526,nominal_90,gradient_boosting,available_weather=744;climatology_fallback=0,0.786158317061517,24.10666666666667,18.95165649662964
2026-07-05 13:00:00,2026-07-05,14,23.9,1.5969064557773625,1.8666797599999994,1.8542078606451127,1.8157780000000001,1.8542078606451127,1.8542078606451127,0.12638799982847249,3.5820277214617526,nominal_90,gradient_boosting,available_weather=744;climatology_fallback=0,0.786158317061517,25.945333333333334,20.397139588933413
2026-07-05 14:00:00,2026-07-05,15,25.3,1.6027248103782226,1.8528759199999996,1.8621110464591561,1.9580200000000003,1.8621110464591561,1.8621110464591561,0.13429118564251596,3.5899309072757966,nominal_90,gradient_boosting,available_weather=744;climatology_fallback=0,0.786158317061517,26.921333333333333,21.164430106385453
2026-07-05 15:00:00,2026-07-05,16,24.8,1.5518661661401265,1.68594099,1.7209751407099763,1.296295,1.7209751407099763,1.7209751407099763,-0.006844720106663926,3.4487950015266167,nominal_90,gradient_boosting,available_weather=744;climatology_fallback=0,0.786158317061517,32.778666666666666,25.76922142218711
2026-07-05 16:00:00,2026-07-05,17,24.9,1.294491137956071,0.8488062199999998,0.9974207629119364,-0.29523100000000035,0.9974207629119364,0.9974207629119364,-0.7303990979047038,2.7252406237285767,nominal_90,gradient_boosting,available_weather=744;climatology_fallback=0,0.786158317061517,61.599333333333334,48.42682822544474
2026-07-05 17:00:00,2026-07-05,18,24.6,0.8721715836608626,0.6553032599999997,0.8674871238974018,-0.10586000000000007,0.8674871238974018,0.8674871238974018,-0.8603327369192384,2.5953069847140418,nominal_90,gradient_boosting,available_weather=744;climatology_fallback=0,0.786158317061517,76.64433333333334,60.25458010563526
2026-07-05 18:00:00,2026-07-05,19,23.8,0.7572611294747156,0.6721277199999999,0.48673458959890686,-0.15458499999999942,0.48673458959890686,0.48673458959890686,-1.2410852712177334,2.214554450415547,nominal_90,gradient_boosting,available_weather=744;climatology_fallback=0,0.786158317061517,112.38000000000001,88.34847167137329
2026-07-05 19:00:00,2026-07-05,20,22.5,0.49086963662203775,0.42796280000000025,0.37791279451852444,-0.4900059999999995,0.37791279451852444,0.37791279451852444,-1.3499070662981159,2.1057326553351645,nominal_90,gradient_boosting,available_weather=744;climatology_fallback=0,0.786158317061517,106.62866666666667,83.82701313718015
2026-07-05 20:00:00,2026-07-05,21,20.9,0.4408422360976941,0.37363122000000004,0.1986329294549384,-0.4942779999999996,0.1986329294549384,0.1986329294549384,-1.5291869313617017,1.9264527902715787,nominal_90,gradient_boosting,available_weather=744;climatology_fallback=0,0.786158317061517,110.325,86.73291632981186
2026-07-05 21:00:00,2026-07-05,22,19.7,0.313375942089281,0.3952069299999998,0.18691038925718093,-0.5915509999999999,0.18691038925718093,0.18691038925718093,-1.5409094715594593,1.914730250073821,nominal_90,gradient_boosting,available_weather=744;climatology_fallback=0,0.786158317061517,106.30433333333333,83.57203578967984
2026-07-05 22:00:00,2026-07-05,23,18.8,0.30026458521118704,0.39515438,0.20620724583527447,-0.5933339999999996,0.20620724583527447,0.20620724583527447,-1.5216126149813658,1.9340271066519146,nominal_90,gradient_boosting,available_weather=744;climatology_fallback=0,0.786158317061517,103.35,81.24946206830778
2026-07-05 23:00:00,2026-07-05,24,17.7,0.3450441700139504,0.6768521599999999,0.1855603452640219,-0.29422499999999996,0.1855603452640219,0.1855603452640219,-1.5422595155526182,1.9133802060806622,nominal_90,gradient_boosting,available_weather=744;climatology_fallback=0,0.786158317061517,100.27566666666667,78.83254934888832
2026-07-06 00:00:00,2026-07-06,1,16.7,0.16623088533933447,0.33096335000000005,-0.02794559030198347,0.15398200000000006,-0.02794559030198347,-0.02794559030198347,-1.7557654511186236,1.6998742705146568,nominal_90,gradient_boosting,available_weather=744;climatology_fallback=0,0.786158317061517,89.09366666666666,70.04172704750644
2026-07-06 01:00:00,2026-07-06,2,16.0,0.04915810344819943,0.14606684,0.041474536578654124,0.1553300000000002,0.041474536578654124,0.041474536578654124,-1.686345324237986,1.7692943973952944,nominal_90,gradient_boosting,available_weather=744;climatology_fallback=0,0.786158317061517,86.52533333333334,68.02261043652011
2026-07-06 02:00:00,2026-07-06,3,14.1,0.09796414214073071,0.23442108000000011,0.041474536578654124,0.004744999999999777,0.041474536578654124,0.041474536578654124,-1.686345324237986,1.7692943973952944,nominal_90,gradient_boosting,available_weather=744;climatology_fallback=0,0.786158317061517,88.941,69.92170687776839
2026-07-06 03:00:00,2026-07-06,4,13.7,0.11630353456986545,0.20176060000000004,0.041474536578654124,0.173705,0.041474536578654124,0.041474536578654124,-1.686345324237986,1.7692943973952944,nominal_90,gradient_boosting,available_weather=744;climatology_fallback=0,0.786158317061517,84.279,66.25663680362759
2026-07-06 04:00:00,2026-07-06,5,13.5,0.129453727860203,0.27166044999999994,0.04669335996801029,0.061188000000000464,0.04669335996801029,0.04669335996801029,-1.6811265008486298,1.7745132207846506,nominal_90,gradient_boosting,available_weather=744;climatology_fallback=0,0.786158317061517,75.898,59.66784394833501
2026-07-06 05:00:00,2026-07-06,6,13.6,0.12201224987532072,0.25261573000000004,0.07861460256081426,-0.0386360000000007,0.07861460256081426,0.07861460256081426,-1.6492052582558259,1.8064344633774545,nominal_90,gradient_boosting,available_weather=744;climatology_fallback=0,0.786158317061517,73.53,57.80622105353334
2026-07-06 06:00:00,2026-07-06,7,14.5,0.12317510056622871,0.32308673,0.10319261833090726,-0.11573199999999989,0.10319261833090726,0.10319261833090726,-1.6246272424857329,1.8310124791475475,nominal_90,gradient_boosting,available_weather=744;climatology_fallback=0,0.786158317061517,54.082,42.51701410332096
2026-07-06 07:00:00,2026-07-06,8,16.6,0.2906121996272815,0.35412743000000013,0.13502827351555066,-0.02988500000000005,0.13502827351555066,0.13502827351555066,-1.5927915873010896,1.8628481343321908,nominal_90,gradient_boosting,available_weather=744;climatology_fallback=0,0.786158317061517,49.40566666666667,38.84067575996895
2026-07-06 08:00:00,2026-07-06,9,18.4,0.20466541466123106,0.30677089000000013,0.03941205930682025,-0.053863999999999246,0.03941205930682025,0.03941205930682025,-1.6884078015098198,1.7672319201234605,nominal_90,gradient_boosting,available_weather=744;climatology_fallback=0,0.786158317061517,46.70933333333333,36.72093088439875
2026-07-06 09:00:00,2026-07-06,10,21.0,0.17950265706411286,0.13238700000000014,0.05927443828039448,0.07330300000000056,0.05927443828039448,0.05927443828039448,-1.6685454225362457,1.7870942990970347,nominal_90,gradient_boosting,available_weather=744;climatology_fallback=0,0.786158317061517,36.81733333333333,28.94425281202622
2026-07-06 10:00:00,2026-07-06,11,21.8,0.17269313112763585,0.1020697200000002,0.05927443828039448,-0.030619999999999425,0.05927443828039448,0.05927443828039448,-1.6685454225362457,1.7870942990970347,nominal_90,gradient_boosting,available_weather=744;climatology_fallback=0,0.786158317061517,36.884,28.996663366496993
2026-07-06 11:00:00,2026-07-06,12,22.8,0.1265060700631866,0.20904999000000007,0.0732391944238128,-0.3290189999999992,0.0732391944238128,0.0732391944238128,-1.6545806663928273,1.801059055240453,nominal_90,gradient_boosting,available_weather=744;climatology_fallback=0,0.786158317061517,31.804666666666666,25.003503221369193
2026-07-06 12:00:00,2026-07-06,13,23.8,0.14245225209355553,0.23166603000000013,0.0732391944238128,-0.23409800000000125,0.0732391944238128,0.0732391944238128,-1.6545806663928273,1.801059055240453,nominal_90,gradient_boosting,available_weather=744;climatology_fallback=0,0.786158317061517,24.10666666666667,18.95165649662964
2026-07-06 13:00:00,2026-07-06,14,24.8,0.21001570875113051,0.2609796000000001,0.0732391944238128,0.37767199999999956,0.0732391944238128,0.0732391944238128,-1.6545806663928273,1.801059055240453,nominal_90,gradient_boosting,available_weather=744;climatology_fallback=0,0.786158317061517,25.945333333333334,20.397139588933413
2026-07-06 14:00:00,2026-07-06,15,25.7,0.21243558850283664,0.3279812800000003,0.0732391944238128,0.3888800000000008,0.0732391944238128,0.0732391944238128,-1.6545806663928273,1.801059055240453,nominal_90,gradient_boosting,available_weather=744;climatology_fallback=0,0.786158317061517,26.921333333333333,21.164430106385453
2026-07-06 15:00:00,2026-07-06,16,25.8,0.10159986202907778,0.40677003000000006,0.04719382068070739,-0.633328000000001,0.04719382068070739,0.04719382068070739,-1.6806260401359328,1.7750136814973476,nominal_90,gradient_boosting,available_weather=744;climatology_fallback=0,0.786158317061517,32.778666666666666,25.76922142218711
2026-07-06 16:00:00,2026-07-06,17,25.7,-0.04005906361260164,0.46916612999999996,0.17040842209469584,-1.354401,0.17040842209469584,0.17040842209469584,-1.5574114387219444,1.898228282911336,nominal_90,gradient_boosting,available_weather=744;climatology_fallback=0,0.786158317061517,61.599333333333334,48.42682822544474
2026-07-06 17:00:00,2026-07-06,18,25.5,0.12240060757443452,0.48346448000000014,0.17711191157447767,-0.706663,0.17711191157447767,0.17711191157447767,-1.5507079492421625,1.9049317723911179,nominal_90,gradient_boosting,available_weather=744;climatology_fallback=0,0.786158317061517,76.64433333333334,60.25458010563526
2026-07-06 18:00:00,2026-07-06,19,24.7,0.1251479826804626,0.48817421000000016,0.24427509053106103,-0.6466239999999999,0.24427509053106103,0.24427509053106103,-1.483544770285579,1.9720949513477013,nominal_90,gradient_boosting,available_weather=744;climatology_fallback=0,0.786158317061517,112.38000000000001,88.34847167137329
2026-07-06 19:00:00,2026-07-06,20,23.5,0.104299984846632,0.5813339499999999,0.331747359281639,-1.2116770000000003,0.331747359281639,0.331747359281639,-1.3960725015350013,2.059567220098279,nominal_90,gradient_boosting,available_weather=744;climatology_fallback=0,0.786158317061517,106.62866666666667,83.82701313718015
2026-07-06 20:00:00,2026-07-06,21,22.5,0.177977235283156,0.47945355999999983,0.2798086656829548,-1.0577930000000002,0.2798086656829548,0.2798086656829548,-1.4480111951336854,2.007628526499595,nominal_90,gradient_boosting,available_weather=744;climatology_fallback=0,0.786158317061517,110.325,86.73291632981186
2026-07-06 21:00:00,2026-07-06,22,21.3,0.15684406741193105,0.5687386500000001,0.257795980203992,-0.9525170000000003,0.257795980203992,0.257795980203992,-1.4700238806126482,1.9856158410206322,nominal_90,gradient_boosting,available_weather=744;climatology_fallback=0,0.786158317061517,106.30433333333333,83.57203578967984
2026-07-06 22:00:00,2026-07-06,23,20.2,0.17259297219779984,0.49448874999999964,0.30859668058734174,-0.692086999999999,0.30859668058734174,0.30859668058734174,-1.4192231802292985,2.036416541403982,nominal_90,gradient_boosting,available_weather=744;climatology_fallback=0,0.786158317061517,103.35,81.24946206830778
2026-07-06 23:00:00,2026-07-06,24,19.1,0.20350885919708325,0.6633790799999997,0.2406018815607423,-0.7388669999999999,0.2406018815607423,0.2406018815607423,-1.487217979255898,1.9684217423773824,nominal_90,gradient_boosting,available_weather=744;climatology_fallback=0,0.786158317061517,100.27566666666667,78.83254934888832
2026-07-07 00:00:00,2026-07-07,1,18.3,0.19251058173910218,0.49613448999999965,0.24839013322113654,-0.5876099999999997,0.24839013322113654,0.24839013322113654,-1.4794297275955037,1.9762099940377766,nominal_90,gradient_boosting,available_weather=744;climatology_fallback=0,0.786158317061517,89.09366666666666,70.04172704750644
2026-07-07 01:00:00,2026-07-07,2,17.7,0.19885716122541502,0.47331358999999984,0.990852637579656,-0.6194769999999998,0.990852637579656,0.990852637579656,-0.7369672232369842,2.7186724983962964,nominal_90,gradient_boosting,available_weather=744;climatology_fallback=0,0.786158317061517,86.52533333333334,68.02261043652011
2026-07-07 02:00:00,2026-07-07,3,16.1,0.7406050444765757,0.80169131,0.9238164870103173,-0.8465789999999993,0.9238164870103173,0.9238164870103173,-0.8040033738063229,2.6516363478269573,nominal_90,gradient_boosting,available_weather=744;climatology_fallback=0,0.786158317061517,88.941,69.92170687776839
2026-07-07 03:00:00,2026-07-07,4,15.6,0.7206355532956139,0.5898930399999996,0.7383501215475665,-0.8538050000000004,0.7383501215475665,0.7383501215475665,-0.9894697392690737,2.4661699823642067,nominal_90,gradient_boosting,available_weather=744;climatology_fallback=0,0.786158317061517,84.279,66.25663680362759
2026-07-07 04:00:00,2026-07-07,5,15.1,0.5361904269147774,0.5201363699999998,0.6846299842238377,-0.8960889999999999,0.6846299842238377,0.6846299842238377,-1.0431898765928025,2.412449845040478,nominal_90,gradient_boosting,available_weather=744;climatology_fallback=0,0.786158317061517,75.898,59.66784394833501
2026-07-07 05:00:00,2026-07-07,6,14.9,0.4938880074750028,1.2322816300000008,0.9402703249503177,-0.9399590000000004,0.9402703249503177,0.9402703249503177,-0.7875495358663225,2.6680901857669577,nominal_90,gradient_boosting,available_weather=744;climatology_fallback=0,0.786158317061517,73.53,57.80622105353334
2026-07-07 06:00:00,2026-07-07,7,15.9,0.6822674090641492,1.2807704900000008,0.9662066028186969,-0.7682419999999999,0.9662066028186969,0.9662066028186969,-0.7616132579979433,2.6940264636353373,nominal_90,gradient_boosting,available_weather=744;climatology_fallback=0,0.786158317061517,54.082,42.51701410332096
2026-07-07 07:00:00,2026-07-07,8,18.3,0.7564333715584608,1.2419879800000009,0.9116756358050896,-0.06782099999999924,0.9116756358050896,0.9116756358050896,-0.8161442250115506,2.6394954966217297,nominal_90,gradient_boosting,available_weather=744;climatology_fallback=0,0.786158317061517,49.40566666666667,38.84067575996895
2026-07-07 08:00:00,2026-07-07,9,19.8,0.6711926903331125,0.58712711,0.5169960963038525,-0.14475200000000055,0.5169960963038525,0.5169960963038525,-1.2108237645127877,2.2448159571204926,nominal_90,gradient_boosting,available_weather=744;climatology_fallback=0,0.786158317061517,46.70933333333333,36.72093088439875
2026-07-07 09:00:00,2026-07-07,10,22.5,0.3802760087690174,0.14286987999999995,0.3185482372199502,-0.2670909999999995,0.3185482372199502,0.3185482372199502,-1.40927162359669,2.0463680980365906,nominal_90,gradient_boosting,available_weather=744;climatology_fallback=0,0.786158317061517,36.81733333333333,28.94425281202622
2026-07-07 10:00:00,2026-07-07,11,24.0,0.20492983466884288,0.10001238000000016,0.21829952500957445,-0.4345420000000002,0.21829952500957445,0.21829952500957445,-1.5095203358070657,1.9461193858262147,nominal_90,gradient_boosting,available_weather=744;climatology_fallback=0,0.786158317061517,36.884,28.996663366496993
2026-07-07 11:00:00,2026-07-07,12,25.3,0.034589019088885564,0.28036035000000026,0.15892145925503767,-1.0923139999999991,0.15892145925503767,0.15892145925503767,-1.5688984015616025,1.8867413200716778,nominal_90,gradient_boosting,available_weather=744;climatology_fallback=0,0.786158317061517,31.804666666666666,25.003503221369193
2026-07-07 12:00:00,2026-07-07,13,26.4,0.004090392301569434,0.15953693000000016,0.010310850717067992,-0.8530049999999998,0.010310850717067992,0.010310850717067992,-1.7175090100995722,1.7381307115337081,nominal_90,gradient_boosting,available_weather=744;climatology_fallback=0,0.786158317061517,24.10666666666667,18.95165649662964
2026-07-07 13:00:00,2026-07-07,14,27.2,-0.1483741130439774,0.12385799000000035,0.05933786434816268,-1.2650389999999996,0.05933786434816268,0.05933786434816268,-1.6684819964684774,1.787157725164803,nominal_90,gradient_boosting,available_weather=744;climatology_fallback=0,0.786158317061517,25.945333333333334,20.397139588933413
2026-07-07 14:00:00,2026-07-07,15,26.0,-0.1713317999476196,0.23203838000000032,0.17488157224653791,-1.8859350000000015,0.17488157224653791,0.17488157224653791,-1.5529382885701022,1.9027014330631782,nominal_90,gradient_boosting,available_weather=744;climatology_fallback=0,0.786158317061517,26.921333333333333,21.164430106385453
2026-07-07 15:00:00,2026-07-07,16,25.7,-0.10382320319625293,0.34604339000000023,0.2203855892007037,-2.112246999999999,0.2203855892007037,0.2203855892007037,-1.5074342716159366,1.9482054500173438,nominal_90,gradient_boosting,available_weather=744;climatology_fallback=0,0.786158317061517,32.778666666666666,25.76922142218711
2026-07-07 16:00:00,2026-07-07,17,26.4,-0.16010306630535764,0.27076891000000014,0.11787828654585035,-2.9924870000000006,0.11787828654585035,0.11787828654585035,-1.6099415742707899,1.8456981473624905,nominal_90,gradient_boosting,available_weather=744;climatology_fallback=0,0.786158317061517,61.599333333333334,48.42682822544474
2026-07-07 17:00:00,2026-07-07,18,24.7,-0.13037952213161175,0.40582519,0.3967089143696451,-2.260303,0.3967089143696451,0.3967089143696451,-1.331110946446995,2.124528775186285,nominal_90,gradient_boosting,available_weather=744;climatology_fallback=0,0.786158317061517,76.64433333333334,60.25458010563526
2026-07-07 18:00:00,2026-07-07,19,24.5,0.22893200824663829,0.4367622900000001,0.4411379002778991,-0.9179750000000007,0.4411379002778991,0.4411379002778991,-1.2866819605387412,2.168957761094539,nominal_90,gradient_boosting,available_weather=744;climatology_fallback=0,0.786158317061517,112.38000000000001,88.34847167137329
2026-07-07 19:00:00,2026-07-07,20,23.9,0.3399401604219525,0.4184282799999998,0.39502581970250034,-0.4857670000000004,0.39502581970250034,0.39502581970250034,-1.33279404111414,2.1228456805191405,nominal_90,gradient_boosting,available_weather=744;climatology_fallback=0,0.786158317061517,106.62866666666667,83.82701313718015
2026-07-07 20:00:00,2026-07-07,21,22.7,0.3216148675166889,0.9110505799999999,0.3633267725543174,-0.20728700000000008,0.3633267725543174,0.3633267725543174,-1.3644930882623227,2.0911466333709576,nominal_90,gradient_boosting,available_weather=744;climatology_fallback=0,0.786158317061517,110.325,86.73291632981186
2026-07-07 21:00:00,2026-07-07,22,21.3,0.28598457407882316,0.4543915799999997,0.30674121279021416,-0.399462999999999,0.30674121279021416,0.30674121279021416,-1.421078648026426,2.0345610736068545,nominal_90,gradient_boosting,available_weather=744;climatology_fallback=0,0.786158317061517,106.30433333333333,83.57203578967984
2026-07-07 22:00:00,2026-07-07,23,20.4,0.2294831756258083,0.38319305999999953,0.30674121279021416,-0.623285000000001,0.30674121279021416,0.30674121279021416,-1.421078648026426,2.0345610736068545,nominal_90,gradient_boosting,available_weather=744;climatology_fallback=0,0.786158317061517,103.35,81.24946206830778
2026-07-07 23:00:00,2026-07-07,24,19.6,0.21652239428670497,0.5493379699999996,0.25835347319603374,-0.6588969999999987,0.25835347319603374,0.25835347319603374,-1.4694663876206064,1.986173334012674,nominal_90,gradient_boosting,available_weather=744;climatology_fallback=0,0.786158317061517,100.27566666666667,78.83254934888832
2026-07-08 00:00:00,2026-07-08,1,19.1,0.213388472018685,0.5103647799999994,0.2561953826628364,-0.6768633314144549,0.2561953826628364,0.2561953826628364,-1.4716244781538037,1.9840152434794767,nominal_90,gradient_boosting,available_weather=744;climatology_fallback=0,0.786158317061517,89.09366666666666,70.04172704750644
2026-07-08 01:00:00,2026-07-08,2,18.7,0.2794003983118537,0.3866122699999996,0.31546329623265496,-0.6713455979153946,0.31546329623265496,0.31546329623265496,-1.4123565645839853,2.043283157049295,nominal_90,gradient_boosting,available_weather=744;climatology_fallback=0,0.786158317061517,86.52533333333334,68.02261043652011
2026-07-08 02:00:00,2026-07-08,3,17.0,0.33320796026828403,0.5737336199999998,0.38345809525925434,-0.6939768583405952,0.38345809525925434,0.38345809525925434,-1.3443617655573858,2.1112779560758943,nominal_90,gradient_boosting,available_weather=744;climatology_fallback=0,0.786158317061517,88.941,69.92170687776839
2026-07-08 03:00:00,2026-07-08,4,17.0,0.36673545297448545,0.3664499099999997,0.3326573948759046,-0.6939768583405952,0.3326573948759046,0.3326573948759046,-1.3951624659407356,2.060477255692545,nominal_90,gradient_boosting,available_weather=744;climatology_fallback=0,0.786158317061517,84.279,66.25663680362759
2026-07-08 04:00:00,2026-07-08,5,16.5,0.3305631691754919,0.8507940099999999,0.38345809525925434,-0.6939768583405952,0.38345809525925434,0.38345809525925434,-1.3443617655573858,2.1112779560758943,nominal_90,gradient_boosting,available_weather=744;climatology_fallback=0,0.786158317061517,75.898,59.66784394833501
2026-07-08 05:00:00,2026-07-08,6,16.2,0.3968232147608077,0.91324465,0.45336551397872793,-0.6510832348809215,0.45336551397872793,0.45336551397872793,-1.2744543468379121,2.1811853747953682,nominal_90,gradient_boosting,available_weather=744;climatology_fallback=0,0.786158317061517,73.53,57.80622105353334
2026-07-08 06:00:00,2026-07-08,7,16.7,0.4558648950053109,0.73182065,0.538915483205405,-0.6510832348809215,0.538915483205405,0.538915483205405,-1.1889043776112351,2.2667353440220452,nominal_90,gradient_boosting,available_weather=744;climatology_fallback=0,0.786158317061517,54.082,42.51701410332096
2026-07-08 07:00:00,2026-07-08,8,18.6,0.5161800685565816,0.8791155599999999,0.6829912929102189,-0.4925723151013789,0.6829912929102189,0.6829912929102189,-1.0448285679064213,2.410811153726859,nominal_90,gradient_boosting,available_weather=744;climatology_fallback=0,0.786158317061517,49.40566666666667,38.84067575996895
2026-07-08 08:00:00,2026-07-08,9,20.0,0.5711404833781082,0.5866745099999997,0.5817361183269529,-0.5543567849600438,0.5817361183269529,0.5817361183269529,-1.1460837424896873,2.3095559791435933,nominal_90,gradient_boosting,available_weather=744;climatology_fallback=0,0.786158317061517,46.70933333333333,36.72093088439875
2026-07-08 09:00:00,2026-07-08,10,23.0,0.43726271767554453,0.41917343999999973,0.4616920765924265,-0.6186560294804276,0.4616920765924265,0.4616920765924265,-1.2661277842242136,2.189511937409067,nominal_90,gradient_boosting,available_weather=744;climatology_fallback=0,0.786158317061517,36.81733333333333,28.94425281202622
2026-07-08 10:00:00,2026-07-08,11,25.6,0.3023747842767433,0.4577687599999995,0.3447874263863884,-0.7094107497057452,0.3447874263863884,0.3447874263863884,-1.3830324344302518,2.0726072872030286,nominal_90,gradient_boosting,available_weather=744;climatology_fallback=0,0.786158317061517,36.884,28.996663366496993
2026-07-08 11:00:00,2026-07-08,12,27.9,0.17925205434222002,0.3291515699999995,0.23639528365777773,-0.7986090096915847,0.23639528365777773,0.23639528365777773,-1.4914245771588623,1.964215144474418,nominal_90,gradient_boosting,available_weather=744;climatology_fallback=0,0.786158317061517,31.804666666666666,25.003503221369193
2026-07-08 12:00:00,2026-07-08,13,28.9,0.06729510124545734,0.28967343999999967,0.13018211727430762,-0.9197854346284734,0.13018211727430762,0.13018211727430762,-1.5976377435423326,1.8580019780909478,nominal_90,gradient_boosting,available_weather=744;climatology_fallback=0,0.786158317061517,24.10666666666667,18.95165649662964
2026-07-08 13:00:00,2026-07-08,14,29.6,-0.027431182058058723,0.33987979999999984,0.09547610688530185,-1.1155953102135259,0.09547610688530185,0.09547610688530185,-1.6323437539313383,1.823295967701942,nominal_90,gradient_boosting,available_weather=744;climatology_fallback=0,0.786158317061517,25.945333333333334,20.397139588933413
2026-07-08 14:00:00,2026-07-08,15,30.3,-0.08833106057964679,0.20814731999999997,0.10318166588680704,-1.438575111966897,0.10318166588680704,0.10318166588680704,-1.6246381949298332,1.8310015267034472,nominal_90,gradient_boosting,available_weather=744;climatology_fallback=0,0.786158317061517,26.921333333333333,21.164430106385453
2026-07-08 15:00:00,2026-07-08,16,30.1,-0.023453282130916464,0.25419881999999994,0.07201185243222616,-0.9315148196299095,0.07201185243222616,0.07201185243222616,-1.655808008384414,1.7998317132488664,nominal_90,gradient_boosting,available_weather=744;climatology_fallback=0,0.786158317061517,32.778666666666666,25.76922142218711
2026-07-08 16:00:00,2026-07-08,17,27.8,-0.0105373343247957,0.27383055,0.12841518777732186,-0.8227330575136407,0.12841518777732186,0.12841518777732186,-1.5994046730393183,1.856235048593962,nominal_90,gradient_boosting,available_weather=744;climatology_fallback=0,0.786158317061517,61.599333333333334,48.42682822544474
2026-07-08 17:00:00,2026-07-08,18,26.0,0.10949641345458105,0.2820141400000001,0.3046373643221897,-0.5644526058183239,0.3046373643221897,0.3046373643221897,-1.4231824964944506,2.0324572251388298,nominal_90,gradient_boosting,available_weather=744;climatology_fallback=0,0.786158317061517,76.64433333333334,60.25458010563526
2026-07-08 18:00:00,2026-07-08,19,24.1,0.27990351587562934,0.41993828,0.5014847507710679,-0.513198966488377,0.5014847507710679,0.5014847507710679,-1.2263351100455724,2.229304611587708,nominal_90,gradient_boosting,available_weather=744;climatology_fallback=0,0.786158317061517,112.38000000000001,88.34847167137329
2026-07-08 19:00:00,2026-07-08,20,23.2,0.4375987413926553,0.6177627100000002,0.576219296369858,-0.470133676391868,0.576219296369858,0.576219296369858,-1.1516005644467822,2.304039157186498,nominal_90,gradient_boosting,available_weather=744;climatology_fallback=0,0.786158317061517,106.62866666666667,83.82701313718015
2026-07-08 20:00:00,2026-07-08,21,21.8,0.505420320378796,0.5836641899999999,0.6237401865011099,-0.395556001491971,0.6237401865011099,0.6237401865011099,-1.1040796743155303,2.35156004731775,nominal_90,gradient_boosting,available_weather=744;climatology_fallback=0,0.786158317061517,110.325,86.73291632981186
2026-07-08 21:00:00,2026-07-08,22,20.1,0.5296759498960468,0.6758325000000002,0.642042969103279,-0.45358720970664,0.642042969103279,0.642042969103279,-1.0857768917133612,2.369862829919919,nominal_90,gradient_boosting,available_weather=744;climatology_fallback=0,0.786158317061517,106.30433333333333,83.57203578967984
2026-07-08 22:00:00,2026-07-08,23,17.9,0.5584875513715422,0.7861728000000001,0.7254916490418598,-0.47186584286475,0.7254916490418598,0.7254916490418598,-1.0023282117747803,2.4533115098585,nominal_90,gradient_boosting,available_weather=744;climatology_fallback=0,0.786158317061517,103.35,81.24946206830778
2026-07-08 23:00:00,2026-07-08,24,17.6,0.6071952745997784,0.69306076,0.7015310515107576,-0.47186584286475,0.7015310515107576,0.7015310515107576,-1.0262888093058826,2.429350912327398,nominal_90,gradient_boosting,available_weather=744;climatology_fallback=0,0.786158317061517,100.27566666666667,78.83254934888832
2026-07-09 00:00:00,2026-07-09,1,17.4,0.6112332726600447,0.56728873,0.6034491705418852,-0.5296277974936449,0.6034491705418852,0.6034491705418852,-1.124370690274755,2.3312690313585254,nominal_90,gradient_boosting,available_weather=744;climatology_fallback=0,0.786158317061517,89.09366666666666,70.04172704750644
2026-07-09 01:00:00,2026-07-09,2,16.5,0.5493906060108229,0.53491804,0.5761447905243493,-0.5421028979145238,0.5761447905243493,0.5761447905243493,-1.1516750702922909,2.3039646513409897,nominal_90,gradient_boosting,available_weather=744;climatology_fallback=0,0.786158317061517,86.52533333333334,68.02261043652011
2026-07-09 02:00:00,2026-07-09,3,14.6,0.5682789762413465,0.5189082399999999,0.5761447905243493,-0.4386873411546974,0.5761447905243493,0.5761447905243493,-1.1516750702922909,2.3039646513409897,nominal_90,gradient_boosting,available_weather=744;climatology_fallback=0,0.786158317061517,88.941,69.92170687776839
2026-07-09 03:00:00,2026-07-09,4,14.5,0.5606664819610541,0.7584354199999997,0.5333579109352651,-0.4028128599546295,0.5333579109352651,0.5333579109352651,-1.194461949881375,2.261177771751905,nominal_90,gradient_boosting,available_weather=744;climatology_fallback=0,0.786158317061517,84.279,66.25663680362759
2026-07-09 04:00:00,2026-07-09,5,14.2,0.5437812530350206,0.7622155599999999,0.4713320722990799,-0.3887613435788158,0.4713320722990799,0.4713320722990799,-1.2564877885175603,2.1991519331157203,nominal_90,gradient_boosting,available_weather=744;climatology_fallback=0,0.786158317061517,75.898,59.66784394833501
2026-07-09 05:00:00,2026-07-09,6,13.8,0.5196623343904732,0.8209572100000001,0.6771089043129557,-0.35339089348606073,0.6771089043129557,0.6771089043129557,-1.0507109565036845,2.404928765129596,nominal_90,gradient_boosting,available_weather=744;climatology_fallback=0,0.786158317061517,73.53,57.80622105353334
2026-07-09 06:00:00,2026-07-09,7,14.0,0.676513468865112,1.3770208100000014,0.9833556546678299,-0.35339089348606073,0.9833556546678299,0.9833556546678299,-0.7444642061488103,2.71117551548447,nominal_90,gradient_boosting,available_weather=744;climatology_fallback=0,0.786158317061517,54.082,42.51701410332096
2026-07-09 07:00:00,2026-07-09,8,15.2,0.9174072903286867,1.2734269200000015,1.206551114698586,-0.36386763300630887,1.206551114698586,1.206551114698586,-0.5212687461180543,2.9343709755152263,nominal_90,gradient_boosting,available_weather=744;climatology_fallback=0,0.786158317061517,49.40566666666667,38.84067575996895
2026-07-09 08:00:00,2026-07-09,9,16.3,1.0531541940036169,0.8413926100000003,0.8709211817600306,-0.4302489489281236,0.8709211817600306,0.8709211817600306,-0.8568986790566095,2.5987410425766706,nominal_90,gradient_boosting,available_weather=744;climatology_fallback=0,0.786158317061517,46.70933333333333,36.72093088439875
2026-07-09 09:00:00,2026-07-09,10,18.8,0.7709063939087444,0.43730387999999976,0.605806317464878,-0.44298179347514344,0.605806317464878,0.605806317464878,-1.1220135433517622,2.333626178281518,nominal_90,gradient_boosting,available_weather=744;climatology_fallback=0,0.786158317061517,36.81733333333333,28.94425281202622
2026-07-09 10:00:00,2026-07-09,11,21.0,0.5476426589006969,0.2987763199999998,0.511078032062237,-0.47365521491257284,0.511078032062237,0.511078032062237,-1.2167418287544032,2.238897892878877,nominal_90,gradient_boosting,available_weather=744;climatology_fallback=0,0.786158317061517,36.884,28.996663366496993
2026-07-09 11:00:00,2026-07-09,12,22.5,0.43666191768308077,0.3618996799999998,0.3884962340990039,-0.5051763258845287,0.3884962340990039,0.3884962340990039,-1.3393236267176363,2.116316094915644,nominal_90,gradient_boosting,available_weather=744;climatology_fallback=0,0.786158317061517,31.804666666666666,25.003503221369193
2026-07-09 12:00:00,2026-07-09,13,23.8,0.3184270966813329,0.3400261099999997,0.29792369911883465,-0.5592458619811298,0.29792369911883465,0.29792369911883465,-1.4298961616978056,2.0257435599354747,nominal_90,gradient_boosting,available_weather=744;climatology_fallback=0,0.786158317061517,24.10666666666667,18.95165649662964
2026-07-09 13:00:00,2026-07-09,14,24.7,0.244152700272191,0.3594452199999995,0.2789351368314571,-0.5650641078398674,0.2789351368314571,0.2789351368314571,-1.448884723985183,2.0067549976480974,nominal_90,gradient_boosting,available_weather=744;climatology_fallback=0,0.786158317061517,25.945333333333334,20.397139588933413
2026-07-09 14:00:00,2026-07-09,15,25.3,0.19747377202922506,0.4315168299999997,0.29544148852797386,-0.7894283543995888,0.29544148852797386,0.29544148852797386,-1.4323783722886663,2.023261349344614,nominal_90,gradient_boosting,available_weather=744;climatology_fallback=0,0.786158317061517,26.921333333333333,21.164430106385453
2026-07-09 15:00:00,2026-07-09,16,25.3,0.18444031383176362,0.73434175,0.26174103818820743,-0.986348975139614,0.26174103818820743,0.26174103818820743,-1.4660788226284327,1.9895608990048477,nominal_90,gradient_boosting,available_weather=744;climatology_fallback=0,0.786158317061517,32.778666666666666,25.76922142218711
2026-07-09 16:00:00,2026-07-09,17,25.3,0.14923901228157493,0.5977810099999998,0.36241244469698153,-1.1975563886475145,0.36241244469698153,0.36241244469698153,-1.3654074161196585,2.090232305513622,nominal_90,gradient_boosting,available_weather=744;climatology_fallback=0,0.786158317061517,61.599333333333334,48.42682822544474
2026-07-09 17:00:00,2026-07-09,18,24.9,0.26202050857385684,0.4880459299999997,0.4247072313579237,-1.0437972680138672,0.4247072313579237,0.4247072313579237,-1.3031126294587165,2.152527092174564,nominal_90,gradient_boosting,available_weather=744;climatology_fallback=0,0.786158317061517,76.64433333333334,60.25458010563526
2026-07-09 18:00:00,2026-07-09,19,23.8,0.3851209354499656,0.4306525399999998,0.4838629942828238,-0.6993049957399566,0.4838629942828238,0.4838629942828238,-1.2439568665338163,2.211682855099464,nominal_90,gradient_boosting,available_weather=744;climatology_fallback=0,0.786158317061517,112.38000000000001,88.34847167137329
2026-07-09 19:00:00,2026-07-09,20,21.8,0.47626975456331866,0.58294583,0.5686285381975446,-0.5019254276735201,0.5686285381975446,0.5686285381975446,-1.1591913226190957,2.2964483990141846,nominal_90,gradient_boosting,available_weather=744;climatology_fallback=0,0.786158317061517,106.62866666666667,83.82701313718015
2026-07-09 20:00:00,2026-07-09,21,20.0,0.5695212782566801,0.5382321299999999,0.6243316679858675,-0.42165160370174865,0.6243316679858675,0.6243316679858675,-1.1034881928307727,2.3521515288025077,nominal_90,gradient_boosting,available_weather=744;climatology_fallback=0,0.786158317061517,110.325,86.73291632981186
2026-07-09 21:00:00,2026-07-09,22,18.7,0.624851124274986,0.57961047,0.6426344505880366,-0.3933051361285611,0.6426344505880366,0.6426344505880366,-1.0851854102286036,2.3704543114046768,nominal_90,gradient_boosting,available_weather=744;climatology_fallback=0,0.786158317061517,106.30433333333333,83.57203578967984
2026-07-09 22:00:00,2026-07-09,23,17.6,0.6491717284022815,0.71818751,0.6752824301432676,-0.3792536197527475,0.6752824301432676,0.6752824301432676,-1.0525374306733726,2.403102290959908,nominal_90,gradient_boosting,available_weather=744;climatology_fallback=0,0.786158317061517,103.35,81.24946206830778
2026-07-09 23:00:00,2026-07-09,24,16.3,0.673997013229563,0.6874421800000003,0.6849284343522657,-0.3999005203240001,0.6849284343522657,0.6849284343522657,-1.0428914264643745,2.412748295168906,nominal_90,gradient_boosting,available_weather=744;climatology_fallback=0,0.786158317061517,100.27566666666667,78.83254934888832
2026-07-10 00:00:00,2026-07-10,1,15.1,0.6963680074075993,0.5596487400000002,0.5215163583919786,-0.537572193937839,0.5215163583919786,0.5215163583919786,-1.2063035024246616,2.249336219208619,nominal_90,gradient_boosting,available_weather=744;climatology_fallback=0,0.786158317061517,89.09366666666666,70.04172704750644
2026-07-10 01:00:00,2026-07-10,2,14.4,0.5988848027952409,0.4350627100000001,0.4885261709423296,-0.46116908259993983,0.4885261709423296,0.4885261709423296,-1.2392936898743105,2.21634603175897,nominal_90,gradient_boosting,available_weather=744;climatology_fallback=0,0.786158317061517,86.52533333333334,68.02261043652011
2026-07-10 02:00:00,2026-07-10,3,13.2,0.5900169512989328,0.38868472999999976,0.4885261709423296,-0.37794670294452504,0.4885261709423296,0.4885261709423296,-1.2392936898743105,2.21634603175897,nominal_90,gradient_boosting,available_weather=744;climatology_fallback=0,0.786158317061517,88.941,69.92170687776839
2026-07-10 03:00:00,2026-07-10,4,12.8,0.579333625327396,0.7859294099999999,0.4713320722990799,-0.3669743220776557,0.4713320722990799,0.4713320722990799,-1.2564877885175603,2.1991519331157203,nominal_90,gradient_boosting,available_weather=744;climatology_fallback=0,0.786158317061517,84.279,66.25663680362759
2026-07-10 04:00:00,2026-07-10,5,12.4,0.5647600891727143,0.7709461999999998,0.43926542127122425,-0.3669743220776557,0.43926542127122425,0.43926542127122425,-1.288554439545416,2.1670852820878643,nominal_90,gradient_boosting,available_weather=744;climatology_fallback=0,0.786158317061517,75.898,59.66784394833501
2026-07-10 05:00:00,2026-07-10,6,12.1,0.5681461929213003,0.9252222899999996,0.4539569954634854,-0.3732496742891993,0.4539569954634854,0.4539569954634854,-1.2738628653531547,2.1817768562801256,nominal_90,gradient_boosting,available_weather=744;climatology_fallback=0,0.786158317061517,73.53,57.80622105353334
2026-07-10 06:00:00,2026-07-10,7,13.1,0.5932320731808602,1.08152638,0.5223128660469132,-0.3732496742891993,0.5223128660469132,0.5223128660469132,-1.205506994769727,2.250132726863553,nominal_90,gradient_boosting,available_weather=744;climatology_fallback=0,0.786158317061517,54.082,42.51701410332096
2026-07-10 07:00:00,2026-07-10,8,15.5,0.6389074128441645,0.8779851900000003,0.6835827743949765,-0.3732496742891993,0.6835827743949765,0.6835827743949765,-1.0442370864216637,2.4114026352116165,nominal_90,gradient_boosting,available_weather=744;climatology_fallback=0,0.786158317061517,49.40566666666667,38.84067575996895
2026-07-10 08:00:00,2026-07-10,9,17.3,0.7188913717732275,0.5444167599999996,0.5823275998117106,-0.40240192637379835,0.5823275998117106,0.5823275998117106,-1.1454922610049296,2.3101474606283507,nominal_90,gradient_boosting,available_weather=744;climatology_fallback=0,0.786158317061517,46.70933333333333,36.72093088439875
2026-07-10 09:00:00,2026-07-10,10,20.2,0.5938692163723851,0.2841107999999997,0.4622835580771839,-0.40240192637379835,0.4622835580771839,0.4622835580771839,-1.2655363027394562,2.190103418893824,nominal_90,gradient_boosting,available_weather=744;climatology_fallback=0,0.786158317061517,36.81733333333333,28.94425281202622
2026-07-10 10:00:00,2026-07-10,11,21.4,0.48984440334410373,0.31938886999999966,0.3959287753475661,-0.40240192637379835,0.3959287753475661,0.3959287753475661,-1.3318910854690742,2.123748636164206,nominal_90,gradient_boosting,available_weather=744;climatology_fallback=0,0.786158317061517,36.884,28.996663366496993
2026-07-10 11:00:00,2026-07-10,12,21.8,0.4330497562467336,0.21594785999999963,0.30152197943891434,-0.3762201074016447,0.30152197943891434,0.30152197943891434,-1.4262978813777258,2.0293418402555545,nominal_90,gradient_boosting,available_weather=744;climatology_fallback=0,0.786158317061517,31.804666666666666,25.003503221369193
2026-07-10 12:00:00,2026-07-10,13,22.4,0.3558197220927548,0.24196956999999963,0.30152197943891434,-0.3762201074016447,0.30152197943891434,0.30152197943891434,-1.4262978813777258,2.0293418402555545,nominal_90,gradient_boosting,available_weather=744;climatology_fallback=0,0.786158317061517,24.10666666666667,18.95165649662964
2026-07-10 13:00:00,2026-07-10,14,23.2,0.33662072357346595,0.2744522099999997,0.30152197943891434,-0.43704331145563496,0.30152197943891434,0.30152197943891434,-1.4262978813777258,2.0293418402555545,nominal_90,gradient_boosting,available_weather=744;climatology_fallback=0,0.786158317061517,25.945333333333334,20.397139588933413
2026-07-10 14:00:00,2026-07-10,15,23.5,0.3343982477451305,0.6711981500000002,0.2843278807956647,-0.43730324974154783,0.2843278807956647,0.2843278807956647,-1.4434919800209756,2.012147741612305,nominal_90,gradient_boosting,available_weather=744;climatology_fallback=0,0.786158317061517,26.921333333333333,21.164430106385453
2026-07-10 15:00:00,2026-07-10,16,24.3,0.32180749443037016,0.6572445900000002,0.2843278807956647,-0.3468019156265184,0.2843278807956647,0.2843278807956647,-1.4434919800209756,2.012147741612305,nominal_90,gradient_boosting,available_weather=744;climatology_fallback=0,0.786158317061517,32.778666666666666,25.76922142218711
2026-07-10 16:00:00,2026-07-10,17,24.7,0.3272946808356433,0.6609852900000004,0.3660107250170612,-0.32968402668102165,0.3660107250170612,0.3660107250170612,-1.361809135799579,2.093830585833701,nominal_90,gradient_boosting,available_weather=744;climatology_fallback=0,0.786158317061517,61.599333333333334,48.42682822544474
2026-07-10 17:00:00,2026-07-10,18,24.6,0.39224620692929607,0.38626380999999993,0.4248396508674589,-0.33964759886827517,0.4248396508674589,0.4248396508674589,-1.3029802099491814,2.152659511684099,nominal_90,gradient_boosting,available_weather=744;climatology_fallback=0,0.786158317061517,76.64433333333334,60.25458010563526
2026-07-10 18:00:00,2026-07-10,19,24.3,0.44951591953329334,0.3592614999999999,0.483995413792359,-0.28978274877258103,0.483995413792359,0.483995413792359,-1.2438244470242812,2.211815274608999,nominal_90,gradient_boosting,available_weather=744;climatology_fallback=0,0.786158317061517,112.38000000000001,88.34847167137329
2026-07-10 19:00:00,2026-07-10,20,22.8,0.5212774707084813,0.5958873099999998,0.5687609577070798,-0.2166295221723988,0.5687609577070798,0.5687609577070798,-1.1590589031095604,2.29658081852372,nominal_90,gradient_boosting,available_weather=744;climatology_fallback=0,0.786158317061517,106.62866666666667,83.82701313718015
2026-07-10 20:00:00,2026-07-10,21,20.5,0.613722684859271,0.5741317199999999,0.6244640874954027,-0.217046442619044,0.6244640874954027,0.6244640874954027,-1.1033557733212374,2.352283948312043,nominal_90,gradient_boosting,available_weather=744;climatology_fallback=0,0.786158317061517,110.325,86.73291632981186
2026-07-10 21:00:00,2026-07-10,22,18.8,0.6672223805949198,0.6007216599999999,0.6427668700975718,-0.25497223960408066,0.6427668700975718,0.6427668700975718,-1.0850529907190682,2.370586730914212,nominal_90,gradient_boosting,available_weather=744;climatology_fallback=0,0.786158317061517,106.30433333333333,83.57203578967984
2026-07-10 22:00:00,2026-07-10,23,17.8,0.6889180404621013,0.7508610900000001,0.6754148496528029,-0.2036311985154947,0.6754148496528029,0.6754148496528029,-1.0524050111638372,2.403234710469443,nominal_90,gradient_boosting,available_weather=744;climatology_fallback=0,0.786158317061517,103.35,81.24946206830778
2026-07-10 23:00:00,2026-07-10,24,16.5,0.7192725712524132,0.7140959300000003,0.6850608538618009,-0.2036311985154947,0.6850608538618009,0.6850608538618009,-1.0427590069548391,2.4128807146784412,nominal_90,gradient_boosting,available_weather=744;climatology_fallback=0,0.786158317061517,100.27566666666667,78.83254934888832
2026-07-11 00:00:00,2026-07-11,1,15.4,0.7354985967884008,0.5834357200000002,0.5216487779015139,-0.34260978893755634,0.5216487779015139,0.5216487779015139,-1.2061710829151262,2.249468638718154,nominal_90,gradient_boosting,available_weather=744;climatology_fallback=0,0.786158317061517,89.09366666666666,70.04172704750644
2026-07-11 01:00:00,2026-07-11,2,14.6,0.6344572956436361,0.42037695999999997,0.48865859045186477,-0.315711776864529,0.48865859045186477,0.48865859045186477,-1.2391612703647754,2.2164784512685047,nominal_90,gradient_boosting,available_weather=744;climatology_fallback=0,0.786158317061517,86.52533333333334,68.02261043652011
2026-07-11 02:00:00,2026-07-11,3,13.5,0.6162885201658479,0.40752174999999985,0.48865859045186477,-0.3110423863619741,0.48865859045186477,0.48865859045186477,-1.2391612703647754,2.2164784512685047,nominal_90,gradient_boosting,available_weather=744;climatology_fallback=0,0.786158317061517,88.941,69.92170687776839
2026-07-11 03:00:00,2026-07-11,4,13.4,0.5990232217672414,0.7929733099999998,0.4714644918086151,-0.3453946924541968,0.4714644918086151,0.4714644918086151,-1.2563553690080251,2.1992843526252552,nominal_90,gradient_boosting,available_weather=744;climatology_fallback=0,0.786158317061517,84.279,66.25663680362759
2026-07-11 04:00:00,2026-07-11,5,13.2,0.5803895008283084,0.7465148799999999,0.43939784078075944,-0.3907889417250689,0.43939784078075944,0.43939784078075944,-1.2884220200358807,2.1672177015973997,nominal_90,gradient_boosting,available_weather=744;climatology_fallback=0,0.786158317061517,75.898,59.66784394833501
2026-07-11 05:00:00,2026-07-11,6,12.9,0.5694189270381272,0.9686293099999997,0.4540894149730206,-0.3557704927941075,0.4540894149730206,0.4540894149730206,-1.2737304458436196,2.1819092757896605,nominal_90,gradient_boosting,available_weather=744;climatology_fallback=0,0.786158317061517,73.53,57.80622105353334
2026-07-11 06:00:00,2026-07-11,7,13.7,0.5735798175896785,1.1405687300000003,0.5480380665022831,-0.36110765490966146,0.5480380665022831,0.5480380665022831,-1.1797817943143571,2.2758579273189232,nominal_90,gradient_boosting,available_weather=744;climatology_fallback=0,0.786158317061517,54.082,42.51701410332096
2026-07-11 07:00:00,2026-07-11,8,16.4,0.6258299712425329,0.8345088000000003,0.6612310742773603,-0.36110765490966146,0.6612310742773603,0.6612310742773603,-1.0665887865392798,2.3890509350940006,nominal_90,gradient_boosting,available_weather=744;climatology_fallback=0,0.786158317061517,49.40566666666667,38.84067575996895
2026-07-11 08:00:00,2026-07-11,9,18.5,0.6820969972624964,0.43534066999999976,0.6002876525209228,-0.37118495188817086,0.6002876525209228,0.6002876525209228,-1.1275322082957175,2.328107513337563,nominal_90,gradient_boosting,available_weather=744;climatology_fallback=0,0.786158317061517,46.70933333333333,36.72093088439875
2026-07-11 09:00:00,2026-07-11,10,21.3,0.5954091825905281,0.30392324999999965,0.4814909326928087,-0.3603482125777959,0.4814909326928087,0.4814909326928087,-1.2463289281238314,2.2093107935094487,nominal_90,gradient_boosting,available_weather=744;climatology_fallback=0,0.786158317061517,36.81733333333333,28.94425281202622
2026-07-11 10:00:00,2026-07-11,11,23.9,0.47776923852758596,0.2461883599999998,0.4194650940566237,-0.3603482125777959,0.4194650940566237,0.4194650940566237,-1.3083547667600164,2.147284954873264,nominal_90,gradient_boosting,available_weather=744;climatology_fallback=0,0.786158317061517,36.884,28.996663366496993
2026-07-11 11:00:00,2026-07-11,12,26.1,0.3994116577241683,0.17398760999999993,0.3075741191749746,-0.3603482125777959,0.3075741191749746,0.3075741191749746,-1.4202457416416656,2.035393979991615,nominal_90,gradient_boosting,available_weather=744;climatology_fallback=0,0.786158317061517,31.804666666666666,25.003503221369193
2026-07-11 12:00:00,2026-07-11,13,27.6,0.30694290189797313,0.07909456999999985,0.28865217574065166,-0.37118495188817086,0.28865217574065166,0.28865217574065166,-1.4391676850759885,2.0164720365572917,nominal_90,gradient_boosting,available_weather=744;climatology_fallback=0,0.786158317061517,24.10666666666667,18.95165649662964
2026-07-11 13:00:00,2026-07-11,14,28.8,0.27810083370639016,0.2930300699999997,0.25966000056870436,-0.36328176607412715,0.25966000056870436,0.25966000056870436,-1.4681598602479358,1.9874798613853446,nominal_90,gradient_boosting,available_weather=744;climatology_fallback=0,0.786158317061517,25.945333333333334,20.397139588933413
2026-07-11 14:00:00,2026-07-11,15,30.0,0.240345629810579,0.29725339,0.18637417572835968,-0.3450031329160172,0.18637417572835968,0.18637417572835968,-1.5414456850882805,1.9141940365449999,nominal_90,gradient_boosting,available_weather=744;climatology_fallback=0,0.786158317061517,26.921333333333333,21.164430106385453
2026-07-11 15:00:00,2026-07-11,16,30.3,0.18896143336943347,-0.04202528000000002,0.10908565988930435,-0.3450031329160172,0.10908565988930435,0.10908565988930435,-1.6187342009273358,1.8369055207059446,nominal_90,gradient_boosting,available_weather=744;climatology_fallback=0,0.786158317061517,32.778666666666666,25.76922142218711
2026-07-11 16:00:00,2026-07-11,17,30.6,0.13559519706790524,-0.06560173000000001,0.04995024823909122,-0.3372196528459183,0.04995024823909122,0.04995024823909122,-1.677869612577549,1.7777701090557314,nominal_90,gradient_boosting,available_weather=744;climatology_fallback=0,0.786158317061517,61.599333333333334,48.42682822544474
2026-07-11 17:00:00,2026-07-11,18,30.4,0.09060304313382062,-0.007606450000000063,0.11240913676153125,-0.3430943811932993,0.11240913676153125,0.11240913676153125,-1.615410724055109,1.8402289975781714,nominal_90,gradient_boosting,available_weather=744;climatology_fallback=0,0.786158317061517,76.64433333333334,60.25458010563526
2026-07-11 18:00:00,2026-07-11,19,29.4,0.12860993262856268,0.19927956000000002,0.32101575668984583,-0.4372833907760589,0.32101575668984583,0.32101575668984583,-1.4068041041267945,2.048835617506486,nominal_90,gradient_boosting,available_weather=744;climatology_fallback=0,0.786158317061517,112.38000000000001,88.34847167137329
2026-07-11 19:00:00,2026-07-11,20,28.2,0.33989943360574454,0.1691715599999999,0.3959814041437975,-0.16043152980717557,0.3959814041437975,0.3959814041437975,-1.3318384566728427,2.123801264960438,nominal_90,gradient_boosting,available_weather=744;climatology_fallback=0,0.786158317061517,106.62866666666667,83.82701313718015
2026-07-11 20:00:00,2026-07-11,21,25.1,0.4650523204733912,0.4338679,0.462455921665109,0.03594968503049676,0.462455921665109,0.462455921665109,-1.2653639391515312,2.1902757824817494,nominal_90,gradient_boosting,available_weather=744;climatology_fallback=0,0.786158317061517,110.325,86.73291632981186
2026-07-11 21:00:00,2026-07-11,22,23.5,0.5271078557544508,0.44129531,0.5039837209975241,0.13415920819632865,0.5039837209975241,0.5039837209975241,-1.2238361398191162,2.231803581814164,nominal_90,gradient_boosting,available_weather=744;climatology_fallback=0,0.786158317061517,106.30433333333333,83.57203578967984
2026-07-11 22:00:00,2026-07-11,23,22.5,0.5667261815910788,0.47470344999999986,0.5360503720253798,0.16761364645458626,0.5360503720253798,0.5360503720253798,-1.1917694887912604,2.26387023284202,nominal_90,gradient_boosting,available_weather=744;climatology_fallback=0,0.786158317061517,103.35,81.24946206830778
2026-07-11 23:00:00,2026-07-11,24,20.9,0.6034593437765912,0.8802103000000001,0.5868510724087296,0.17814041002346895,0.5868510724087296,0.5868510724087296,-1.1409687884079105,2.31467093322537,nominal_90,gradient_boosting,available_weather=744;climatology_fallback=0,0.786158317061517,100.27566666666667,78.83254934888832
2026-07-12 00:00:00,2026-07-12,1,19.5,0.636942038062986,0.59477311,0.5282517564385233,-0.1089810533738491,0.5282517564385233,0.5282517564385233,-1.199568104378117,2.2560716172551634,nominal_90,gradient_boosting,available_weather=744;climatology_fallback=0,0.786158317061517,89.09366666666666,70.04172704750644
2026-07-12 01:00:00,2026-07-12,2,18.6,0.6138451209127798,0.9864309400000002,0.5165115406617884,0.02476064392561734,0.5165115406617884,0.5165115406617884,-1.2113083201548518,2.2443314014784286,nominal_90,gradient_boosting,available_weather=744;climatology_fallback=0,0.786158317061517,86.52533333333334,68.02261043652011
2026-07-12 02:00:00,2026-07-12,3,16.8,0.6314764992295193,1.0723994200000009,0.7412562360282977,0.09529345453178113,0.7412562360282977,0.7412562360282977,-0.9865636247883425,2.4690760968449377,nominal_90,gradient_boosting,available_weather=744;climatology_fallback=0,0.786158317061517,88.941,69.92170687776839
2026-07-12 03:00:00,2026-07-12,4,16.5,0.7959306884176502,0.5884134,0.778495642309154,0.08455237282249019,0.778495642309154,0.778495642309154,-0.9493242185074862,2.506315503125794,nominal_90,gradient_boosting,available_weather=744;climatology_fallback=0,0.786158317061517,84.279,66.25663680362759
2026-07-12 04:00:00,2026-07-12,5,16.2,0.8687605219357551,0.5716569100000001,0.778495642309154,0.40136998133479795,0.778495642309154,0.778495642309154,-0.9493242185074862,2.506315503125794,nominal_90,gradient_boosting,available_weather=744;climatology_fallback=0,0.786158317061517,75.898,59.66784394833501
2026-07-12 05:00:00,2026-07-12,6,15.9,0.8618319796974729,1.3113118000000015,0.9932638216142881,0.4472724797351995,0.9932638216142881,0.9932638216142881,-0.7345560392023521,2.7210836824309284,nominal_90,gradient_boosting,available_weather=744;climatology_fallback=0,0.786158317061517,73.53,57.80622105353334
2026-07-12 06:00:00,2026-07-12,7,16.8,1.0181527998905768,1.308712200000001,1.1944633108987162,0.4367537992585423,1.1944633108987162,1.1944633108987162,-0.533356549917924,2.9222831717153563,nominal_90,gradient_boosting,available_weather=744;climatology_fallback=0,0.786158317061517,54.082,42.51701410332096
2026-07-12 07:00:00,2026-07-12,8,18.8,1.3539115296413,1.5801075200000003,1.632965164900316,2.1627370153519228,1.632965164900316,1.632965164900316,-0.09485469591632412,3.3607850257169565,nominal_90,gradient_boosting,available_weather=744;climatology_fallback=0,0.786158317061517,49.40566666666667,38.84067575996895
2026-07-12 08:00:00,2026-07-12,9,20.0,1.551003994409596,1.3924714499999993,1.5717866822512039,1.2837123615170567,1.5717866822512039,1.5717866822512039,-0.1560331785654363,3.299606543067844,nominal_90,gradient_boosting,available_weather=744;climatology_fallback=0,0.786158317061517,46.70933333333333,36.72093088439875
2026-07-12 09:00:00,2026-07-12,10,22.7,1.5336443521931107,1.6094881099999987,1.595508248563295,1.9054827258895182,1.595508248563295,1.595508248563295,-0.1323116122533452,3.3233281093799354,nominal_90,gradient_boosting,available_weather=744;climatology_fallback=0,0.786158317061517,36.81733333333333,28.94425281202622
2026-07-12 10:00:00,2026-07-12,11,25.2,1.4740333219676518,1.6263932299999988,1.7024113675789059,1.9052510463434646,1.7024113675789059,1.7024113675789059,-0.02540849323773431,3.430231228395546,nominal_90,gradient_boosting,available_weather=744;climatology_fallback=0,0.786158317061517,36.884,28.996663366496993
2026-07-12 11:00:00,2026-07-12,12,27.0,1.5190267862031048,1.6330350599999988,1.6832428900894765,1.8517540504460315,1.6832428900894765,1.6832428900894765,-0.04457697072716371,3.4110627509061167,nominal_90,gradient_boosting,available_weather=744;climatology_fallback=0,0.786158317061517,31.804666666666666,25.003503221369193
2026-07-12 12:00:00,2026-07-12,13,22.7,1.5809889485440705,1.6294583799999984,1.666009170657108,1.8542078606451127,1.666009170657108,1.666009170657108,-0.06181069015953211,3.3938290314737483,nominal_90,gradient_boosting,available_weather=744;climatology_fallback=0,0.786158317061517,24.10666666666667,18.95165649662964
2026-07-12 13:00:00,2026-07-12,14,24.6,1.5399231807265579,1.6229140099999986,1.7438331670044034,1.8542078606451127,1.7438331670044034,1.7438331670044034,0.0160133061877632,3.4716530278210436,nominal_90,gradient_boosting,available_weather=744;climatology_fallback=0,0.786158317061517,25.945333333333334,20.397139588933413
2026-07-12 14:00:00,2026-07-12,15,26.0,1.5788869054343773,1.6407969799999993,1.6614818389869186,1.8621110464591561,1.6614818389869186,1.6614818389869186,-0.0663380218297216,3.3893016998035588,nominal_90,gradient_boosting,available_weather=744;climatology_fallback=0,0.786158317061517,26.921333333333333,21.164430106385453
2026-07-12 15:00:00,2026-07-12,16,27.4,1.492478969439109,1.5580005699999986,1.7240812128231409,1.7209751407099763,1.7240812128231409,1.7240812128231409,-0.003738647993499322,3.451901073639781,nominal_90,gradient_boosting,available_weather=744;climatology_fallback=0,0.786158317061517,32.778666666666666,25.76922142218711
2026-07-12 16:00:00,2026-07-12,17,26.4,1.4674638031633798,0.9067774399999994,0.9016410692253289,0.9974207629119364,0.9016410692253289,0.9016410692253289,-0.8261787915913112,2.629460930041969,nominal_90,gradient_boosting,available_weather=744;climatology_fallback=0,0.786158317061517,61.599333333333334,48.42682822544474
2026-07-12 17:00:00,2026-07-12,18,23.3,1.0035150848911805,0.6484946799999995,0.6922648988513087,0.8674871238974018,0.6922648988513087,0.6922648988513087,-1.0355549619653315,2.420084759667949,nominal_90,gradient_boosting,available_weather=744;climatology_fallback=0,0.786158317061517,76.64433333333334,60.25458010563526
2026-07-12 18:00:00,2026-07-12,19,21.7,0.837164655091766,0.7501929599999998,0.753672995208465,0.48673458959890686,0.753672995208465,0.753672995208465,-0.9741468656081752,2.4814928560251053,nominal_90,gradient_boosting,available_weather=744;climatology_fallback=0,0.786158317061517,112.38000000000001,88.34847167137329
2026-07-12 19:00:00,2026-07-12,20,21.3,0.8295244825100695,0.7496122600000004,0.7475065528989506,0.37791279451852444,0.7475065528989506,0.7475065528989506,-0.9803133079176896,2.4753264137155906,nominal_90,gradient_boosting,available_weather=744;climatology_fallback=0,0.786158317061517,106.62866666666667,83.82701313718015
2026-07-12 20:00:00,2026-07-12,21,20.5,0.8167953048952801,0.7185499800000003,0.8288014671504264,0.1986329294549384,0.8288014671504264,0.8288014671504264,-0.8990183936662138,2.5566213279670666,nominal_90,gradient_boosting,available_weather=744;climatology_fallback=0,0.786158317061517,110.325,86.73291632981186
2026-07-12 21:00:00,2026-07-12,22,19.5,0.8856321929507693,0.6411529999999999,0.5997616792295244,0.18691038925718093,0.5997616792295244,0.5997616792295244,-1.1280581815871158,2.3275815400461646,nominal_90,gradient_boosting,available_weather=744;climatology_fallback=0,0.786158317061517,106.30433333333333,83.57203578967984
2026-07-12 22:00:00,2026-07-12,23,18.7,0.7476879706411121,0.50742441,0.45623331682475254,0.20620724583527447,0.45623331682475254,0.45623331682475254,-1.2715865439918876,2.1840531776413927,nominal_90,gradient_boosting,available_weather=744;climatology_fallback=0,0.786158317061517,103.35,81.24946206830778
2026-07-12 23:00:00,2026-07-12,24,17.8,0.6495318166766222,0.3191716199999999,0.29552456884833267,0.1855603452640219,0.29552456884833267,0.29552456884833267,-1.4322952919683076,2.0233444296649727,nominal_90,gradient_boosting,available_weather=744;climatology_fallback=0,0.786158317061517,100.27566666666667,78.83254934888832
2026-07-13 00:00:00,2026-07-13,1,17.1,0.3032899505087159,0.23180203000000002,0.13747057145996036,-0.02794559030198347,0.13747057145996036,0.13747057145996036,-1.5903492893566797,1.8652904322766006,nominal_90,gradient_boosting,available_weather=744;climatology_fallback=0,0.786158317061517,89.09366666666666,70.04172704750644
2026-07-13 01:00:00,2026-07-13,2,16.4,0.19175807671274142,0.13991076999999996,0.17640944011868884,0.041474536578654124,0.17640944011868884,0.17640944011868884,-1.5514104206979513,1.904229300935329,nominal_90,gradient_boosting,available_weather=744;climatology_fallback=0,0.786158317061517,86.52533333333334,68.02261043652011
2026-07-13 02:00:00,2026-07-13,3,15.5,0.22765736060393454,0.11198828,0.1798622420466918,0.041474536578654124,0.1798622420466918,0.1798622420466918,-1.5479576187699484,1.907682102863332,nominal_90,gradient_boosting,available_weather=744;climatology_fallback=0,0.786158317061517,88.941,69.92170687776839
2026-07-13 03:00:00,2026-07-13,4,15.4,0.22012912418049105,0.12616528999999993,0.10111106907534534,0.041474536578654124,0.10111106907534534,0.10111106907534534,-1.6267087917412948,1.8289309298919856,nominal_90,gradient_boosting,available_weather=744;climatology_fallback=0,0.786158317061517,84.279,66.25663680362759
2026-07-13 04:00:00,2026-07-13,5,15.0,0.16329619049432043,0.11237736999999992,0.12175796964659791,0.04669335996801029,0.12175796964659791,0.12175796964659791,-1.6060618911700422,1.8495778304632382,nominal_90,gradient_boosting,available_weather=744;climatology_fallback=0,0.786158317061517,75.898,59.66784394833501
2026-07-13 05:00:00,2026-07-13,6,14.7,0.19498005184509246,0.15891671999999993,0.1536792122394019,0.07861460256081426,0.1536792122394019,0.1536792122394019,-1.5741406485772382,1.8814990730560421,nominal_90,gradient_boosting,available_weather=744;climatology_fallback=0,0.786158317061517,73.53,57.80622105353334
2026-07-13 06:00:00,2026-07-13,7,15.2,0.22699272654805522,0.17167731000000003,0.13303231166814933,0.10319261833090726,0.13303231166814933,0.13303231166814933,-1.5947875491484909,1.8608521724847895,nominal_90,gradient_boosting,available_weather=744;climatology_fallback=0,0.786158317061517,54.082,42.51701410332096
2026-07-13 07:00:00,2026-07-13,8,16.7,0.23236552469018867,0.17041505000000007,0.11416473981644651,0.13502827351555066,0.11416473981644651,0.11416473981644651,-1.6136551210001937,1.8419846006330867,nominal_90,gradient_boosting,available_weather=744;climatology_fallback=0,0.786158317061517,49.40566666666667,38.84067575996895
2026-07-13 08:00:00,2026-07-13,9,18.8,0.17117857625317062,0.1427947300000001,-0.04641809225829589,0.03941205930682025,-0.04641809225829589,-0.04641809225829589,-1.7742379530749361,1.6814017685583442,nominal_90,gradient_boosting,available_weather=744;climatology_fallback=0,0.786158317061517,46.70933333333333,36.72093088439875
2026-07-13 09:00:00,2026-07-13,10,21.0,0.04246540864264331,0.02639279000000015,0.038410904581290345,0.05927443828039448,0.038410904581290345,0.038410904581290345,-1.6894089562353498,1.7662307653979306,nominal_90,gradient_boosting,available_weather=744;climatology_fallback=0,0.786158317061517,36.81733333333333,28.94425281202622
2026-07-13 10:00:00,2026-07-13,11,22.5,0.08454303194860835,0.04028763000000012,0.12372578833230752,0.05927443828039448,0.12372578833230752,0.12372578833230752,-1.6040940724843327,1.8515456491489477,nominal_90,gradient_boosting,available_weather=744;climatology_fallback=0,0.786158317061517,36.884,28.996663366496993
2026-07-13 11:00:00,2026-07-13,12,23.8,0.14039390518884903,0.05071285000000009,0.1483038041024005,0.0732391944238128,0.1483038041024005,0.1483038041024005,-1.5795160567142397,1.8761236649190407,nominal_90,gradient_boosting,available_weather=744;climatology_fallback=0,0.786158317061517,31.804666666666666,25.003503221369193
2026-07-13 12:00:00,2026-07-13,13,25.1,0.14421955532198072,0.16844045000000016,0.06298892035138326,0.0732391944238128,0.06298892035138326,0.06298892035138326,-1.664830940465257,1.7908087811680233,nominal_90,gradient_boosting,available_weather=744;climatology_fallback=0,0.786158317061517,24.10666666666667,18.95165649662964
2026-07-13 13:00:00,2026-07-13,14,26.0,0.08558469617602776,0.0474032900000002,0.1027997871482346,0.0732391944238128,0.1027997871482346,0.1027997871482346,-1.6250200736684055,1.8306196479648749,nominal_90,gradient_boosting,available_weather=744;climatology_fallback=0,0.786158317061517,25.945333333333334,20.397139588933413
2026-07-13 14:00:00,2026-07-13,15,25.9,0.11433744775889576,0.20838245000000036,0.028654641997275722,0.0732391944238128,0.028654641997275722,0.028654641997275722,-1.6991652188193644,1.756474502813916,nominal_90,gradient_boosting,available_weather=744;climatology_fallback=0,0.786158317061517,26.921333333333333,21.164430106385453
2026-07-13 15:00:00,2026-07-13,16,26.1,0.07737929282708059,0.11433129000000009,0.12358086597334277,0.04719382068070739,0.12358086597334277,0.12358086597334277,-1.6042389948432974,1.851400726789983,nominal_90,gradient_boosting,available_weather=744;climatology_fallback=0,0.786158317061517,32.778666666666666,25.76922142218711
2026-07-13 16:00:00,2026-07-13,17,26.2,0.09304503720663387,0.08674483000000009,0.14732213256136864,0.17040842209469584,0.14732213256136864,0.14732213256136864,-1.5804977282552715,1.875141993378009,nominal_90,gradient_boosting,available_weather=744;climatology_fallback=0,0.786158317061517,61.599333333333334,48.42682822544474
2026-07-13 17:00:00,2026-07-13,18,25.9,0.10231984465906907,0.3049655700000001,0.2211905950695854,0.17711191157447767,0.2211905950695854,0.2211905950695854,-1.5066292657470548,1.9490104558862256,nominal_90,gradient_boosting,available_weather=744;climatology_fallback=0,0.786158317061517,76.64433333333334,60.25458010563526
2026-07-13 18:00:00,2026-07-13,19,24.1,0.1871312606648905,0.38245270999999986,0.3562922505936045,0.24427509053106103,0.3562922505936045,0.3562922505936045,-1.3715276102230356,2.0841121114102448,nominal_90,gradient_boosting,available_weather=744;climatology_fallback=0,0.786158317061517,112.38000000000001,88.34847167137329
2026-07-13 19:00:00,2026-07-13,20,22.1,0.32615977599022944,0.42668009999999995,0.3402876074502989,0.331747359281639,0.3402876074502989,0.3402876074502989,-1.3875322533663412,2.068107468266939,nominal_90,gradient_boosting,available_weather=744;climatology_fallback=0,0.786158317061517,106.62866666666667,83.82701313718015
2026-07-13 20:00:00,2026-07-13,21,20.6,0.3350313522328045,0.3848346199999999,0.31575166062943516,0.2798086656829548,0.31575166062943516,0.31575166062943516,-1.4120682001872051,2.0435715214460752,nominal_90,gradient_boosting,available_weather=744;climatology_fallback=0,0.786158317061517,110.325,86.73291632981186
2026-07-13 21:00:00,2026-07-13,22,19.5,0.29766152614221175,0.82646872,0.22477790357883268,0.257795980203992,0.22477790357883268,0.22477790357883268,-1.5030419572378075,1.9525977643954728,nominal_90,gradient_boosting,available_weather=744;climatology_fallback=0,0.786158317061517,106.30433333333333,83.57203578967984
2026-07-13 22:00:00,2026-07-13,23,18.6,0.23836322459017265,0.3844082599999999,0.18746489469844138,0.30859668058734174,0.18746489469844138,0.18746489469844138,-1.5403549661181988,1.9152847555150816,nominal_90,gradient_boosting,available_weather=744;climatology_fallback=0,0.786158317061517,103.35,81.24946206830778
2026-07-13 23:00:00,2026-07-13,24,17.8,0.1901174240972187,0.2799653499999998,0.19091769662644434,0.2406018815607423,0.19091769662644434,0.19091769662644434,-1.5369021641901959,1.9187375574430845,nominal_90,gradient_boosting,available_weather=744;climatology_fallback=0,0.786158317061517,100.27566666666667,78.83254934888832
2026-07-14 00:00:00,2026-07-14,1,17.2,0.20479620802820833,0.3334279999999998,0.12070189489874414,0.24839013322113654,0.12070189489874414,0.12070189489874414,-1.607117965917896,1.8485217557153844,nominal_90,gradient_boosting,available_weather=744;climatology_fallback=0,0.786158317061517,89.09366666666666,70.04172704750644
2026-07-14 01:00:00,2026-07-14,2,16.6,0.24822375577997363,0.3187530799999998,0.1338518296573702,0.990852637579656,0.1338518296573702,0.1338518296573702,-1.59396803115927,1.8616716904740103,nominal_90,gradient_boosting,available_weather=744;climatology_fallback=0,0.786158317061517,86.52533333333334,68.02261043652011
2026-07-14 02:00:00,2026-07-14,3,15.5,0.25600079993964253,0.2872845499999997,0.23930400051281084,0.9238164870103173,0.23930400051281084,0.23930400051281084,-1.4885158603038293,1.967123861329451,nominal_90,gradient_boosting,available_weather=744;climatology_fallback=0,0.786158317061517,88.941,69.92170687776839
2026-07-14 03:00:00,2026-07-14,4,14.8,0.31332868577584927,0.27125308999999986,0.28153507829520136,0.7383501215475665,0.28153507829520136,0.28153507829520136,-1.4462847825214389,2.0093549391118417,nominal_90,gradient_boosting,available_weather=744;climatology_fallback=0,0.786158317061517,84.279,66.25663680362759
2026-07-14 04:00:00,2026-07-14,5,14.4,0.350324398328004,0.2922303199999999,0.2839771424408156,0.6846299842238377,0.2839771424408156,0.2839771424408156,-1.4438427183758247,2.0117970032574557,nominal_90,gradient_boosting,available_weather=744;climatology_fallback=0,0.786158317061517,75.898,59.66784394833501
2026-07-14 05:00:00,2026-07-14,6,14.1,0.3827877862117529,0.5601365099999996,0.45008160219396065,0.9402703249503177,0.45008160219396065,0.45008160219396065,-1.2777382586226795,2.177901463010601,nominal_90,gradient_boosting,available_weather=744;climatology_fallback=0,0.786158317061517,73.53,57.80622105353334
2026-07-14 06:00:00,2026-07-14,7,14.8,0.4988857210939319,0.5945082199999998,0.4910074727756542,0.9662066028186969,0.4910074727756542,0.4910074727756542,-1.236812388040986,2.2188273335922943,nominal_90,gradient_boosting,available_weather=744;climatology_fallback=0,0.786158317061517,54.082,42.51701410332096
2026-07-14 07:00:00,2026-07-14,8,16.9,0.4998746394282009,0.78767666,0.6471612662332513,0.9116756358050896,0.6471612662332513,0.6471612662332513,-1.0806585945833889,2.3749811270498915,nominal_90,gradient_boosting,available_weather=744;climatology_fallback=0,0.786158317061517,49.40566666666667,38.84067575996895
2026-07-14 08:00:00,2026-07-14,9,18.7,0.5245866193173311,0.3742593399999998,0.5333732123159378,0.5169960963038525,0.5333732123159378,0.5333732123159378,-1.1944466485007024,2.261193073132578,nominal_90,gradient_boosting,available_weather=744;climatology_fallback=0,0.786158317061517,46.70933333333333,36.72093088439875
2026-07-14 09:00:00,2026-07-14,10,21.4,0.40657126646758235,0.2573442399999998,0.34283499111971427,0.3185482372199502,0.34283499111971427,0.34283499111971427,-1.3849848696969258,2.0706548519363546,nominal_90,gradient_boosting,available_weather=744;climatology_fallback=0,0.786158317061517,36.81733333333333,28.94425281202622
2026-07-14 10:00:00,2026-07-14,11,23.0,0.2611395222139006,0.16935418999999993,0.27495300716805576,0.21829952500957445,0.27495300716805576,0.27495300716805576,-1.4528668536485845,2.002772867984696,nominal_90,gradient_boosting,available_weather=744;climatology_fallback=0,0.786158317061517,36.884,28.996663366496993
2026-07-14 11:00:00,2026-07-14,12,24.6,0.18861225166047346,0.21388263,0.28285619298209946,0.15892145925503767,0.28285619298209946,0.28285619298209946,-1.4449636678345408,2.01067605379874,nominal_90,gradient_boosting,available_weather=744;climatology_fallback=0,0.786158317061517,31.804666666666666,25.003503221369193
2026-07-14 12:00:00,2026-07-14,13,25.5,0.15431939665887484,0.6070567299999996,0.3067651452640279,0.010310850717067992,0.3067651452640279,0.3067651452640279,-1.4210547155526123,2.0345850060806683,nominal_90,gradient_boosting,available_weather=744;climatology_fallback=0,0.786158317061517,24.10666666666667,18.95165649662964
2026-07-14 13:00:00,2026-07-14,14,25.4,0.19096228684493888,0.61093071,0.23877034623742857,0.05933786434816268,0.23877034623742857,0.23877034623742857,-1.4890495145792115,1.9665902070540688,nominal_90,gradient_boosting,available_weather=744;climatology_fallback=0,0.786158317061517,25.945333333333334,20.397139588933413
2026-07-14 14:00:00,2026-07-14,15,26.9,0.13856788753514826,0.07229881000000005,0.12345676397379325,0.17488157224653791,0.12345676397379325,0.12345676397379325,-1.6043630968428468,1.8512766247904335,nominal_90,gradient_boosting,available_weather=744;climatology_fallback=0,0.786158317061517,26.921333333333333,21.164430106385453
2026-07-14 15:00:00,2026-07-14,16,26.8,0.08354197511497236,-0.07272740999999999,-0.05156728805060881,0.2203855892007037,-0.05156728805060881,-0.05156728805060881,-1.779387148867249,1.6762525727660313,nominal_90,gradient_boosting,available_weather=744;climatology_fallback=0,0.786158317061517,32.778666666666666,25.76922142218711
2026-07-14 16:00:00,2026-07-14,17,27.1,-0.04656358082513373,-0.14734144999999993,0.2356404598686208,0.11787828654585035,0.2356404598686208,0.2356404598686208,-1.4921794009480194,1.963460320685261,nominal_90,gradient_boosting,available_weather=744;climatology_fallback=0,0.786158317061517,61.599333333333334,48.42682822544474
2026-07-14 17:00:00,2026-07-14,18,27.1,0.18589169059272845,0.020302740000000062,0.32572696833403153,0.3967089143696451,0.32572696833403153,0.32572696833403153,-1.4020928924826086,2.0535468291506715,nominal_90,gradient_boosting,available_weather=744;climatology_fallback=0,0.786158317061517,76.64433333333334,60.25458010563526
2026-07-14 18:00:00,2026-07-14,19,26.8,0.2901997870662124,0.09263972,0.17182251082412106,0.4411379002778991,0.17182251082412106,0.17182251082412106,-1.555997349992519,1.8996423716407613,nominal_90,gradient_boosting,available_weather=744;climatology_fallback=0,0.786158317061517,112.38000000000001,88.34847167137329
2026-07-14 19:00:00,2026-07-14,20,25.4,0.17233927328694637,0.38502715999999987,0.36436548314687217,0.39502581970250034,0.36436548314687217,0.36436548314687217,-1.363454377669768,2.0921853439635125,nominal_90,gradient_boosting,available_weather=744;climatology_fallback=0,0.786158317061517,106.62866666666667,83.82701313718015
2026-07-14 20:00:00,2026-07-14,21,23.4,0.3152134604131184,0.37966652,0.43149787420862024,0.3633267725543174,0.43149787420862024,0.43149787420862024,-1.29632198660802,2.1593177350252604,nominal_90,gradient_boosting,available_weather=744;climatology_fallback=0,0.786158317061517,110.325,86.73291632981186
2026-07-14 21:00:00,2026-07-14,22,22.6,0.36604765876354495,0.36443364,0.35079955306272,0.30674121279021416,0.35079955306272,0.35079955306272,-1.3770203077539203,2.0786194138793603,nominal_90,gradient_boosting,available_weather=744;climatology_fallback=0,0.786158317061517,106.30433333333333,83.57203578967984
2026-07-14 22:00:00,2026-07-14,23,21.5,0.30108310525121784,0.38327294999999995,0.35079955306272,0.30674121279021416,0.35079955306272,0.35079955306272,-1.3770203077539203,2.0786194138793603,nominal_90,gradient_boosting,available_weather=744;climatology_fallback=0,0.786158317061517,103.35,81.24946206830778
2026-07-14 23:00:00,2026-07-14,24,20.0,0.3055654328225019,0.2775936799999997,0.35079955306272,0.25835347319603374,0.35079955306272,0.35079955306272,-1.3770203077539203,2.0786194138793603,nominal_90,gradient_boosting,available_weather=744;climatology_fallback=0,0.786158317061517,100.27566666666667,78.83254934888832
2026-07-15 00:00:00,2026-07-15,1,19.0,0.3338764755849495,0.78036825,0.30025372293534225,0.2561953826628364,0.30025372293534225,0.30025372293534225,-1.427566137881298,2.0280735837519823,nominal_90,gradient_boosting,available_weather=744;climatology_fallback=0,0.786158317061517,89.09366666666666,70.04172704750644
2026-07-15 01:00:00,2026-07-15,2,18.3,0.3149646868604785,0.8240528399999999,0.3595216365051608,0.31546329623265496,0.3595216365051608,0.3595216365051608,-1.3682982243114794,2.087341497321801,nominal_90,gradient_boosting,available_weather=744;climatology_fallback=0,0.786158317061517,86.52533333333334,68.02261043652011
2026-07-15 02:00:00,2026-07-15,3,17.1,0.3863641803663379,0.6616935499999996,0.3317938563647745,0.38345809525925434,0.3317938563647745,0.3317938563647745,-1.3960260044518658,2.059613717181415,nominal_90,gradient_boosting,available_weather=744;climatology_fallback=0,0.786158317061517,88.941,69.92170687776839
2026-07-15 03:00:00,2026-07-15,4,17.3,0.36359980487800214,0.7790822999999998,0.36298749731570523,0.3326573948759046,0.36298749731570523,0.36298749731570523,-1.364832363500935,2.0908073581323454,nominal_90,gradient_boosting,available_weather=744;climatology_fallback=0,0.786158317061517,84.279,66.25663680362759
2026-07-15 04:00:00,2026-07-15,5,17.1,0.389626615122719,0.72008292,0.36298749731570523,0.38345809525925434,0.36298749731570523,0.36298749731570523,-1.364832363500935,2.0908073581323454,nominal_90,gradient_boosting,available_weather=744;climatology_fallback=0,0.786158317061517,75.898,59.66784394833501
2026-07-15 05:00:00,2026-07-15,6,16.7,0.42393682427640145,0.9182266,0.4255459875697001,0.45336551397872793,0.4255459875697001,0.4255459875697001,-1.30227387324694,2.1533658483863403,nominal_90,gradient_boosting,available_weather=744;climatology_fallback=0,0.786158317061517,73.53,57.80622105353334
2026-07-15 06:00:00,2026-07-15,7,17.6,0.4739835551355208,0.9156223800000001,0.5218656631709603,0.538915483205405,0.5218656631709603,0.5218656631709603,-1.20595419764568,2.2496855239876004,nominal_90,gradient_boosting,available_weather=744;climatology_fallback=0,0.786158317061517,54.082,42.51701410332096
2026-07-15 07:00:00,2026-07-15,8,20.1,0.550101918560749,0.8773107,0.6834966430758518,0.6829912929102189,0.6834966430758518,0.6834966430758518,-1.0443232177407884,2.411316503892492,nominal_90,gradient_boosting,available_weather=744;climatology_fallback=0,0.786158317061517,49.40566666666667,38.84067575996895
2026-07-15 08:00:00,2026-07-15,9,21.9,0.6314957426458485,0.46541728999999976,0.6005584710273137,0.5817361183269529,0.6005584710273137,0.6005584710273137,-1.1272613897893264,2.328378331843954,nominal_90,gradient_boosting,available_weather=744;climatology_fallback=0,0.786158317061517,46.70933333333333,36.72093088439875
2026-07-15 09:00:00,2026-07-15,10,24.4,0.5120452308347561,0.28218142999999973,0.3691542887412537,0.4616920765924265,0.3691542887412537,0.3691542887412537,-1.3586655720753864,2.096974149557894,nominal_90,gradient_boosting,available_weather=744;climatology_fallback=0,0.786158317061517,36.81733333333333,28.94425281202622
2026-07-15 10:00:00,2026-07-15,11,26.8,0.30957686701123277,0.06435103999999985,0.13292487621540683,0.3447874263863884,0.13292487621540683,0.13292487621540683,-1.5948949846012335,1.860744737032047,nominal_90,gradient_boosting,available_weather=744;climatology_fallback=0,0.786158317061517,36.884,28.996663366496993
2026-07-15 11:00:00,2026-07-15,12,28.7,0.11449537264910703,-0.04660322999999994,0.13144422098826744,0.23639528365777773,0.13144422098826744,0.13144422098826744,-1.5963756398283728,1.8592640818049075,nominal_90,gradient_boosting,available_weather=744;climatology_fallback=0,0.786158317061517,31.804666666666666,25.003503221369193
2026-07-15 12:00:00,2026-07-15,13,30.1,0.0721398179459885,-0.013874780000000024,0.0724043607071082,0.13018211727430762,0.0724043607071082,0.0724043607071082,-1.655415500109532,1.8002242215237483,nominal_90,gradient_boosting,available_weather=744;climatology_fallback=0,0.786158317061517,24.10666666666667,18.95165649662964
2026-07-15 13:00:00,2026-07-15,14,30.9,0.00465559411667682,0.03529029,0.06990835585975715,0.09547610688530185,0.06990835585975715,0.06990835585975715,-1.657911504956883,1.7977282166763973,nominal_90,gradient_boosting,available_weather=744;climatology_fallback=0,0.786158317061517,25.945333333333334,20.397139588933413
2026-07-15 14:00:00,2026-07-15,15,32.5,-0.030013154114287455,-0.006433140000000024,0.021768380818754166,0.10318166588680704,0.021768380818754166,0.021768380818754166,-1.706051479997886,1.7495882416353943,nominal_90,gradient_boosting,available_weather=744;climatology_fallback=0,0.786158317061517,26.921333333333333,21.164430106385453
2026-07-15 15:00:00,2026-07-15,16,31.7,-0.07053093013357858,-0.07957747999999994,-0.060621593629277576,0.07201185243222616,-0.060621593629277576,-0.060621593629277576,-1.7884414544459177,1.6671982671873626,nominal_90,gradient_boosting,available_weather=744;climatology_fallback=0,0.786158317061517,32.778666666666666,25.76922142218711
2026-07-15 16:00:00,2026-07-15,17,29.5,-0.05719361276335172,-0.13399645000000002,0.20535397069817077,0.12841518777732186,0.20535397069817077,0.20535397069817077,-1.5224658901184693,1.933173831514811,nominal_90,gradient_boosting,available_weather=744;climatology_fallback=0,0.786158317061517,61.599333333333334,48.42682822544474
2026-07-15 17:00:00,2026-07-15,18,29.7,0.15672124186668646,-0.03158213999999995,0.31141242530774366,0.3046373643221897,0.31141242530774366,0.31141242530774366,-1.4164074355088965,2.039232286124384,nominal_90,gradient_boosting,available_weather=744;climatology_fallback=0,0.786158317061517,76.64433333333334,60.25458010563526
2026-07-15 18:00:00,2026-07-15,19,28.2,0.27574966031569614,0.11170270999999998,0.4256504432089138,0.5014847507710679,0.4256504432089138,0.4256504432089138,-1.3021694176077263,2.153470304025554,nominal_90,gradient_boosting,available_weather=744;climatology_fallback=0,0.786158317061517,112.38000000000001,88.34847167137329
2026-07-15 19:00:00,2026-07-15,20,26.8,0.3866517577721687,0.13918784999999986,0.20345941241503168,0.576219296369858,0.20345941241503168,0.20345941241503168,-1.5243604484016084,1.931279273231672,nominal_90,gradient_boosting,available_weather=744;climatology_fallback=0,0.786158317061517,106.62866666666667,83.82701313718015
2026-07-15 20:00:00,2026-07-15,21,25.3,0.26058377727549537,0.37975494999999987,0.3919161388151899,0.6237401865011099,0.3919161388151899,0.3919161388151899,-1.3359037220014502,2.11973599963183,nominal_90,gradient_boosting,available_weather=744;climatology_fallback=0,0.786158317061517,110.325,86.73291632981186
2026-07-15 21:00:00,2026-07-15,22,24.4,0.3785795513590808,0.3803136599999999,0.36819320404543715,0.642042969103279,0.36819320404543715,0.36819320404543715,-1.359626656771203,2.096013064862077,nominal_90,gradient_boosting,available_weather=744;climatology_fallback=0,0.786158317061517,106.30433333333333,83.57203578967984
2026-07-15 22:00:00,2026-07-15,23,23.0,0.39325790590601334,0.33729261,0.36474040211743425,0.7254916490418598,0.36474040211743425,0.36474040211743425,-1.3630794586992059,2.0925602629340743,nominal_90,gradient_boosting,available_weather=744;climatology_fallback=0,0.786158317061517,103.35,81.24946206830778
2026-07-15 23:00:00,2026-07-15,24,21.8,0.3795957660294378,0.7078270999999998,0.3475463034741846,0.7015310515107576,0.3475463034741846,0.3475463034741846,-1.3802735573424556,2.0753661642908248,nominal_90,gradient_boosting,available_weather=744;climatology_fallback=0,0.786158317061517,100.27566666666667,78.83254934888832
2026-07-16 00:00:00,2026-07-16,1,20.8,0.38987749172045005,0.7032784099999998,0.24946442250531187,0.6034491705418852,0.24946442250531187,0.24946442250531187,-1.4783554383113282,1.9772842833219522,nominal_90,gradient_boosting,available_weather=744;climatology_fallback=0,0.786158317061517,89.09366666666666,70.04172704750644
2026-07-16 01:00:00,2026-07-16,2,20.1,0.33269601282643946,0.26277658999999964,0.36533188360219165,0.5761447905243493,0.36533188360219165,0.36533188360219165,-1.3624879772144485,2.0931517444188317,nominal_90,gradient_boosting,available_weather=744;climatology_fallback=0,0.786158317061517,86.52533333333334,68.02261043652011
2026-07-16 02:00:00,2026-07-16,3,19.0,0.4163522404998984,0.3438042999999996,0.36878468553019456,0.5761447905243493,0.36878468553019456,0.36878468553019456,-1.3590351752864456,2.0966045463468346,nominal_90,gradient_boosting,available_weather=744;climatology_fallback=0,0.786158317061517,88.941,69.92170687776839
2026-07-16 03:00:00,2026-07-16,4,18.6,0.42734407938442487,0.3065457299999996,0.36533188360219165,0.5333579109352651,0.36533188360219165,0.36533188360219165,-1.3624879772144485,2.0931517444188317,nominal_90,gradient_boosting,available_weather=744;climatology_fallback=0,0.786158317061517,84.279,66.25663680362759
2026-07-16 04:00:00,2026-07-16,5,18.1,0.41387974877836087,0.7324429399999999,0.27503070924670003,0.4713320722990799,0.27503070924670003,0.27503070924670003,-1.4527891515699403,2.00285057006334,nominal_90,gradient_boosting,available_weather=744;climatology_fallback=0,0.786158317061517,75.898,59.66784394833501
2026-07-16 05:00:00,2026-07-16,6,18.1,0.38768702932963917,0.41562598999999983,0.471656444272368,0.6771089043129557,0.471656444272368,0.471656444272368,-1.256163416544272,2.199476305089008,nominal_90,gradient_boosting,available_weather=744;climatology_fallback=0,0.786158317061517,73.53,57.80622105353334
2026-07-16 06:00:00,2026-07-16,7,18.9,0.5623100445610398,0.78309031,0.6554742754607569,0.9833556546678299,0.6554742754607569,0.6554742754607569,-1.0723455853558832,2.383294136277397,nominal_90,gradient_boosting,available_weather=744;climatology_fallback=0,0.786158317061517,54.082,42.51701410332096
2026-07-16 07:00:00,2026-07-16,8,21.2,0.7238721370969006,1.4245302700000009,1.2371916940778356,1.206551114698586,1.2371916940778356,1.2371916940778356,-0.4906281667388046,2.9650115548944758,nominal_90,gradient_boosting,available_weather=744;climatology_fallback=0,0.786158317061517,49.40566666666667,38.84067575996895
2026-07-16 08:00:00,2026-07-16,9,22.6,1.0890295574885456,0.8221080999999999,0.8596866204192963,0.8709211817600306,0.8596866204192963,0.8596866204192963,-0.8681332403973439,2.5875064812359367,nominal_90,gradient_boosting,available_weather=744;climatology_fallback=0,0.786158317061517,46.70933333333333,36.72093088439875
2026-07-16 09:00:00,2026-07-16,10,25.5,0.7489221088907395,0.3349595999999997,0.5464622031450772,0.605806317464878,0.5464622031450772,0.5464622031450772,-1.181357657671563,2.274282063961717,nominal_90,gradient_boosting,available_weather=744;climatology_fallback=0,0.786158317061517,36.81733333333333,28.94425281202622
2026-07-16 10:00:00,2026-07-16,11,28.1,0.44796305737250064,0.0644702999999998,0.3255887283573021,0.511078032062237,0.3255887283573021,0.3255887283573021,-1.4022311324593382,2.053408589173942,nominal_90,gradient_boosting,available_weather=744;climatology_fallback=0,0.786158317061517,36.884,28.996663366496993
2026-07-16 11:00:00,2026-07-16,12,29.6,0.25381220265497206,0.024087479999999824,0.20054338855166745,0.3884962340990039,0.20054338855166745,0.20054338855166745,-1.5272764722649728,1.9283632493683076,nominal_90,gradient_boosting,available_weather=744;climatology_fallback=0,0.786158317061517,31.804666666666666,25.003503221369193
2026-07-16 12:00:00,2026-07-16,13,30.4,0.13354000157175316,-0.05772927999999996,0.04962209755531845,0.29792369911883465,0.04962209755531845,0.04962209755531845,-1.6781977632613216,1.7774419583719587,nominal_90,gradient_boosting,available_weather=744;climatology_fallback=0,0.786158317061517,24.10666666666667,18.95165649662964
2026-07-16 13:00:00,2026-07-16,14,30.4,0.028595868785047607,-0.06876044999999995,-0.0030837322158526912,0.2789351368314571,-0.0030837322158526912,-0.0030837322158526912,-1.730903593032493,1.7247361286007874,nominal_90,gradient_boosting,available_weather=744;climatology_fallback=0,0.786158317061517,25.945333333333334,20.397139588933413
2026-07-16 14:00:00,2026-07-16,15,31.6,-0.031755885453549126,-0.16235273,-0.04775784644631118,0.29544148852797386,-0.04775784644631118,-0.04775784644631118,-1.7755777072629513,1.680062014370329,nominal_90,gradient_boosting,available_weather=744;climatology_fallback=0,0.786158317061517,26.921333333333333,21.164430106385453
2026-07-16 15:00:00,2026-07-16,16,31.8,-0.08085067606685936,-0.1805724200000001,-0.03526127376632231,0.26174103818820743,-0.03526127376632231,-0.03526127376632231,-1.7630811345829625,1.692558587050318,nominal_90,gradient_boosting,available_weather=744;climatology_fallback=0,0.786158317061517,32.778666666666666,25.76922142218711
2026-07-16 16:00:00,2026-07-16,17,30.7,-0.023085664881123513,-0.12661067000000004,0.05973518490226179,0.36241244469698153,0.05973518490226179,0.05973518490226179,-1.6680846759143784,1.787555045718902,nominal_90,gradient_boosting,available_weather=744;climatology_fallback=0,0.786158317061517,61.599333333333334,48.42682822544474
2026-07-16 17:00:00,2026-07-16,18,29.3,0.08309809650666972,-0.06866603000000004,0.09856659153312278,0.4247072313579237,0.09856659153312278,0.09856659153312278,-1.6292532692835173,1.826386452349763,nominal_90,gradient_boosting,available_weather=744;climatology_fallback=0,0.786158317061517,76.64433333333334,60.25458010563526
2026-07-16 18:00:00,2026-07-16,19,28.2,0.14406533574577154,-0.07379112,0.2814678444329798,0.4838629942828238,0.2814678444329798,0.2814678444329798,-1.4463520163836603,2.00928770524962,nominal_90,gradient_boosting,available_weather=744;climatology_fallback=0,0.786158317061517,112.38000000000001,88.34847167137329
2026-07-16 19:00:00,2026-07-16,20,27.1,0.2732710279936087,0.07298719000000002,0.32914832796808574,0.5686285381975446,0.32914832796808574,0.32914832796808574,-1.3986715328485544,2.056968188784726,nominal_90,gradient_boosting,available_weather=744;climatology_fallback=0,0.786158317061517,106.62866666666667,83.82701313718015
2026-07-16 20:00:00,2026-07-16,21,25.9,0.3488722326747905,0.4405837699999999,0.40307574817807595,0.6243316679858675,0.40307574817807595,0.40307574817807595,-1.3247441126385642,2.130895608994716,nominal_90,gradient_boosting,available_weather=744;climatology_fallback=0,0.786158317061517,110.325,86.73291632981186
2026-07-16 21:00:00,2026-07-16,22,24.4,0.4036848809183334,0.3743087099999998,0.31794010202867656,0.6426344505880366,0.31794010202867656,0.31794010202867656,-1.4098797587879637,2.0457599628453167,nominal_90,gradient_boosting,available_weather=744;climatology_fallback=0,0.786158317061517,106.30433333333333,83.57203578967984
2026-07-16 22:00:00,2026-07-16,23,23.0,0.35878544039516286,0.3538027199999998,0.31794010202867656,0.6752824301432676,0.31794010202867656,0.31794010202867656,-1.4098797587879637,2.0457599628453167,nominal_90,gradient_boosting,available_weather=744;climatology_fallback=0,0.786158317061517,103.35,81.24946206830778
2026-07-16 23:00:00,2026-07-16,24,21.6,0.36380542984364495,0.28608826999999964,0.31794010202867656,0.6849284343522657,0.31794010202867656,0.31794010202867656,-1.4098797587879637,2.0457599628453167,nominal_90,gradient_boosting,available_weather=744;climatology_fallback=0,0.786158317061517,100.27566666666667,78.83254934888832
2026-07-17 00:00:00,2026-07-17,1,20.7,0.3677076365583832,0.6003364199999999,0.20207264093179675,0.5215163583919786,0.20207264093179675,0.20207264093179675,-1.5257472198848434,1.929892501748437,nominal_90,gradient_boosting,available_weather=744;climatology_fallback=0,0.786158317061517,89.09366666666666,70.04172704750644
2026-07-17 01:00:00,2026-07-17,2,19.8,0.3084250435112321,0.28235148999999987,0.2634329945050356,0.4885261709423296,0.2634329945050356,0.2634329945050356,-1.4643868663116046,1.9912528553216757,nominal_90,gradient_boosting,available_weather=744;climatology_fallback=0,0.786158317061517,86.52533333333334,68.02261043652011
2026-07-17 02:00:00,2026-07-17,3,17.4,0.37462121641226576,0.2844463999999997,0.32139290395667947,0.4885261709423296,0.32139290395667947,0.32139290395667947,-1.4064269568599608,2.0492127647733196,nominal_90,gradient_boosting,available_weather=744;climatology_fallback=0,0.786158317061517,88.941,69.92170687776839
2026-07-17 03:00:00,2026-07-17,4,17.1,0.4185691297405004,0.29392769999999974,0.24828582824443735,0.4713320722990799,0.24828582824443735,0.24828582824443735,-1.4795340325722028,1.9761056890610775,nominal_90,gradient_boosting,available_weather=744;climatology_fallback=0,0.786158317061517,84.279,66.25663680362759
2026-07-17 04:00:00,2026-07-17,5,16.9,0.35570261576882267,0.39844116999999984,0.2448330263164344,0.43926542127122425,0.2448330263164344,0.2448330263164344,-1.4829868345002057,1.9726528871330746,nominal_90,gradient_boosting,available_weather=744;climatology_fallback=0,0.786158317061517,75.898,59.66784394833501
2026-07-17 05:00:00,2026-07-17,6,16.7,0.3745780115202032,0.39348552999999986,0.399392588052195,0.4539569954634854,0.399392588052195,0.399392588052195,-1.3284272727644453,2.127212448868835,nominal_90,gradient_boosting,available_weather=744;climatology_fallback=0,0.786158317061517,73.53,57.80622105353334
2026-07-17 06:00:00,2026-07-17,7,17.4,0.5079857299180038,0.2846407899999999,0.42771746462685584,0.5223128660469132,0.42771746462685584,0.42771746462685584,-1.3001023961897844,2.155537325443496,nominal_90,gradient_boosting,available_weather=744;climatology_fallback=0,0.786158317061517,54.082,42.51701410332096
2026-07-17 07:00:00,2026-07-17,8,19.3,0.5886899860626607,0.44393278,0.42426466269885293,0.6835827743949765,0.42426466269885293,0.42426466269885293,-1.3035551981177873,2.152084523515493,nominal_90,gradient_boosting,available_weather=744;climatology_fallback=0,0.786158317061517,49.40566666666667,38.84067575996895
2026-07-17 08:00:00,2026-07-17,9,21.2,0.5201694074805133,0.7479931400000003,0.2556260324129751,0.5823275998117106,0.2556260324129751,0.2556260324129751,-1.472193828403665,1.9834458932296153,nominal_90,gradient_boosting,available_weather=744;climatology_fallback=0,0.786158317061517,46.70933333333333,36.72093088439875
2026-07-17 09:00:00,2026-07-17,10,24.6,0.33659786641231326,0.18205678999999997,0.22087689569919527,0.4622835580771839,0.22087689569919527,0.22087689569919527,-1.5069429651174449,1.9486967565158355,nominal_90,gradient_boosting,available_weather=744;climatology_fallback=0,0.786158317061517,36.81733333333333,28.94425281202622
2026-07-17 10:00:00,2026-07-17,11,27.0,0.25476320035709366,-0.06058719000000002,0.21852291503892432,0.3959287753475661,0.21852291503892432,0.21852291503892432,-1.509296945777716,1.9463427758555645,nominal_90,gradient_boosting,available_weather=744;climatology_fallback=0,0.786158317061517,36.884,28.996663366496993
2026-07-17 11:00:00,2026-07-17,12,28.9,0.20236081935258365,0.16878512000000004,0.14060366772677205,0.30152197943891434,0.14060366772677205,0.14060366772677205,-1.587216193089868,1.8684235285434123,nominal_90,gradient_boosting,available_weather=744;climatology_fallback=0,0.786158317061517,31.804666666666666,25.003503221369193
2026-07-17 12:00:00,2026-07-17,13,30.1,0.12895357864779938,-0.05403428999999999,0.04676017108684516,0.30152197943891434,0.04676017108684516,0.04676017108684516,-1.681059689729795,1.7745800319034855,nominal_90,gradient_boosting,available_weather=744;climatology_fallback=0,0.786158317061517,24.10666666666667,18.95165649662964
2026-07-17 13:00:00,2026-07-17,14,30.9,0.05667229885330882,-0.11254324999999998,0.009412840464136188,0.30152197943891434,0.009412840464136188,0.009412840464136188,-1.718407020352504,1.7372327012807764,nominal_90,gradient_boosting,available_weather=744;climatology_fallback=0,0.786158317061517,25.945333333333334,20.397139588933413
2026-07-17 14:00:00,2026-07-17,15,31.5,0.01709758677040263,-0.16491247999999994,-0.03526127376632231,0.2843278807956647,-0.03526127376632231,-0.03526127376632231,-1.7630811345829625,1.692558587050318,nominal_90,gradient_boosting,available_weather=744;climatology_fallback=0,0.786158317061517,26.921333333333333,21.164430106385453
2026-07-17 15:00:00,2026-07-17,16,31.9,-0.0174504369679902,-0.2066762300000001,-0.03526127376632231,0.2843278807956647,-0.03526127376632231,-0.03526127376632231,-1.7630811345829625,1.692558587050318,nominal_90,gradient_boosting,available_weather=744;climatology_fallback=0,0.786158317061517,32.778666666666666,25.76922142218711
2026-07-17 16:00:00,2026-07-17,17,32.0,-0.004370559973030541,-0.1067376899999999,-0.06840474701756376,0.3660107250170612,-0.06840474701756376,-0.06840474701756376,-1.796224607834204,1.6594151137990765,nominal_90,gradient_boosting,available_weather=744;climatology_fallback=0,0.786158317061517,61.599333333333334,48.42682822544474
2026-07-17 17:00:00,2026-07-17,18,31.9,-0.020437856195184678,-0.07534268999999987,-0.12839182609385413,0.4248396508674589,-0.12839182609385413,-0.12839182609385413,-1.8562116869104943,1.599428034722786,nominal_90,gradient_boosting,available_weather=744;climatology_fallback=0,0.786158317061517,76.64433333333334,60.25458010563526
2026-07-17 18:00:00,2026-07-17,19,31.3,-0.0359689118391448,-0.11073392999999994,-0.0230791710653865,0.483995413792359,-0.0230791710653865,-0.0230791710653865,-1.7508990318820268,1.7047406897512536,nominal_90,gradient_boosting,available_weather=744;climatology_fallback=0,0.786158317061517,112.38000000000001,88.34847167137329
2026-07-17 19:00:00,2026-07-17,20,30.3,0.05670704807126925,-0.2202851900000001,0.09247962374425847,0.5687609577070798,0.09247962374425847,0.09247962374425847,-1.6353402370723817,1.8202994845608986,nominal_90,gradient_boosting,available_weather=744;climatology_fallback=0,0.786158317061517,106.62866666666667,83.82701313718015
2026-07-17 20:00:00,2026-07-17,21,28.1,0.1862491314091797,-0.07247405999999991,0.20014506574241914,0.6244640874954027,0.20014506574241914,0.20014506574241914,-1.527674795074221,1.9279649265590593,nominal_90,gradient_boosting,available_weather=744;climatology_fallback=0,0.786158317061517,110.325,86.73291632981186
2026-07-17 21:00:00,2026-07-17,22,26.6,0.2712608855530591,-0.07733725999999995,0.04767832705933451,0.6427668700975718,0.04767832705933451,0.04767832705933451,-1.6801415337573056,1.7754981878759748,nominal_90,gradient_boosting,available_weather=744;climatology_fallback=0,0.786158317061517,106.30433333333333,83.57203578967984
2026-07-17 22:00:00,2026-07-17,23,25.5,0.17231605760072105,0.34731414000000016,0.21205215415998063,0.6754148496528029,0.21205215415998063,0.21205215415998063,-1.5157677066566595,1.9398720149766209,nominal_90,gradient_boosting,available_weather=744;climatology_fallback=0,0.786158317061517,103.35,81.24946206830778
2026-07-17 23:00:00,2026-07-17,24,24.5,0.28513914721616795,0.29502438000000003,0.2747889822470822,0.6850608538618009,0.2747889822470822,0.2747889822470822,-1.453030878569558,2.0026088430637223,nominal_90,gradient_boosting,available_weather=744;climatology_fallback=0,0.786158317061517,100.27566666666667,78.83254934888832
2026-07-18 00:00:00,2026-07-18,1,23.7,0.34969530578092256,0.28777725999999987,0.21925368069250475,0.5216487779015139,0.21925368069250475,0.21925368069250475,-1.5085661801241355,1.947073541509145,nominal_90,gradient_boosting,available_weather=744;climatology_fallback=0,0.786158317061517,89.09366666666666,70.04172704750644
2026-07-18 01:00:00,2026-07-18,2,22.6,0.31002549871828156,0.45566115999999995,0.3142336948883853,0.48865859045186477,0.3142336948883853,0.3142336948883853,-1.413586165928255,2.0420535557050257,nominal_90,gradient_boosting,available_weather=744;climatology_fallback=0,0.786158317061517,86.52533333333334,68.02261043652011
2026-07-18 02:00:00,2026-07-18,3,20.2,0.40950549735537034,0.3106313599999998,0.32139290395667947,0.48865859045186477,0.32139290395667947,0.32139290395667947,-1.4064269568599608,2.0492127647733196,nominal_90,gradient_boosting,available_weather=744;climatology_fallback=0,0.786158317061517,88.941,69.92170687776839
2026-07-18 03:00:00,2026-07-18,4,20.0,0.41169523188857143,0.30945734999999974,0.2448330263164344,0.4714644918086151,0.2448330263164344,0.2448330263164344,-1.4829868345002057,1.9726528871330746,nominal_90,gradient_boosting,available_weather=744;climatology_fallback=0,0.786158317061517,84.279,66.25663680362759
2026-07-18 04:00:00,2026-07-18,5,19.8,0.3539387890891112,0.43510634999999986,0.2448330263164344,0.43939784078075944,0.2448330263164344,0.2448330263164344,-1.4829868345002057,1.9726528871330746,nominal_90,gradient_boosting,available_weather=744;climatology_fallback=0,0.786158317061517,75.898,59.66784394833501
2026-07-18 05:00:00,2026-07-18,6,19.7,0.369565395569612,0.3327467099999998,0.399392588052195,0.4540894149730206,0.399392588052195,0.399392588052195,-1.3284272727644453,2.127212448868835,nominal_90,gradient_boosting,available_weather=744;climatology_fallback=0,0.786158317061517,73.53,57.80622105353334
2026-07-18 06:00:00,2026-07-18,7,20.3,0.4921107624685857,0.3633825399999999,0.42771746462685584,0.5480380665022831,0.42771746462685584,0.42771746462685584,-1.3001023961897844,2.155537325443496,nominal_90,gradient_boosting,available_weather=744;climatology_fallback=0,0.786158317061517,54.082,42.51701410332096
2026-07-18 07:00:00,2026-07-18,8,22.8,0.4983895485297784,0.7155288300000002,0.9043404540375137,0.6612310742773603,0.9043404540375137,0.9043404540375137,-0.8234794067791265,2.632160314854154,nominal_90,gradient_boosting,available_weather=744;climatology_fallback=0,0.786158317061517,49.40566666666667,38.84067575996895
2026-07-18 08:00:00,2026-07-18,9,24.7,0.8009366882059572,0.4261577899999997,0.5945676074625292,0.6002876525209228,0.5945676074625292,0.5945676074625292,-1.133252253354111,2.322387468279169,nominal_90,gradient_boosting,available_weather=744;climatology_fallback=0,0.786158317061517,46.70933333333333,36.72093088439875
2026-07-18 09:00:00,2026-07-18,10,27.4,0.5544856538265432,0.09937564999999968,0.4398036350784692,0.4814909326928087,0.4398036350784692,0.4398036350784692,-1.288016225738171,2.1676234958951093,nominal_90,gradient_boosting,available_weather=744;climatology_fallback=0,0.786158317061517,36.81733333333333,28.94425281202622
2026-07-18 10:00:00,2026-07-18,11,29.9,0.389886559655536,0.028514819999999927,0.09979265866530687,0.4194650940566237,0.09979265866530687,0.09979265866530687,-1.6280272021513333,1.827612519481947,nominal_90,gradient_boosting,available_weather=744;climatology_fallback=0,0.786158317061517,36.884,28.996663366496993
2026-07-18 11:00:00,2026-07-18,12,32.0,0.11409598350857694,-0.17428432999999996,-0.1376247263785744,0.3075741191749746,-0.1376247263785744,-0.1376247263785744,-1.8654445871952146,1.5901951344380658,nominal_90,gradient_boosting,available_weather=744;climatology_fallback=0,0.786158317061517,31.804666666666666,25.003503221369193
2026-07-18 12:00:00,2026-07-18,13,33.4,-0.08339643800374252,-0.26937217999999996,-0.16665875083642584,0.28865217574065166,-0.16665875083642584,-0.16665875083642584,-1.894478611653066,1.5611611099802143,nominal_90,gradient_boosting,available_weather=744;climatology_fallback=0,0.786158317061517,24.10666666666667,18.95165649662964
2026-07-18 13:00:00,2026-07-18,14,34.4,-0.1428600251143486,-0.18509116999999992,-0.2206330073820412,0.25966000056870436,-0.2206330073820412,-0.2206330073820412,-1.9484528681986815,1.507186853434599,nominal_90,gradient_boosting,available_weather=744;climatology_fallback=0,0.786158317061517,25.945333333333334,20.397139588933413
2026-07-18 14:00:00,2026-07-18,15,35.3,-0.21379748372234175,-0.2675642999999999,-0.17249955196735461,0.18637417572835968,-0.17249955196735461,-0.17249955196735461,-1.9003194127839949,1.5553203088492855,nominal_90,gradient_boosting,available_weather=744;climatology_fallback=0,0.786158317061517,26.921333333333333,21.164430106385453
2026-07-18 15:00:00,2026-07-18,16,35.4,-0.19262906199580399,-0.14506277999999992,-0.1868049416808607,0.10908565988930435,-0.1868049416808607,-0.1868049416808607,-1.9146248024975008,1.5410149191357796,nominal_90,gradient_boosting,available_weather=744;climatology_fallback=0,0.786158317061517,32.778666666666666,25.76922142218711
2026-07-18 16:00:00,2026-07-18,17,35.5,-0.2132368746541511,-0.22327985999999997,-0.3092865436074352,0.04995024823909122,-0.3092865436074352,-0.3092865436074352,-2.037106404424075,1.418533317209205,nominal_90,gradient_boosting,available_weather=744;climatology_fallback=0,0.786158317061517,61.599333333333334,48.42682822544474
2026-07-18 17:00:00,2026-07-18,18,34.3,-0.2801542847864449,-0.29724728999999994,-0.39988567357480703,0.11240913676153125,-0.39988567357480703,-0.39988567357480703,-2.1277055343914473,1.327934187241833,nominal_90,gradient_boosting,available_weather=744;climatology_fallback=0,0.786158317061517,76.64433333333334,60.25458010563526
2026-07-18 18:00:00,2026-07-18,19,32.1,-0.2878602995904108,-0.27295689,-0.2941408232631388,0.32101575668984583,-0.2941408232631388,-0.2941408232631388,-2.021960684079779,1.4336790375535013,nominal_90,gradient_boosting,available_weather=744;climatology_fallback=0,0.786158317061517,112.38000000000001,88.34847167137329
2026-07-18 19:00:00,2026-07-18,20,30.7,-0.19276331372294986,-0.2140354400000001,0.4227251453275506,0.3959814041437975,0.4227251453275506,0.4227251453275506,-1.3050947154890895,2.1505450061441906,nominal_90,gradient_boosting,available_weather=744;climatology_fallback=0,0.786158317061517,106.62866666666667,83.82701313718015
2026-07-18 20:00:00,2026-07-18,21,28.7,0.4017703784107062,0.12392515000000014,0.17246645912752934,0.462455921665109,0.17246645912752934,0.17246645912752934,-1.5553534016891108,1.9002863199441695,nominal_90,gradient_boosting,available_weather=744;climatology_fallback=0,0.786158317061517,110.325,86.73291632981186
2026-07-18 21:00:00,2026-07-18,22,26.5,0.26109837503893385,-0.16069106999999996,-0.0998379932173549,0.5039837209975241,-0.0998379932173549,-0.0998379932173549,-1.8276578540339952,1.6279818675992852,nominal_90,gradient_boosting,available_weather=744;climatology_fallback=0,0.786158317061517,106.30433333333333,83.57203578967984
2026-07-18 22:00:00,2026-07-18,23,24.6,0.06919899548636016,0.11430691000000007,0.10767531081590476,0.5360503720253798,0.10767531081590476,0.10767531081590476,-1.6201445500007354,1.835495171632545,nominal_90,gradient_boosting,available_weather=744;climatology_fallback=0,0.786158317061517,103.35,81.24946206830778
2026-07-18 23:00:00,2026-07-18,24,23.3,0.2109832304962378,0.1671426,0.6040754433037187,0.5868510724087296,0.6040754433037187,0.6040754433037187,-1.1237444175129214,2.331895304120359,nominal_90,gradient_boosting,available_weather=744;climatology_fallback=0,0.786158317061517,100.27566666666667,78.83254934888832
2026-07-19 00:00:00,2026-07-19,1,22.6,0.6198826320123181,0.5024341799999998,0.4238486234051494,0.5282517564385233,0.4238486234051494,0.4238486234051494,-1.3039712374114907,2.1516684842217897,nominal_90,gradient_boosting,available_weather=744;climatology_fallback=0,0.786158317061517,89.09366666666666,70.04172704750644
2026-07-19 01:00:00,2026-07-19,2,21.9,0.508839333964995,0.23327316999999984,0.292693670695748,0.5165115406617884,0.292693670695748,0.292693670695748,-1.4351261901208923,2.020513531512388,nominal_90,gradient_boosting,available_weather=744;climatology_fallback=0,0.786158317061517,86.52533333333334,68.02261043652011
2026-07-19 02:00:00,2026-07-19,3,19.4,0.44458569517730817,0.2648721399999998,0.30445515603774304,0.7412562360282977,0.30445515603774304,0.30445515603774304,-1.423364704778897,2.032275016854383,nominal_90,gradient_boosting,available_weather=744;climatology_fallback=0,0.786158317061517,88.941,69.92170687776839
2026-07-19 03:00:00,2026-07-19,4,19.2,0.43642532101910697,0.25169093999999975,0.30445515603774304,0.778495642309154,0.30445515603774304,0.30445515603774304,-1.423364704778897,2.032275016854383,nominal_90,gradient_boosting,available_weather=744;climatology_fallback=0,0.786158317061517,84.279,66.25663680362759
2026-07-19 04:00:00,2026-07-19,5,18.9,0.43509505035265933,0.8858624099999998,0.27400040285332455,0.778495642309154,0.27400040285332455,0.27400040285332455,-1.4538194579633157,2.001820263669965,nominal_90,gradient_boosting,available_weather=744;climatology_fallback=0,0.786158317061517,75.898,59.66784394833501
2026-07-19 05:00:00,2026-07-19,6,18.7,0.45878289319637927,0.7989333499999998,0.5515403096847381,0.9932638216142881,0.5515403096847381,0.5515403096847381,-1.176279551131902,2.2793601705013784,nominal_90,gradient_boosting,available_weather=744;climatology_fallback=0,0.786158317061517,73.53,57.80622105353334
2026-07-19 06:00:00,2026-07-19,7,18.9,0.6942329406050562,0.9831799799999998,1.053952110959413,1.1944633108987162,1.053952110959413,1.053952110959413,-0.6738677498572272,2.7817719717760534,nominal_90,gradient_boosting,available_weather=744;climatology_fallback=0,0.786158317061517,54.082,42.51701410332096
2026-07-19 07:00:00,2026-07-19,8,20.6,1.1591432731565092,1.6422003699999999,1.8380990067789589,1.632965164900316,1.8380990067789589,1.8380990067789589,0.11027914596231869,3.565918867595599,nominal_90,gradient_boosting,available_weather=744;climatology_fallback=0,0.786158317061517,49.40566666666667,38.84067575996895
2026-07-19 08:00:00,2026-07-19,9,21.7,1.6906865224594914,1.6889446999999997,1.7870569113635089,1.5717866822512039,1.7870569113635089,1.7870569113635089,0.059237050546868675,3.5148767721801493,nominal_90,gradient_boosting,available_weather=744;climatology_fallback=0,0.786158317061517,46.70933333333333,36.72093088439875
2026-07-19 09:00:00,2026-07-19,10,24.1,1.6010648277749473,1.78878543,1.7602460110273181,1.595508248563295,1.7602460110273181,1.7602460110273181,0.03242615021067796,3.4880658718439586,nominal_90,gradient_boosting,available_weather=744;climatology_fallback=0,0.786158317061517,36.81733333333333,28.94425281202622
2026-07-19 10:00:00,2026-07-19,11,26.5,1.4561577408170716,1.7933782500000002,1.691925279070003,1.7024113675789059,1.691925279070003,1.691925279070003,-0.03589458174663718,3.4197451398866434,nominal_90,gradient_boosting,available_weather=744;climatology_fallback=0,0.786158317061517,36.884,28.996663366496993
2026-07-19 11:00:00,2026-07-19,12,28.8,1.3575203289164786,1.6819719599999992,1.72965953554367,1.6832428900894765,1.72965953554367,1.72965953554367,0.0018396747270297276,3.45747939636031,nominal_90,gradient_boosting,available_weather=744;climatology_fallback=0,0.786158317061517,31.804666666666666,25.003503221369193
2026-07-19 12:00:00,2026-07-19,13,30.8,1.3556647601263663,1.6795334299999993,1.7910090607877673,1.666009170657108,1.7910090607877673,1.7910090607877673,0.06318919997112715,3.5188289216044075,nominal_90,gradient_boosting,available_weather=744;climatology_fallback=0,0.786158317061517,24.10666666666667,18.95165649662964
2026-07-19 13:00:00,2026-07-19,14,32.3,1.3959084358544638,1.6735186499999992,1.4910745546711839,1.7438331670044034,1.4910745546711839,1.4910745546711839,-0.2367453061454563,3.2188944154878243,nominal_90,gradient_boosting,available_weather=744;climatology_fallback=0,0.786158317061517,25.945333333333334,20.397139588933413
2026-07-19 14:00:00,2026-07-19,15,34.0,1.1887132492636892,1.4248155499999995,1.3603679433842757,1.6614818389869186,1.3603679433842757,1.3603679433842757,-0.3674519174323645,3.088187804200916,nominal_90,gradient_boosting,available_weather=744;climatology_fallback=0,0.786158317061517,26.921333333333333,21.164430106385453
2026-07-19 15:00:00,2026-07-19,16,34.3,1.105903087324681,1.3659433499999998,1.2735071766005055,1.7240812128231409,1.2735071766005055,1.2735071766005055,-0.4543126842161347,3.0013270374171457,nominal_90,gradient_boosting,available_weather=744;climatology_fallback=0,0.786158317061517,32.778666666666666,25.76922142218711
2026-07-19 16:00:00,2026-07-19,17,34.2,0.9404060250980502,0.6473690099999999,0.3999901455524228,0.9016410692253289,0.3999901455524228,0.3999901455524228,-1.3278297152642173,2.127810006369063,nominal_90,gradient_boosting,available_weather=744;climatology_fallback=0,0.786158317061517,61.599333333333334,48.42682822544474
2026-07-19 17:00:00,2026-07-19,18,33.9,0.3695945606031418,0.17108690999999998,-0.12663390346346515,0.6922648988513087,-0.12663390346346515,-0.12663390346346515,-1.8544537642801053,1.601185957353175,nominal_90,gradient_boosting,available_weather=744;climatology_fallback=0,0.786158317061517,76.64433333333334,60.25458010563526
2026-07-19 18:00:00,2026-07-19,19,33.3,0.01621597619382953,-0.19118138999999984,-0.36415325742134524,0.753672995208465,-0.36415325742134524,-0.36415325742134524,-2.0919731182379855,1.3636666033952949,nominal_90,gradient_boosting,available_weather=744;climatology_fallback=0,0.786158317061517,112.38000000000001,88.34847167137329
2026-07-19 19:00:00,2026-07-19,20,32.2,-0.11936789755160726,-0.2516102400000001,-0.27473721429778997,0.7475065528989506,-0.27473721429778997,-0.27473721429778997,-2.00255707511443,1.4530826465188502,nominal_90,gradient_boosting,available_weather=744;climatology_fallback=0,0.786158317061517,106.62866666666667,83.82701313718015
2026-07-19 20:00:00,2026-07-19,21,30.1,-0.09564478154604367,-0.15445161000000002,-0.08444750519357613,0.8288014671504264,-0.08444750519357613,-0.08444750519357613,-1.8122673660102162,1.6433723556230642,nominal_90,gradient_boosting,available_weather=744;climatology_fallback=0,0.786158317061517,110.325,86.73291632981186
2026-07-19 21:00:00,2026-07-19,22,28.0,0.015163708764720896,-0.1876061599999998,0.09172266594650347,0.5997616792295244,0.09172266594650347,0.09172266594650347,-1.6360971948701368,1.8195425267631435,nominal_90,gradient_boosting,available_weather=744;climatology_fallback=0,0.786158317061517,106.30433333333333,83.57203578967984
2026-07-19 22:00:00,2026-07-19,23,26.4,0.16910750843299527,-0.09481267999999975,0.01197585835438187,0.45623331682475254,0.01197585835438187,0.01197585835438187,-1.7158440024622583,1.739795719171022,nominal_90,gradient_boosting,available_weather=744;climatology_fallback=0,0.786158317061517,103.35,81.24946206830778
2026-07-19 23:00:00,2026-07-19,24,24.9,0.14597006805811233,0.16648388000000014,0.19873753880727327,0.29552456884833267,0.19873753880727327,0.19873753880727327,-1.529082322009367,1.9265573996239134,nominal_90,gradient_boosting,available_weather=744;climatology_fallback=0,0.786158317061517,100.27566666666667,78.83254934888832
2026-07-20 00:00:00,2026-07-20,1,24.2,0.03621697151555903,0.17979949999999995,0.14343501488522828,0.13747057145996036,0.14343501488522828,0.14343501488522828,-1.5843848459314118,1.8712548757018685,nominal_90,gradient_boosting,available_weather=744;climatology_fallback=0,0.786158317061517,89.09366666666666,70.04172704750644
2026-07-20 01:00:00,2026-07-20,2,22.5,0.013666044366222707,0.14424880000000004,0.16454411613803793,0.17640944011868884,0.16454411613803793,0.16454411613803793,-1.5632757446786023,1.892363976954678,nominal_90,gradient_boosting,available_weather=744;climatology_fallback=0,0.786158317061517,86.52533333333334,68.02261043652011
2026-07-20 02:00:00,2026-07-20,3,22.1,0.013119231363535433,0.22538289,0.14389721556678536,0.1798622420466918,0.14389721556678536,0.14389721556678536,-1.5839226452498547,1.8717170763834257,nominal_90,gradient_boosting,available_weather=744;climatology_fallback=0,0.786158317061517,88.941,69.92170687776839
2026-07-20 03:00:00,2026-07-20,4,21.4,-0.004541990376496274,0.12881700999999998,0.14389721556678536,0.10111106907534534,0.14389721556678536,0.14389721556678536,-1.5839226452498547,1.8717170763834257,nominal_90,gradient_boosting,available_weather=744;climatology_fallback=0,0.786158317061517,84.279,66.25663680362759
2026-07-20 04:00:00,2026-07-20,5,20.7,0.0012492768061064252,0.11640514999999996,0.14389721556678536,0.12175796964659791,0.14389721556678536,0.14389721556678536,-1.5839226452498547,1.8717170763834257,nominal_90,gradient_boosting,available_weather=744;climatology_fallback=0,0.786158317061517,75.898,59.66784394833501
2026-07-20 05:00:00,2026-07-20,6,19.3,0.051067668683094425,0.11881216999999987,0.1758184581595894,0.1536792122394019,0.1758184581595894,0.1758184581595894,-1.5520014026570508,1.9036383189762296,nominal_90,gradient_boosting,available_weather=744;climatology_fallback=0,0.786158317061517,73.53,57.80622105353334
2026-07-20 06:00:00,2026-07-20,7,18.9,0.12872418564036253,0.18602536000000003,0.18386061917181823,0.13303231166814933,0.18386061917181823,0.18386061917181823,-1.543959241644822,1.9116804799884584,nominal_90,gradient_boosting,available_weather=744;climatology_fallback=0,0.786158317061517,54.082,42.51701410332096
2026-07-20 07:00:00,2026-07-20,8,20.0,0.19208825497783577,0.2561322999999999,0.23324689429006762,0.11416473981644651,0.23324689429006762,0.23324689429006762,-1.4945729665265726,1.9610667551067078,nominal_90,gradient_boosting,available_weather=744;climatology_fallback=0,0.786158317061517,49.40566666666667,38.84067575996895
2026-07-20 08:00:00,2026-07-20,9,21.8,0.1874938503311975,0.21931191999999997,0.1820323666371547,-0.04641809225829589,0.1820323666371547,0.1820323666371547,-1.5457874941794856,1.9098522274537948,nominal_90,gradient_boosting,available_weather=744;climatology_fallback=0,0.786158317061517,46.70933333333333,36.72093088439875
2026-07-20 09:00:00,2026-07-20,10,22.9,0.1555263645916187,0.2012369900000001,0.14387355432014584,0.038410904581290345,0.14387355432014584,0.14387355432014584,-1.5839463064964943,1.871693415136786,nominal_90,gradient_boosting,available_weather=744;climatology_fallback=0,0.786158317061517,36.81733333333333,28.94425281202622
2026-07-20 10:00:00,2026-07-20,11,24.8,0.11671877046804835,0.12761732000000015,0.19913211160606936,0.12372578833230752,0.19913211160606936,0.19913211160606936,-1.5286877492105708,1.9269519724227095,nominal_90,gradient_boosting,available_weather=744;climatology_fallback=0,0.786158317061517,36.884,28.996663366496993
2026-07-20 11:00:00,2026-07-20,12,26.6,0.14720529279717212,0.08251066000000006,0.14725902102793242,0.1483038041024005,0.14725902102793242,0.14725902102793242,-1.5805608397887076,1.8750788818445727,nominal_90,gradient_boosting,available_weather=744;climatology_fallback=0,0.786158317061517,31.804666666666666,25.003503221369193
2026-07-20 12:00:00,2026-07-20,13,28.3,0.1021582714865043,0.1425409900000001,0.18323947806224256,0.06298892035138326,0.18323947806224256,0.18323947806224256,-1.5445803827543976,1.9110593388788828,nominal_90,gradient_boosting,available_weather=744;climatology_fallback=0,0.786158317061517,24.10666666666667,18.95165649662964
2026-07-20 13:00:00,2026-07-20,14,29.8,0.0973413236462228,0.08508667000000009,0.03838968476413944,0.1027997871482346,0.03838968476413944,0.03838968476413944,-1.6894301760525008,1.7662095455807796,nominal_90,gradient_boosting,available_weather=744;climatology_fallback=0,0.786158317061517,25.945333333333334,20.397139588933413
2026-07-20 14:00:00,2026-07-20,15,31.0,-0.01696244998624058,-0.14107469999999986,0.012889215457259821,0.028654641997275722,0.012889215457259821,0.012889215457259821,-1.7149306453593804,1.7407090762739,nominal_90,gradient_boosting,available_weather=744;climatology_fallback=0,0.786158317061517,26.921333333333333,21.164430106385453
2026-07-20 15:00:00,2026-07-20,16,25.9,0.05585861793476826,0.21899922000000033,0.16899394849023527,0.12358086597334277,0.16899394849023527,0.16899394849023527,-1.558825912326405,1.8968138093068754,nominal_90,gradient_boosting,available_weather=744;climatology_fallback=0,0.786158317061517,32.778666666666666,25.76922142218711
2026-07-20 16:00:00,2026-07-20,17,26.1,0.10436550512119186,0.051052620000000166,0.11804055380653249,0.14732213256136864,0.11804055380653249,0.11804055380653249,-1.6097793070101076,1.8458604146231727,nominal_90,gradient_boosting,available_weather=744;climatology_fallback=0,0.786158317061517,61.599333333333334,48.42682822544474
2026-07-20 17:00:00,2026-07-20,18,26.7,0.02450854959118476,-0.023071159999999983,-0.1222864770931676,0.2211905950695854,-0.1222864770931676,-0.1222864770931676,-1.8501063379098077,1.6055333837234727,nominal_90,gradient_boosting,available_weather=744;climatology_fallback=0,0.786158317061517,76.64433333333334,60.25458010563526
2026-07-20 18:00:00,2026-07-20,19,25.2,-0.12789760284021312,0.0005013499999999987,-0.030449977360062514,0.3562922505936045,-0.030449977360062514,-0.030449977360062514,-1.7582698381767028,1.6973698834565776,nominal_90,gradient_boosting,available_weather=744;climatology_fallback=0,0.786158317061517,112.38000000000001,88.34847167137329
2026-07-20 19:00:00,2026-07-20,20,25.3,-0.07542941021836458,0.22649543000000016,0.15104026458363565,0.3402876074502989,0.15104026458363565,0.15104026458363565,-1.5767795962330045,1.878860125400276,nominal_90,gradient_boosting,available_weather=744;climatology_fallback=0,0.786158317061517,106.62866666666667,83.82701313718015
2026-07-20 20:00:00,2026-07-20,21,21.3,0.1392923347687089,0.2456807700000001,0.19624824940179,0.31575166062943516,0.19624824940179,0.19624824940179,-1.53157161141485,1.9240681102184303,nominal_90,gradient_boosting,available_weather=744;climatology_fallback=0,0.786158317061517,110.325,86.73291632981186
2026-07-20 21:00:00,2026-07-20,22,20.8,0.18408813882993813,0.33106034000000006,0.643011611691821,0.22477790357883268,0.643011611691821,0.643011611691821,-1.0848082491248192,2.370831472508461,nominal_90,gradient_boosting,available_weather=744;climatology_fallback=0,0.786158317061517,106.30433333333333,83.57203578967984
2026-07-20 22:00:00,2026-07-20,23,20.4,0.4859552014004853,0.6598300799999997,0.6360246563325521,0.18746489469844138,0.6360246563325521,0.6360246563325521,-1.0917952044840882,2.363844517149192,nominal_90,gradient_boosting,available_weather=744;climatology_fallback=0,0.786158317061517,103.35,81.24946206830778
2026-07-20 23:00:00,2026-07-20,24,19.8,0.5089029749804146,0.6365492599999998,0.6594636025059704,0.19091769662644434,0.6594636025059704,0.6594636025059704,-1.0683562583106698,2.3872834633226105,nominal_90,gradient_boosting,available_weather=744;climatology_fallback=0,0.786158317061517,100.27566666666667,78.83254934888832
2026-07-21 00:00:00,2026-07-21,1,19.2,0.4993637036896538,0.60405298,0.5948954951444327,0.12070189489874414,0.5948954951444327,0.5948954951444327,-1.1329243656722074,2.3227153559610727,nominal_90,gradient_boosting,available_weather=744;climatology_fallback=0,0.786158317061517,89.09366666666666,70.04172704750644
2026-07-21 01:00:00,2026-07-21,2,19.0,0.4562246471195041,0.7880979499999994,0.4982393471985675,0.1338518296573702,0.4982393471985675,0.4982393471985675,-1.2295805136180726,2.2260592080152075,nominal_90,gradient_boosting,available_weather=744;climatology_fallback=0,0.786158317061517,86.52533333333334,68.02261043652011
2026-07-21 02:00:00,2026-07-21,3,15.0,0.4558415465177421,0.43577155999999995,0.48460124815656286,0.23930400051281084,0.48460124815656286,0.48460124815656286,-1.2432186126600773,2.212421108973203,nominal_90,gradient_boosting,available_weather=744;climatology_fallback=0,0.786158317061517,88.941,69.92170687776839
2026-07-21 03:00:00,2026-07-21,4,15.4,0.43626443559747846,0.4259321399999999,0.48460124815656286,0.28153507829520136,0.48460124815656286,0.48460124815656286,-1.2432186126600773,2.212421108973203,nominal_90,gradient_boosting,available_weather=744;climatology_fallback=0,0.786158317061517,84.279,66.25663680362759
2026-07-21 04:00:00,2026-07-21,5,15.1,0.4356270049762613,0.7611103499999997,0.4674071495133132,0.2839771424408156,0.4674071495133132,0.4674071495133132,-1.260412711303327,2.1952270103299534,nominal_90,gradient_boosting,available_weather=744;climatology_fallback=0,0.786158317061517,75.898,59.66784394833501
2026-07-21 05:00:00,2026-07-21,6,15.1,0.4474213506998944,1.0903502300000008,0.5291371923603357,0.45008160219396065,0.5291371923603357,0.5291371923603357,-1.1986826684563043,2.256957053176976,nominal_90,gradient_boosting,available_weather=744;climatology_fallback=0,0.786158317061517,73.53,57.80622105353334
2026-07-21 06:00:00,2026-07-21,7,15.5,0.49400062626973273,1.194547300000001,0.5617671414704606,0.4910074727756542,0.5617671414704606,0.5617671414704606,-1.1660527193461796,2.2895870022871008,nominal_90,gradient_boosting,available_weather=744;climatology_fallback=0,0.786158317061517,54.082,42.51701410332096
2026-07-21 07:00:00,2026-07-21,8,17.5,0.5172091497221705,0.9963427400000003,0.7088328475595765,0.6471612662332513,0.7088328475595765,0.7088328475595765,-1.0189870132570635,2.436652708376217,nominal_90,gradient_boosting,available_weather=744;climatology_fallback=0,0.786158317061517,49.40566666666667,38.84067575996895
2026-07-21 08:00:00,2026-07-21,9,18.0,0.608882879605906,0.4831328099999999,0.5272167090161027,0.5333732123159378,0.5272167090161027,0.5272167090161027,-1.2006031518005376,2.255036569832743,nominal_90,gradient_boosting,available_weather=744;climatology_fallback=0,0.786158317061517,46.70933333333333,36.72093088439875
2026-07-21 09:00:00,2026-07-21,10,20.6,0.43634164738810566,0.2950314899999998,0.3738486770280807,0.34283499111971427,0.3738486770280807,0.3738486770280807,-1.3539711837885595,2.101668537844721,nominal_90,gradient_boosting,available_weather=744;climatology_fallback=0,0.786158317061517,36.81733333333333,28.94425281202622
2026-07-21 10:00:00,2026-07-21,11,23.2,0.2996049498353886,0.19081426999999987,0.2724967485870733,0.27495300716805576,0.2724967485870733,0.2724967485870733,-1.455323112229567,2.0003166094037135,nominal_90,gradient_boosting,available_weather=744;climatology_fallback=0,0.786158317061517,36.884,28.996663366496993
2026-07-21 11:00:00,2026-07-21,12,25.3,0.19607064356592896,0.26668173000000006,0.28697813078904466,0.28285619298209946,0.28697813078904466,0.28697813078904466,-1.4408417300275955,2.014797991605685,nominal_90,gradient_boosting,available_weather=744;climatology_fallback=0,0.786158317061517,31.804666666666666,25.003503221369193
2026-07-21 12:00:00,2026-07-21,13,27.1,0.18485454872882567,0.0988832,0.2324832801663381,0.3067651452640279,0.2324832801663381,0.2324832801663381,-1.495336580650302,1.9603031409829783,nominal_90,gradient_boosting,available_weather=744;climatology_fallback=0,0.786158317061517,24.10666666666667,18.95165649662964
2026-07-21 13:00:00,2026-07-21,14,28.2,0.11848403418647971,0.10168033000000007,0.10144534879807597,0.23877034623742857,0.10144534879807597,0.10144534879807597,-1.6263745120185642,1.8292652096147162,nominal_90,gradient_boosting,available_weather=744;climatology_fallback=0,0.786158317061517,25.945333333333334,20.397139588933413
2026-07-21 14:00:00,2026-07-21,15,27.9,0.03049684672288594,-0.023323639999999996,0.08393343705231976,0.12345676397379325,0.08393343705231976,0.08393343705231976,-1.6438864237643205,1.8117532978689599,nominal_90,gradient_boosting,available_weather=744;climatology_fallback=0,0.786158317061517,26.921333333333333,21.164430106385453
2026-07-21 15:00:00,2026-07-21,16,27.8,0.013826255138635779,-0.027690700000000006,0.11082518515374107,-0.05156728805060881,0.11082518515374107,0.11082518515374107,-1.616994675662899,1.8386450459703814,nominal_90,gradient_boosting,available_weather=744;climatology_fallback=0,0.786158317061517,32.778666666666666,25.76922142218711
2026-07-21 16:00:00,2026-07-21,17,23.9,0.11671381979950551,0.33788502999999986,0.22508269857647104,0.2356404598686208,0.22508269857647104,0.22508269857647104,-1.502737162240169,1.9529025593931113,nominal_90,gradient_boosting,available_weather=744;climatology_fallback=0,0.786158317061517,61.599333333333334,48.42682822544474
2026-07-21 17:00:00,2026-07-21,18,24.0,0.1936792185821783,0.3685446300000001,0.2959777589939073,0.32572696833403153,0.2959777589939073,0.2959777589939073,-1.431842101822733,2.0237976198105474,nominal_90,gradient_boosting,available_weather=744;climatology_fallback=0,0.786158317061517,76.64433333333334,60.25458010563526
2026-07-21 18:00:00,2026-07-21,19,24.5,0.2383067154527159,0.42811411000000005,0.3409374054375845,0.17182251082412106,0.3409374054375845,0.3409374054375845,-1.3868824553790557,2.0687572662542246,nominal_90,gradient_boosting,available_weather=744;climatology_fallback=0,0.786158317061517,112.38000000000001,88.34847167137329
2026-07-21 19:00:00,2026-07-21,20,24.6,0.3023699952847941,0.44484525000000014,0.31821136304250813,0.36436548314687217,0.31821136304250813,0.31821136304250813,-1.409608497774132,2.0460312238591483,nominal_90,gradient_boosting,available_weather=744;climatology_fallback=0,0.786158317061517,106.62866666666667,83.82701313718015
2026-07-21 20:00:00,2026-07-21,21,20.3,0.35146787865210183,0.7713405600000006,0.27144506169954535,0.43149787420862024,0.27144506169954535,0.27144506169954535,-1.4563747991170948,1.9992649225161856,nominal_90,gradient_boosting,available_weather=744;climatology_fallback=0,0.786158317061517,110.325,86.73291632981186
2026-07-21 21:00:00,2026-07-21,22,20.1,0.3460614781396441,0.5111694599999999,0.35767433268309906,0.35079955306272,0.35767433268309906,0.35767433268309906,-1.370145528133541,2.085494193499739,nominal_90,gradient_boosting,available_weather=744;climatology_fallback=0,0.786158317061517,106.30433333333333,83.57203578967984
2026-07-21 22:00:00,2026-07-21,23,19.2,0.40802433241210656,0.48954621999999987,0.31032643422775225,0.35079955306272,0.31032643422775225,0.31032643422775225,-1.4174934265888879,2.0381462950443923,nominal_90,gradient_boosting,available_weather=744;climatology_fallback=0,0.786158317061517,103.35,81.24946206830778
2026-07-21 23:00:00,2026-07-21,24,18.3,0.38413585489827706,0.3701197499999997,0.30687363229974934,0.35079955306272,0.30687363229974934,0.30687363229974934,-1.4209462285168908,2.0346934931163894,nominal_90,gradient_boosting,available_weather=744;climatology_fallback=0,0.786158317061517,100.27566666666667,78.83254934888832
2026-07-22 00:00:00,2026-07-22,1,17.6,0.39795109184121913,0.5615436699999999,0.2563278021723716,0.30025372293534225,0.2563278021723716,0.2563278021723716,-1.4714920586442686,1.9841476629890118,nominal_90,gradient_boosting,available_weather=744;climatology_fallback=0,0.786158317061517,89.09366666666666,70.04172704750644
2026-07-22 01:00:00,2026-07-22,2,17.2,0.3587232470727533,0.33649729999999983,0.31559571574219014,0.3595216365051608,0.31559571574219014,0.31559571574219014,-1.41222414507445,2.0434155765588304,nominal_90,gradient_boosting,available_weather=744;climatology_fallback=0,0.786158317061517,86.52533333333334,68.02261043652011
2026-07-22 02:00:00,2026-07-22,3,15.9,0.40678079542457546,0.5419079000000001,0.2844020747912594,0.3317938563647745,0.2844020747912594,0.2844020747912594,-1.4434177860253807,2.0122219356078994,nominal_90,gradient_boosting,available_weather=744;climatology_fallback=0,0.786158317061517,88.941,69.92170687776839
2026-07-22 03:00:00,2026-07-22,4,15.9,0.38808588837152946,0.5361637300000001,0.31559571574219014,0.36298749731570523,0.31559571574219014,0.31559571574219014,-1.41222414507445,2.0434155765588304,nominal_90,gradient_boosting,available_weather=744;climatology_fallback=0,0.786158317061517,84.279,66.25663680362759
2026-07-22 04:00:00,2026-07-22,5,16.3,0.3969920771145162,0.52520659,0.31559571574219014,0.36298749731570523,0.31559571574219014,0.31559571574219014,-1.41222414507445,2.0434155765588304,nominal_90,gradient_boosting,available_weather=744;climatology_fallback=0,0.786158317061517,75.898,59.66784394833501
2026-07-22 05:00:00,2026-07-22,6,16.6,0.4092347152970871,0.5347173999999997,0.378154205996185,0.4255459875697001,0.378154205996185,0.378154205996185,-1.349665654820455,2.1059740668128253,nominal_90,gradient_boosting,available_weather=744;climatology_fallback=0,0.786158317061517,73.53,57.80622105353334
2026-07-22 06:00:00,2026-07-22,7,16.4,0.476603653970834,0.8126068299999999,0.4744738815974452,0.5218656631709603,0.4744738815974452,0.4744738815974452,-1.253345979219195,2.2022937424140854,nominal_90,gradient_boosting,available_weather=744;climatology_fallback=0,0.786158317061517,54.082,42.51701410332096
2026-07-22 07:00:00,2026-07-22,8,17.0,0.5830070924494828,0.7413103100000002,0.6040382104744811,0.6834966430758518,0.6040382104744811,0.6040382104744811,-1.123781650342159,2.3318580712911214,nominal_90,gradient_boosting,available_weather=744;climatology_fallback=0,0.786158317061517,49.40566666666667,38.84067575996895
2026-07-22 08:00:00,2026-07-22,9,17.5,0.6572864267418939,0.39616734999999986,0.43312264771927206,0.6005584710273137,0.43312264771927206,0.43312264771927206,-1.2946972130973682,2.1609425085359124,nominal_90,gradient_boosting,available_weather=744;climatology_fallback=0,0.786158317061517,46.70933333333333,36.72093088439875
2026-07-22 09:00:00,2026-07-22,10,16.2,0.5291209030860675,0.21681199999999978,0.3009304979541569,0.3691542887412537,0.3009304979541569,0.3009304979541569,-1.4268893628624832,2.028750358770797,nominal_90,gradient_boosting,available_weather=744;climatology_fallback=0,0.786158317061517,36.81733333333333,28.94425281202622
2026-07-22 10:00:00,2026-07-22,11,17.5,0.389276627538495,0.24463365999999978,0.3009304979541569,0.13292487621540683,0.3009304979541569,0.3009304979541569,-1.4268893628624832,2.028750358770797,nominal_90,gradient_boosting,available_weather=744;climatology_fallback=0,0.786158317061517,36.884,28.996663366496993
2026-07-22 11:00:00,2026-07-22,12,19.8,0.3543513754982276,0.2504545299999997,0.3009304979541569,0.13144422098826744,0.3009304979541569,0.3009304979541569,-1.4268893628624832,2.028750358770797,nominal_90,gradient_boosting,available_weather=744;climatology_fallback=0,0.786158317061517,31.804666666666666,25.003503221369193
2026-07-22 12:00:00,2026-07-22,13,21.4,0.320374590254267,0.5870465499999995,0.28027053850036276,0.0724043607071082,0.28027053850036276,0.28027053850036276,-1.4475493223162774,2.0080903993170027,nominal_90,gradient_boosting,available_weather=744;climatology_fallback=0,0.786158317061517,24.10666666666667,18.95165649662964
2026-07-22 13:00:00,2026-07-22,14,21.8,0.29786774598242427,0.45104577999999995,0.2533787903989415,0.06990835585975715,0.2533787903989415,0.2533787903989415,-1.4744410704176987,1.9811986512155817,nominal_90,gradient_boosting,available_weather=744;climatology_fallback=0,0.786158317061517,25.945333333333334,20.397139588933413
2026-07-22 14:00:00,2026-07-22,15,21.2,0.29036586561398525,0.38895424999999983,0.2533787903989415,0.021768380818754166,0.2533787903989415,0.2533787903989415,-1.4744410704176987,1.9811986512155817,nominal_90,gradient_boosting,available_weather=744;climatology_fallback=0,0.786158317061517,26.921333333333333,21.164430106385453
2026-07-22 15:00:00,2026-07-22,16,21.0,0.2906184307155464,0.3598193899999997,0.2698851420954582,-0.060621593629277576,0.2698851420954582,0.2698851420954582,-1.457934718721182,1.9977050029120984,nominal_90,gradient_boosting,available_weather=744;climatology_fallback=0,0.786158317061517,32.778666666666666,25.76922142218711
2026-07-22 16:00:00,2026-07-22,17,20.8,0.3501493232716829,0.5083949199999999,0.35405019690771555,0.20535397069817077,0.35405019690771555,0.35405019690771555,-1.3737696639089245,2.081870057724356,nominal_90,gradient_boosting,available_weather=744;climatology_fallback=0,0.786158317061517,61.599333333333334,48.42682822544474
2026-07-22 17:00:00,2026-07-22,18,20.5,0.4392018782920959,0.43898910999999996,0.43110541961365645,0.31141242530774366,0.43110541961365645,0.43110541961365645,-1.2967144412029836,2.1589252804302967,nominal_90,gradient_boosting,available_weather=744;climatology_fallback=0,0.786158317061517,76.64433333333334,60.25458010563526
2026-07-22 18:00:00,2026-07-22,19,20.0,0.5194494072897073,0.39732755999999975,0.4096160987988374,0.4256504432089138,0.4096160987988374,0.4096160987988374,-1.3182037620178026,2.1374359596154777,nominal_90,gradient_boosting,available_weather=744;climatology_fallback=0,0.786158317061517,112.38000000000001,88.34847167137329
2026-07-22 19:00:00,2026-07-22,20,18.6,0.486736590713466,0.55040746,0.42765261768565355,0.20345941241503168,0.42765261768565355,0.42765261768565355,-1.3001672431309865,2.155472478502294,nominal_90,gradient_boosting,available_weather=744;climatology_fallback=0,0.786158317061517,106.62866666666667,83.82701313718015
2026-07-22 20:00:00,2026-07-22,21,17.1,0.5233616075316003,0.7520224700000003,0.38937537414954304,0.3919161388151899,0.38937537414954304,0.38937537414954304,-1.3384444866670973,2.117195234966183,nominal_90,gradient_boosting,available_weather=744;climatology_fallback=0,0.786158317061517,110.325,86.73291632981186
2026-07-22 21:00:00,2026-07-22,22,16.4,0.5033958886049459,0.7380268900000001,0.31559571574219014,0.36819320404543715,0.31559571574219014,0.31559571574219014,-1.41222414507445,2.0434155765588304,nominal_90,gradient_boosting,available_weather=744;climatology_fallback=0,0.786158317061517,106.30433333333333,83.57203578967984
2026-07-22 22:00:00,2026-07-22,23,15.8,0.44833178520761124,0.2818350899999997,0.3327898143854398,0.36474040211743425,0.3327898143854398,0.3327898143854398,-1.3950300464312004,2.06060967520208,nominal_90,gradient_boosting,available_weather=744;climatology_fallback=0,0.786158317061517,103.35,81.24946206830778
2026-07-22 23:00:00,2026-07-22,24,14.7,0.4591741752018213,0.6321403399999999,0.3327898143854398,0.3475463034741846,0.3327898143854398,0.3327898143854398,-1.3950300464312004,2.06060967520208,nominal_90,gradient_boosting,available_weather=744;climatology_fallback=0,0.786158317061517,100.27566666666667,78.83254934888832
2026-07-23 00:00:00,2026-07-23,1,13.7,0.4800668934657227,0.6225274600000001,0.15277512126666043,0.24946442250531187,0.15277512126666043,0.15277512126666043,-1.5750447395499798,1.8805949820833006,nominal_90,gradient_boosting,available_weather=744;climatology_fallback=0,0.786158317061517,89.09366666666666,70.04172704750644
2026-07-23 01:00:00,2026-07-23,2,12.9,0.3883582861068085,0.2041923399999999,0.24071537602954762,0.36533188360219165,0.24071537602954762,0.24071537602954762,-1.4871044847870927,1.9685352368461877,nominal_90,gradient_boosting,available_weather=744;climatology_fallback=0,0.786158317061517,86.52533333333334,68.02261043652011
2026-07-23 02:00:00,2026-07-23,3,11.8,0.4465112279293745,0.26842050999999983,0.33683409779820017,0.36878468553019456,0.33683409779820017,0.33683409779820017,-1.3909857630184401,2.0646539586148402,nominal_90,gradient_boosting,available_weather=744;climatology_fallback=0,0.786158317061517,88.941,69.92170687776839
2026-07-23 03:00:00,2026-07-23,4,11.5,0.5251861095765981,0.3077661299999998,0.33683409779820017,0.36533188360219165,0.33683409779820017,0.33683409779820017,-1.3909857630184401,2.0646539586148402,nominal_90,gradient_boosting,available_weather=744;climatology_fallback=0,0.786158317061517,84.279,66.25663680362759
2026-07-23 04:00:00,2026-07-23,5,11.2,0.5167162793141424,0.30675655999999996,0.33338129587019727,0.27503070924670003,0.33338129587019727,0.33338129587019727,-1.394438564946443,2.0612011566868373,nominal_90,gradient_boosting,available_weather=744;climatology_fallback=0,0.786158317061517,75.898,59.66784394833501
2026-07-23 05:00:00,2026-07-23,6,10.9,0.5398370321004662,0.9625741099999996,0.31337780341142135,0.471656444272368,0.31337780341142135,0.31337780341142135,-1.4144420574052188,2.0411976642280614,nominal_90,gradient_boosting,available_weather=744;climatology_fallback=0,0.786158317061517,73.53,57.80622105353334
2026-07-23 06:00:00,2026-07-23,7,11.5,0.5524510623689896,0.9241122699999997,0.40707056405560327,0.6554742754607569,0.40707056405560327,0.40707056405560327,-1.3207492967610368,2.1348904248722436,nominal_90,gradient_boosting,available_weather=744;climatology_fallback=0,0.786158317061517,54.082,42.51701410332096
2026-07-23 07:00:00,2026-07-23,8,13.5,0.6763087588285948,0.5072382699999997,0.5651869153371868,1.2371916940778356,0.5651869153371868,0.5651869153371868,-1.1626329454794533,2.293006776153827,nominal_90,gradient_boosting,available_weather=744;climatology_fallback=0,0.786158317061517,49.40566666666667,38.84067575996895
2026-07-23 08:00:00,2026-07-23,9,15.1,0.7287215676166263,0.3870641899999999,0.4337141292040295,0.8596866204192963,0.4337141292040295,0.4337141292040295,-1.2941057316126106,2.16153399002067,nominal_90,gradient_boosting,available_weather=744;climatology_fallback=0,0.786158317061517,46.70933333333333,36.72093088439875
2026-07-23 09:00:00,2026-07-23,10,17.4,0.565590853442285,0.2037258799999998,0.2860807855973936,0.5464622031450772,0.2860807855973936,0.2860807855973936,-1.4417390752192465,2.013900646414034,nominal_90,gradient_boosting,available_weather=744;climatology_fallback=0,0.786158317061517,36.81733333333333,28.94425281202622
2026-07-23 10:00:00,2026-07-23,11,19.2,0.42034249895485953,0.2882297399999999,0.30152197943891434,0.3255887283573021,0.30152197943891434,0.30152197943891434,-1.4262978813777258,2.0293418402555545,nominal_90,gradient_boosting,available_weather=744;climatology_fallback=0,0.786158317061517,36.884,28.996663366496993
2026-07-23 11:00:00,2026-07-23,12,20.4,0.3975303437888779,0.25755483999999973,0.30497478136691725,0.20054338855166745,0.30497478136691725,0.30497478136691725,-1.422845079449723,2.0327946421835574,nominal_90,gradient_boosting,available_weather=744;climatology_fallback=0,0.786158317061517,31.804666666666666,25.003503221369193
2026-07-23 12:00:00,2026-07-23,13,21.1,0.3745681510391192,0.5964163499999997,0.2843278807956647,0.04962209755531845,0.2843278807956647,0.2843278807956647,-1.4434919800209756,2.012147741612305,nominal_90,gradient_boosting,available_weather=744;climatology_fallback=0,0.786158317061517,24.10666666666667,18.95165649662964
2026-07-23 13:00:00,2026-07-23,14,21.6,0.35288228249953446,0.52756825,0.2843278807956647,-0.0030837322158526912,0.2843278807956647,0.2843278807956647,-1.4434919800209756,2.012147741612305,nominal_90,gradient_boosting,available_weather=744;climatology_fallback=0,0.786158317061517,25.945333333333334,20.397139588933413
2026-07-23 14:00:00,2026-07-23,15,22.2,0.3442695427394133,0.5942570200000002,0.2843278807956647,-0.04775784644631118,0.2843278807956647,0.2843278807956647,-1.4434919800209756,2.012147741612305,nominal_90,gradient_boosting,available_weather=744;climatology_fallback=0,0.786158317061517,26.921333333333333,21.164430106385453
2026-07-23 15:00:00,2026-07-23,16,22.6,0.3437290772797399,0.6123654700000001,0.2843278807956647,-0.03526127376632231,0.2843278807956647,0.2843278807956647,-1.4434919800209756,2.012147741612305,nominal_90,gradient_boosting,available_weather=744;climatology_fallback=0,0.786158317061517,32.778666666666666,25.76922142218711
2026-07-23 16:00:00,2026-07-23,17,22.6,0.3627623412344969,0.6288126600000001,0.3581075392030175,0.05973518490226179,0.3581075392030175,0.3581075392030175,-1.3697123216136227,2.0859274000196577,nominal_90,gradient_boosting,available_weather=744;climatology_fallback=0,0.786158317061517,61.599333333333334,48.42682822544474
2026-07-23 17:00:00,2026-07-23,18,22.5,0.4303694429298854,0.4948966100000002,0.4169364650534152,0.09856659153312278,0.4169364650534152,0.4169364650534152,-1.3108833957632249,2.1447563258700555,nominal_90,gradient_boosting,available_weather=744;climatology_fallback=0,0.786158317061517,76.64433333333334,60.25458010563526
2026-07-23 18:00:00,2026-07-23,19,21.8,0.5018297454927586,0.35563625999999976,0.483995413792359,0.2814678444329798,0.483995413792359,0.483995413792359,-1.2438244470242812,2.211815274608999,nominal_90,gradient_boosting,available_weather=744;climatology_fallback=0,0.786158317061517,112.38000000000001,88.34847167137329
2026-07-23 19:00:00,2026-07-23,20,20.3,0.571333623244295,0.6427364,0.5687609577070798,0.32914832796808574,0.5687609577070798,0.5687609577070798,-1.1590589031095604,2.29658081852372,nominal_90,gradient_boosting,available_weather=744;climatology_fallback=0,0.786158317061517,106.62866666666667,83.82701313718015
2026-07-23 20:00:00,2026-07-23,21,18.7,0.6521871674568486,0.5649708,0.6244640874954027,0.40307574817807595,0.6244640874954027,0.6244640874954027,-1.1033557733212374,2.352283948312043,nominal_90,gradient_boosting,available_weather=744;climatology_fallback=0,0.786158317061517,110.325,86.73291632981186
2026-07-23 21:00:00,2026-07-23,22,17.5,0.6810176846355902,0.5912570399999999,0.6427668700975718,0.31794010202867656,0.6427668700975718,0.6427668700975718,-1.0850529907190682,2.370586730914212,nominal_90,gradient_boosting,available_weather=744;climatology_fallback=0,0.786158317061517,106.30433333333333,83.57203578967984
2026-07-23 22:00:00,2026-07-23,23,16.7,0.6921468992794758,0.71373217,0.6754148496528029,0.31794010202867656,0.6754148496528029,0.6754148496528029,-1.0524050111638372,2.403234710469443,nominal_90,gradient_boosting,available_weather=744;climatology_fallback=0,0.786158317061517,103.35,81.24946206830778
2026-07-23 23:00:00,2026-07-23,24,15.9,0.712869383400643,0.6809331000000003,0.6850608538618009,0.31794010202867656,0.6850608538618009,0.6850608538618009,-1.0427590069548391,2.4128807146784412,nominal_90,gradient_boosting,available_weather=744;climatology_fallback=0,0.786158317061517,100.27566666666667,78.83254934888832
2026-07-24 00:00:00,2026-07-24,1,14.7,0.7296032059456259,0.4870141299999999,0.5181829170909692,0.20207264093179675,0.5181829170909692,0.5181829170909692,-1.209636943725671,2.2460027779076093,nominal_90,gradient_boosting,available_weather=744;climatology_fallback=0,0.786158317061517,89.09366666666666,70.04172704750644
2026-07-24 01:00:00,2026-07-24,2,14.3,0.6396086523723632,0.4360569699999999,0.48865859045186477,0.2634329945050356,0.48865859045186477,0.48865859045186477,-1.2391612703647754,2.2164784512685047,nominal_90,gradient_boosting,available_weather=744;climatology_fallback=0,0.786158317061517,86.52533333333334,68.02261043652011
2026-07-24 02:00:00,2026-07-24,3,12.2,0.6567213066726523,0.42639008000000006,0.48865859045186477,0.32139290395667947,0.48865859045186477,0.48865859045186477,-1.2391612703647754,2.2164784512685047,nominal_90,gradient_boosting,available_weather=744;climatology_fallback=0,0.786158317061517,88.941,69.92170687776839
2026-07-24 03:00:00,2026-07-24,4,12.4,0.6330371642436632,0.7960955000000002,0.4714644918086151,0.24828582824443735,0.4714644918086151,0.4714644918086151,-1.2563553690080251,2.1992843526252552,nominal_90,gradient_boosting,available_weather=744;climatology_fallback=0,0.786158317061517,84.279,66.25663680362759
2026-07-24 04:00:00,2026-07-24,5,12.3,0.6216222508861001,0.7803695600000001,0.43939784078075944,0.2448330263164344,0.43939784078075944,0.43939784078075944,-1.2884220200358807,2.1672177015973997,nominal_90,gradient_boosting,available_weather=744;climatology_fallback=0,0.786158317061517,75.898,59.66784394833501
2026-07-24 05:00:00,2026-07-24,6,12.0,0.6230481379087452,0.9032697099999999,0.4540894149730206,0.399392588052195,0.4540894149730206,0.4540894149730206,-1.2737304458436196,2.1819092757896605,nominal_90,gradient_boosting,available_weather=744;climatology_fallback=0,0.786158317061517,73.53,57.80622105353334
2026-07-24 06:00:00,2026-07-24,7,12.7,0.6380925831313442,1.06859554,0.4471015580643702,0.42771746462685584,0.4471015580643702,0.4471015580643702,-1.28071830275227,2.17492141888101,nominal_90,gradient_boosting,available_weather=744;climatology_fallback=0,0.786158317061517,54.082,42.51701410332096
2026-07-24 07:00:00,2026-07-24,8,14.5,0.6277018558376823,1.0231794200000004,0.4471015580643702,0.42426466269885293,0.4471015580643702,0.4471015580643702,-1.28071830275227,2.17492141888101,nominal_90,gradient_boosting,available_weather=744;climatology_fallback=0,0.786158317061517,49.40566666666667,38.84067575996895
2026-07-24 08:00:00,2026-07-24,9,13.9,0.6134593371507112,0.7653584900000002,0.32387990373393216,0.2556260324129751,0.32387990373393216,0.32387990373393216,-1.403939957082708,2.0516997645505723,nominal_90,gradient_boosting,available_weather=744;climatology_fallback=0,0.786158317061517,46.70933333333333,36.72093088439875
2026-07-24 09:00:00,2026-07-24,10,13.1,0.540253247951634,0.21504534999999975,0.30152197943891434,0.22087689569919527,0.30152197943891434,0.30152197943891434,-1.4262978813777258,2.0293418402555545,nominal_90,gradient_boosting,available_weather=744;climatology_fallback=0,0.786158317061517,36.81733333333333,28.94425281202622
2026-07-24 10:00:00,2026-07-24,11,12.5,0.5410748069031572,0.2182742699999998,0.30152197943891434,0.21852291503892432,0.30152197943891434,0.30152197943891434,-1.4262978813777258,2.0293418402555545,nominal_90,gradient_boosting,available_weather=744;climatology_fallback=0,0.786158317061517,36.884,28.996663366496993
2026-07-24 11:00:00,2026-07-24,12,11.7,0.5478399249064507,0.6181837499999997,0.2843278807956647,0.14060366772677205,0.2843278807956647,0.2843278807956647,-1.4434919800209756,2.012147741612305,nominal_90,gradient_boosting,available_weather=744;climatology_fallback=0,0.786158317061517,31.804666666666666,25.003503221369193
2026-07-24 12:00:00,2026-07-24,13,11.9,0.5295929733096878,0.5542535699999995,0.2843278807956647,0.04676017108684516,0.2843278807956647,0.2843278807956647,-1.4434919800209756,2.012147741612305,nominal_90,gradient_boosting,available_weather=744;climatology_fallback=0,0.786158317061517,24.10666666666667,18.95165649662964
2026-07-24 13:00:00,2026-07-24,14,12.6,0.5221424627439593,0.5536945599999997,0.2843278807956647,0.009412840464136188,0.2843278807956647,0.2843278807956647,-1.4434919800209756,2.012147741612305,nominal_90,gradient_boosting,available_weather=744;climatology_fallback=0,0.786158317061517,25.945333333333334,20.397139588933413
2026-07-24 14:00:00,2026-07-24,15,13.4,0.5099542522309529,0.5582587899999999,0.2843278807956647,-0.03526127376632231,0.2843278807956647,0.2843278807956647,-1.4434919800209756,2.012147741612305,nominal_90,gradient_boosting,available_weather=744;climatology_fallback=0,0.786158317061517,26.921333333333333,21.164430106385453
2026-07-24 15:00:00,2026-07-24,16,15.5,0.4816843257637845,0.6025178799999997,0.2843278807956647,-0.03526127376632231,0.2843278807956647,0.2843278807956647,-1.4434919800209756,2.012147741612305,nominal_90,gradient_boosting,available_weather=744;climatology_fallback=0,0.786158317061517,32.778666666666666,25.76922142218711
2026-07-24 16:00:00,2026-07-24,17,17.0,0.46270392923948245,0.62766424,0.3581075392030175,-0.06840474701756376,0.3581075392030175,0.3581075392030175,-1.3697123216136227,2.0859274000196577,nominal_90,gradient_boosting,available_weather=744;climatology_fallback=0,0.786158317061517,61.599333333333334,48.42682822544474
2026-07-24 17:00:00,2026-07-24,18,17.2,0.5127371900664386,0.49181084000000025,0.4169364650534152,-0.12839182609385413,0.4169364650534152,0.4169364650534152,-1.3108833957632249,2.1447563258700555,nominal_90,gradient_boosting,available_weather=744;climatology_fallback=0,0.786158317061517,76.64433333333334,60.25458010563526
2026-07-24 18:00:00,2026-07-24,19,16.8,0.5796904334049859,0.3373925599999999,0.483995413792359,-0.0230791710653865,0.483995413792359,0.483995413792359,-1.2438244470242812,2.211815274608999,nominal_90,gradient_boosting,available_weather=744;climatology_fallback=0,0.786158317061517,112.38000000000001,88.34847167137329
2026-07-24 19:00:00,2026-07-24,20,15.6,0.6589553317580477,0.6201426500000001,0.5687609577070798,0.09247962374425847,0.5687609577070798,0.5687609577070798,-1.1590589031095604,2.29658081852372,nominal_90,gradient_boosting,available_weather=744;climatology_fallback=0,0.786158317061517,106.62866666666667,83.82701313718015
2026-07-24 20:00:00,2026-07-24,21,14.2,0.7511542466254828,0.5583765500000003,0.6244640874954027,0.20014506574241914,0.6244640874954027,0.6244640874954027,-1.1033557733212374,2.352283948312043,nominal_90,gradient_boosting,available_weather=744;climatology_fallback=0,0.786158317061517,110.325,86.73291632981186
2026-07-24 21:00:00,2026-07-24,22,13.3,0.7798458382085748,0.5563408400000001,0.6427668700975718,0.04767832705933451,0.6427668700975718,0.6427668700975718,-1.0850529907190682,2.370586730914212,nominal_90,gradient_boosting,available_weather=744;climatology_fallback=0,0.786158317061517,106.30433333333333,83.57203578967984
2026-07-24 22:00:00,2026-07-24,23,12.6,0.8104098987071281,0.6905534899999999,0.6754148496528029,0.21205215415998063,0.6754148496528029,0.6754148496528029,-1.0524050111638372,2.403234710469443,nominal_90,gradient_boosting,available_weather=744;climatology_fallback=0,0.786158317061517,103.35,81.24946206830778
2026-07-24 23:00:00,2026-07-24,24,11.8,0.8404652611786013,0.6741229600000003,0.6850608538618009,0.2747889822470822,0.6850608538618009,0.6850608538618009,-1.0427590069548391,2.4128807146784412,nominal_90,gradient_boosting,available_weather=744;climatology_fallback=0,0.786158317061517,100.27566666666667,78.83254934888832
2026-07-25 00:00:00,2026-07-25,1,10.8,0.8650757829098183,0.54623701,0.27569044620585703,0.21925368069250475,0.27569044620585703,0.27569044620585703,-1.4521294146107833,2.003510307022497,nominal_90,gradient_boosting,available_weather=744;climatology_fallback=0,0.786158317061517,89.09366666666666,70.04172704750644
2026-07-25 01:00:00,2026-07-25,2,10.1,0.6162722980938041,0.3505724099999999,0.20481612150259984,0.3142336948883853,0.20481612150259984,0.20481612150259984,-1.5230037393140403,1.93263598231924,nominal_90,gradient_boosting,available_weather=744;climatology_fallback=0,0.786158317061517,86.52533333333334,68.02261043652011
2026-07-25 02:00:00,2026-07-25,3,9.2,0.5563692998906549,0.4158478899999999,0.3555881692316583,0.32139290395667947,0.3555881692316583,0.3555881692316583,-1.372231691584982,2.0834080300482984,nominal_90,gradient_boosting,available_weather=744;climatology_fallback=0,0.786158317061517,88.941,69.92170687776839
2026-07-25 03:00:00,2026-07-25,4,9.3,0.6259403360859978,0.39735394999999996,0.4218567620972942,0.2448330263164344,0.4218567620972942,0.4218567620972942,-1.305963098719346,2.1496766229139346,nominal_90,gradient_boosting,available_weather=744;climatology_fallback=0,0.786158317061517,84.279,66.25663680362759
2026-07-25 04:00:00,2026-07-25,5,9.1,0.683726991315861,0.37243156999999977,0.3665434981605044,0.2448330263164344,0.3665434981605044,0.3665434981605044,-1.3612763626561357,2.0943633589771444,nominal_90,gradient_boosting,available_weather=744;climatology_fallback=0,0.786158317061517,75.898,59.66784394833501
2026-07-25 05:00:00,2026-07-25,6,8.8,0.6603577194234305,1.06674731,0.7651440961930988,0.399392588052195,0.7651440961930988,0.7651440961930988,-0.9626757646235414,2.492963957009739,nominal_90,gradient_boosting,available_weather=744;climatology_fallback=0,0.786158317061517,73.53,57.80622105353334
2026-07-25 06:00:00,2026-07-25,7,9.2,0.954688040110043,1.3302649600000016,1.1138499625909353,0.42771746462685584,1.1138499625909353,1.1138499625909353,-0.6139698982257049,2.8416698234075755,nominal_90,gradient_boosting,available_weather=744;climatology_fallback=0,0.786158317061517,54.082,42.51701410332096
2026-07-25 07:00:00,2026-07-25,8,11.4,1.2542902763369725,1.3636816200000006,1.1898630617765291,0.9043404540375137,1.1898630617765291,1.1898630617765291,-0.5379567990401111,2.917682922593169,nominal_90,gradient_boosting,available_weather=744;climatology_fallback=0,0.786158317061517,49.40566666666667,38.84067575996895
2026-07-25 08:00:00,2026-07-25,9,13.7,1.2163559826859554,0.8792113100000003,0.8187934089521195,0.5945676074625292,0.8187934089521195,0.8187934089521195,-0.9090264518645207,2.5466132697687596,nominal_90,gradient_boosting,available_weather=744;climatology_fallback=0,0.786158317061517,46.70933333333333,36.72093088439875
2026-07-25 09:00:00,2026-07-25,10,16.3,0.9045055643491271,0.39865235999999965,0.4886488345318263,0.4398036350784692,0.4886488345318263,0.4886488345318263,-1.239171026284814,2.2164686953484667,nominal_90,gradient_boosting,available_weather=744;climatology_fallback=0,0.786158317061517,36.81733333333333,28.94425281202622
2026-07-25 10:00:00,2026-07-25,11,18.2,0.6225334438781036,0.19325483999999968,0.4077036087146287,0.09979265866530687,0.4077036087146287,0.4077036087146287,-1.3201162521020116,2.135523469531269,nominal_90,gradient_boosting,available_weather=744;climatology_fallback=0,0.786158317061517,36.884,28.996663366496993
2026-07-25 11:00:00,2026-07-25,12,19.8,0.500316932265037,0.16665706999999982,0.30883544920300887,-0.1376247263785744,0.30883544920300887,0.30883544920300887,-1.4189844116136312,2.036655310019649,nominal_90,gradient_boosting,available_weather=744;climatology_fallback=0,0.786158317061517,31.804666666666666,25.003503221369193
2026-07-25 12:00:00,2026-07-25,13,20.5,0.41393460407664906,0.26120786999999973,0.3205969345450039,-0.16665875083642584,0.3205969345450039,0.3205969345450039,-1.4072229262716363,2.048416795361644,nominal_90,gradient_boosting,available_weather=744;climatology_fallback=0,0.786158317061517,24.10666666666667,18.95165649662964
2026-07-25 13:00:00,2026-07-25,14,20.6,0.415152271123306,0.2380517499999998,0.3205969345450039,-0.2206330073820412,0.3205969345450039,0.3205969345450039,-1.4072229262716363,2.048416795361644,nominal_90,gradient_boosting,available_weather=744;climatology_fallback=0,0.786158317061517,25.945333333333334,20.397139588933413
2026-07-25 14:00:00,2026-07-25,15,21.6,0.4081006948181703,0.6331599099999998,0.3034028359017542,-0.17249955196735461,0.3034028359017542,0.3034028359017542,-1.424417024914886,2.0312226967183946,nominal_90,gradient_boosting,available_weather=744;climatology_fallback=0,0.786158317061517,26.921333333333333,21.164430106385453
2026-07-25 15:00:00,2026-07-25,16,21.8,0.3952324269867591,0.7024919900000006,0.3034028359017542,-0.1868049416808607,0.3034028359017542,0.3034028359017542,-1.424417024914886,2.0312226967183946,nominal_90,gradient_boosting,available_weather=744;climatology_fallback=0,0.786158317061517,32.778666666666666,25.76922142218711
2026-07-25 16:00:00,2026-07-25,17,21.8,0.3880961111074369,0.7260733900000004,0.37718249430910705,-0.3092865436074352,0.37718249430910705,0.37718249430910705,-1.350637366507533,2.1050023551257473,nominal_90,gradient_boosting,available_weather=744;climatology_fallback=0,0.786158317061517,61.599333333333334,48.42682822544474
2026-07-25 17:00:00,2026-07-25,18,21.5,0.4413846633919435,0.5003012400000001,0.4134836631254123,-0.39988567357480703,0.4134836631254123,0.4134836631254123,-1.3143361976912278,2.1413035239420526,nominal_90,gradient_boosting,available_weather=744;climatology_fallback=0,0.786158317061517,76.64433333333334,60.25458010563526
2026-07-25 18:00:00,2026-07-25,19,20.6,0.4981751930796995,0.32956105999999996,0.4459322293808542,-0.2941408232631388,0.4459322293808542,0.4459322293808542,-1.281887631435786,2.1737520901974943,nominal_90,gradient_boosting,available_weather=744;climatology_fallback=0,0.786158317061517,112.38000000000001,88.34847167137329
2026-07-25 19:00:00,2026-07-25,20,19.0,0.6232230664687108,0.8709348200000003,0.44409196453842686,0.4227251453275506,0.44409196453842686,0.44409196453842686,-1.2837278962782133,2.171911825355067,nominal_90,gradient_boosting,available_weather=744;climatology_fallback=0,0.786158317061517,106.62866666666667,83.82701313718015
2026-07-25 20:00:00,2026-07-25,21,16.7,0.6223721828713886,0.8347371300000002,0.458322726217728,0.17246645912752934,0.458322726217728,0.458322726217728,-1.2694971345989121,2.186142587034368,nominal_90,gradient_boosting,available_weather=744;climatology_fallback=0,0.786158317061517,110.325,86.73291632981186
2026-07-25 21:00:00,2026-07-25,22,15.7,0.6051606140845893,0.7657770900000002,0.3845430678103752,-0.0998379932173549,0.3845430678103752,0.3845430678103752,-1.343276793006265,2.1123629286270154,nominal_90,gradient_boosting,available_weather=744;climatology_fallback=0,0.786158317061517,106.30433333333333,83.57203578967984
2026-07-25 22:00:00,2026-07-25,23,14.8,0.5866186675509935,0.48742876000000024,0.33338129587019727,0.10767531081590476,0.33338129587019727,0.33338129587019727,-1.394438564946443,2.0612011566868373,nominal_90,gradient_boosting,available_weather=744;climatology_fallback=0,0.786158317061517,103.35,81.24946206830778
2026-07-25 23:00:00,2026-07-25,24,14.2,0.6044689195086802,0.24909591999999975,0.31794010202867656,0.6040754433037187,0.31794010202867656,0.31794010202867656,-1.4098797587879637,2.0457599628453167,nominal_90,gradient_boosting,available_weather=744;climatology_fallback=0,0.786158317061517,100.27566666666667,78.83254934888832
2026-07-26 00:00:00,2026-07-26,1,13.7,0.5590701795934301,1.04804412,0.2866268143590647,0.4238486234051494,0.2866268143590647,0.2866268143590647,-1.4411930464575755,2.014446675175705,nominal_90,gradient_boosting,available_weather=744;climatology_fallback=0,0.786158317061517,89.09366666666666,70.04172704750644
2026-07-26 01:00:00,2026-07-26,2,13.3,0.5128879492392334,0.8535505600000003,0.34157024464699165,0.292693670695748,0.34157024464699165,0.34157024464699165,-1.3862496161696485,2.069390105463632,nominal_90,gradient_boosting,available_weather=744;climatology_fallback=0,0.786158317061517,86.52533333333334,68.02261043652011
2026-07-26 02:00:00,2026-07-26,3,10.6,0.602620403251286,0.8761740899999999,0.2796682213880151,0.30445515603774304,0.2796682213880151,0.2796682213880151,-1.4481516394286251,2.0074880822046555,nominal_90,gradient_boosting,available_weather=744;climatology_fallback=0,0.786158317061517,88.941,69.92170687776839
2026-07-26 03:00:00,2026-07-26,4,10.7,0.5642673250636959,0.9229422699999997,0.4732192758035937,0.30445515603774304,0.4732192758035937,0.4732192758035937,-1.2546005850130464,2.201039136620234,nominal_90,gradient_boosting,available_weather=744;climatology_fallback=0,0.786158317061517,84.279,66.25663680362759
2026-07-26 04:00:00,2026-07-26,5,10.8,0.6924413828105165,0.41053967000000013,0.3631874517314224,0.27400040285332455,0.3631874517314224,0.3631874517314224,-1.3646324090852178,2.0910073125480624,nominal_90,gradient_boosting,available_weather=744;climatology_fallback=0,0.786158317061517,75.898,59.66784394833501
2026-07-26 05:00:00,2026-07-26,6,10.8,0.697666838994065,0.4110683699999998,0.5281506842468936,0.5515403096847381,0.5281506842468936,0.5281506842468936,-1.1996691765697465,2.255970545063534,nominal_90,gradient_boosting,available_weather=744;climatology_fallback=0,0.786158317061517,73.53,57.80622105353334
2026-07-26 06:00:00,2026-07-26,7,11.4,0.8882023953664611,0.8585934100000003,0.8059502486046558,1.053952110959413,0.8059502486046558,0.8059502486046558,-0.9218696122119844,2.533770109421296,nominal_90,gradient_boosting,available_weather=744;climatology_fallback=0,0.786158317061517,54.082,42.51701410332096
2026-07-26 07:00:00,2026-07-26,8,14.0,1.1782307370192207,1.6356960200000001,1.4687846891880105,1.8380990067789589,1.4687846891880105,1.4687846891880105,-0.25903517162862966,3.1966045500046505,nominal_90,gradient_boosting,available_weather=744;climatology_fallback=0,0.786158317061517,49.40566666666667,38.84067575996895
2026-07-26 08:00:00,2026-07-26,9,15.6,1.616549742192046,1.6190416699999985,1.7627309327085137,1.7870569113635089,1.7627309327085137,1.7627309327085137,0.03491107189187348,3.490550793525154,nominal_90,gradient_boosting,available_weather=744;climatology_fallback=0,0.786158317061517,46.70933333333333,36.72093088439875
2026-07-26 09:00:00,2026-07-26,10,18.5,1.7581210142342023,1.7132616599999992,1.7533256974450524,1.7602460110273181,1.7533256974450524,1.7533256974450524,0.025505836628412215,3.4811455582616926,nominal_90,gradient_boosting,available_weather=744;climatology_fallback=0,0.786158317061517,36.81733333333333,28.94425281202622
2026-07-26 10:00:00,2026-07-26,11,20.7,1.6595850207695362,1.6791661299999994,1.7478810969907286,1.691925279070003,1.7478810969907286,1.7478810969907286,0.020061236174088393,3.4757009578073688,nominal_90,gradient_boosting,available_weather=744;climatology_fallback=0,0.786158317061517,36.884,28.996663366496993
2026-07-26 11:00:00,2026-07-26,12,22.8,1.5955346666430221,1.6818097499999993,1.8243801039119079,1.72965953554367,1.8243801039119079,1.8243801039119079,0.09656024309526767,3.552199964728548,nominal_90,gradient_boosting,available_weather=744;climatology_fallback=0,0.786158317061517,31.804666666666666,25.003503221369193
2026-07-26 12:00:00,2026-07-26,13,24.8,1.6368735939608636,1.723178519999999,1.7623624791927,1.7910090607877673,1.7623624791927,1.7623624791927,0.034542618376059764,3.49018234000934,nominal_90,gradient_boosting,available_weather=744;climatology_fallback=0,0.786158317061517,24.10666666666667,18.95165649662964
2026-07-26 13:00:00,2026-07-26,14,26.3,1.5481484380348451,1.6307026599999992,1.704790425456199,1.4910745546711839,1.704790425456199,1.704790425456199,-0.02302943536044122,3.432610286272839,nominal_90,gradient_boosting,available_weather=744;climatology_fallback=0,0.786158317061517,25.945333333333334,20.397139588933413
2026-07-26 14:00:00,2026-07-26,15,27.6,1.4780452888920443,1.5784983899999991,1.655642203112034,1.3603679433842757,1.655642203112034,1.655642203112034,-0.07217765770460627,3.383462063928674,nominal_90,gradient_boosting,available_weather=744;climatology_fallback=0,0.786158317061517,26.921333333333333,21.164430106385453
2026-07-26 15:00:00,2026-07-26,16,28.4,1.4271212631308667,1.4611851999999996,1.6015649318898972,1.2735071766005055,1.6015649318898972,1.6015649318898972,-0.12625492892674295,3.3293847927065374,nominal_90,gradient_boosting,available_weather=744;climatology_fallback=0,0.786158317061517,32.778666666666666,25.76922142218711
2026-07-26 16:00:00,2026-07-26,17,28.5,1.3007094699287278,0.8626631199999995,0.9908868240543601,0.3999901455524228,0.9908868240543601,0.9908868240543601,-0.7369330367622801,2.7187066848710004,nominal_90,gradient_boosting,available_weather=744;climatology_fallback=0,0.786158317061517,61.599333333333334,48.42682822544474
2026-07-26 17:00:00,2026-07-26,18,28.3,0.8668797848577471,0.7157366399999997,0.8609531850398258,-0.12663390346346515,0.8609531850398258,0.8609531850398258,-0.8668666757768144,2.588773045856466,nominal_90,gradient_boosting,available_weather=744;climatology_fallback=0,0.786158317061517,76.64433333333334,60.25458010563526
2026-07-26 18:00:00,2026-07-26,19,25.7,0.7677748077434119,0.7661736999999998,0.6829347114120404,-0.36415325742134524,0.6829347114120404,0.6829347114120404,-1.0448851494045996,2.4107545722286807,nominal_90,gradient_boosting,available_weather=744;climatology_fallback=0,0.786158317061517,112.38000000000001,88.34847167137329
2026-07-26 19:00:00,2026-07-26,20,23.6,0.6553256559293701,0.7353870900000001,0.6957036235670472,-0.27473721429778997,0.6957036235670472,0.6957036235670472,-1.0321162372495931,2.4235234843836873,nominal_90,gradient_boosting,available_weather=744;climatology_fallback=0,0.786158317061517,106.62866666666667,83.82701313718015
2026-07-26 20:00:00,2026-07-26,21,22.2,0.6887090331900617,0.6652873699999996,0.6893809147191852,-0.08444750519357613,0.6893809147191852,0.6893809147191852,-1.038438946097455,2.417200775535825,nominal_90,gradient_boosting,available_weather=744;climatology_fallback=0,0.786158317061517,110.325,86.73291632981186
2026-07-26 21:00:00,2026-07-26,22,20.9,0.700818824650234,0.6690662300000001,0.66092578335286,0.09172266594650347,0.66092578335286,0.66092578335286,-1.0668940774637803,2.3887456441695,nominal_90,gradient_boosting,available_weather=744;climatology_fallback=0,0.786158317061517,106.30433333333333,83.57203578967984
2026-07-26 22:00:00,2026-07-26,23,19.3,0.6846453405381704,0.68167459,0.6340856805006124,0.01197585835438187,0.6340856805006124,0.6340856805006124,-1.0937341803160279,2.3619055413172525,nominal_90,gradient_boosting,available_weather=744;climatology_fallback=0,0.786158317061517,103.35,81.24946206830778
2026-07-26 23:00:00,2026-07-26,24,18.9,0.6850541635759295,0.7448977799999997,0.6094798619576102,0.19873753880727327,0.6094798619576102,0.6094798619576102,-1.11833999885903,2.3372997227742505,nominal_90,gradient_boosting,available_weather=744;climatology_fallback=0,0.786158317061517,100.27566666666667,78.83254934888832
2026-07-27 00:00:00,2026-07-27,1,18.7,0.4628880517378586,0.6688732499999999,0.5725744880043491,0.14343501488522828,0.5725744880043491,0.5725744880043491,-1.1552453728122911,2.3003943488209893,nominal_90,gradient_boosting,available_weather=744;climatology_fallback=0,0.786158317061517,89.09366666666666,70.04172704750644
2026-07-27 01:00:00,2026-07-27,2,18.2,0.4492136772667936,0.67984474,0.5397599605646456,0.16454411613803793,0.5397599605646456,0.5397599605646456,-1.1880599002519947,2.2675798213812857,nominal_90,gradient_boosting,available_weather=744;climatology_fallback=0,0.786158317061517,86.52533333333334,68.02261043652011
2026-07-27 02:00:00,2026-07-27,3,16.2,0.44347476233548466,0.64261059,0.5457289209550599,0.14389721556678536,0.5457289209550599,0.5457289209550599,-1.1820909398615802,2.2735487817717,nominal_90,gradient_boosting,available_weather=744;climatology_fallback=0,0.786158317061517,88.941,69.92170687776839
2026-07-27 03:00:00,2026-07-27,4,15.3,0.4771326506125495,0.6589823099999998,0.4777341219284605,0.14389721556678536,0.4777341219284605,0.4777341219284605,-1.2500857388881796,2.2055539827451005,nominal_90,gradient_boosting,available_weather=744;climatology_fallback=0,0.786158317061517,84.279,66.25663680362759
2026-07-27 04:00:00,2026-07-27,5,15.6,0.4177527829051641,0.63823844,0.48774608784151374,0.14389721556678536,0.48774608784151374,0.48774608784151374,-1.2400737729751263,2.215565948658154,nominal_90,gradient_boosting,available_weather=744;climatology_fallback=0,0.786158317061517,75.898,59.66784394833501
2026-07-27 05:00:00,2026-07-27,6,16.0,0.43638367376321663,1.0266267600000005,0.7583352186408019,0.1758184581595894,0.7583352186408019,0.7583352186408019,-0.9694846421758383,2.486155079457442,nominal_90,gradient_boosting,available_weather=744;climatology_fallback=0,0.786158317061517,73.53,57.80622105353334
2026-07-27 06:00:00,2026-07-27,7,15.6,0.6809447603377208,1.3907146900000011,0.9592304979573193,0.18386061917181823,0.9592304979573193,0.9592304979573193,-0.7685893628593209,2.6870503587739596,nominal_90,gradient_boosting,available_weather=744;climatology_fallback=0,0.786158317061517,54.082,42.51701410332096
2026-07-27 07:00:00,2026-07-27,8,16.4,0.9076433321061914,1.321080540000001,0.9703554804122324,0.23324689429006762,0.9703554804122324,0.9703554804122324,-0.7574643804044078,2.6981753412288727,nominal_90,gradient_boosting,available_weather=744;climatology_fallback=0,0.786158317061517,49.40566666666667,38.84067575996895
2026-07-27 08:00:00,2026-07-27,9,15.8,0.9447514111602437,0.58120722,0.7926467461266018,0.1820323666371547,0.7926467461266018,0.7926467461266018,-0.9351731146900384,2.520466606943242,nominal_90,gradient_boosting,available_weather=744;climatology_fallback=0,0.786158317061517,46.70933333333333,36.72093088439875
2026-07-27 09:00:00,2026-07-27,10,15.9,0.819803978062867,0.4399627299999998,0.6036632419599449,0.14387355432014584,0.6036632419599449,0.6036632419599449,-1.1241566188566954,2.331483102776585,nominal_90,gradient_boosting,available_weather=744;climatology_fallback=0,0.786158317061517,36.81733333333333,28.94425281202622
2026-07-27 10:00:00,2026-07-27,11,15.4,0.7138725191588953,0.21961319999999968,0.3831183822104325,0.19913211160606936,0.3831183822104325,0.3831183822104325,-1.3447014786062077,2.1109382430270727,nominal_90,gradient_boosting,available_weather=744;climatology_fallback=0,0.786158317061517,36.884,28.996663366496993
2026-07-27 11:00:00,2026-07-27,12,20.7,0.4883218763271907,0.1035681099999999,0.18826604096470814,0.14725902102793242,0.18826604096470814,0.18826604096470814,-1.539553819851932,1.9160859017813483,nominal_90,gradient_boosting,available_weather=744;climatology_fallback=0,0.786158317061517,31.804666666666666,25.003503221369193
2026-07-27 12:00:00,2026-07-27,13,23.5,0.30924071541884574,0.11911686000000014,0.18092490194684077,0.18323947806224256,0.18092490194684077,0.18092490194684077,-1.5468949588697993,1.908744762763481,nominal_90,gradient_boosting,available_weather=744;climatology_fallback=0,0.786158317061517,24.10666666666667,18.95165649662964
2026-07-27 13:00:00,2026-07-27,14,25.5,0.24172885645445447,0.2619705600000002,0.1752775909297736,0.03838968476413944,0.1752775909297736,0.1752775909297736,-1.5525422698868665,1.9030974517464139,nominal_90,gradient_boosting,available_weather=744;climatology_fallback=0,0.786158317061517,25.945333333333334,20.397139588933413
2026-07-27 14:00:00,2026-07-27,15,24.3,0.24364747677315518,0.27298073,0.07070465519388189,0.012889215457259821,0.07070465519388189,0.07070465519388189,-1.6571152056227583,1.798524516010522,nominal_90,gradient_boosting,available_weather=744;climatology_fallback=0,0.786158317061517,26.921333333333333,21.164430106385453
2026-07-27 15:00:00,2026-07-27,16,24.6,0.19011392353813866,0.15291802000000007,0.04171067905446817,0.16899394849023527,0.04171067905446817,0.04171067905446817,-1.686109181762172,1.7695305398711083,nominal_90,gradient_boosting,available_weather=744;climatology_fallback=0,0.786158317061517,32.778666666666666,25.76922142218711
2026-07-27 16:00:00,2026-07-27,17,25.5,0.09148430342784883,0.3065361000000001,0.24872444381342063,0.11804055380653249,0.24872444381342063,0.24872444381342063,-1.4790954170032196,1.9765443046300608,nominal_90,gradient_boosting,available_weather=744;climatology_fallback=0,0.786158317061517,61.599333333333334,48.42682822544474
2026-07-27 17:00:00,2026-07-27,18,25.8,0.19274803033433072,0.3798635600000002,0.40629506566443657,-0.1222864770931676,0.40629506566443657,0.40629506566443657,-1.3215247951522036,2.1341149264810766,nominal_90,gradient_boosting,available_weather=744;climatology_fallback=0,0.786158317061517,76.64433333333334,60.25458010563526
2026-07-27 18:00:00,2026-07-27,19,25.1,0.3193003939840327,0.3995385100000001,0.4702286199434555,-0.030449977360062514,0.4702286199434555,0.4702286199434555,-1.2575912408731846,2.1980484807600957,nominal_90,gradient_boosting,available_weather=744;climatology_fallback=0,0.786158317061517,112.38000000000001,88.34847167137329
2026-07-27 19:00:00,2026-07-27,20,24.3,0.38360792796188115,0.59989681,0.5181497214762015,0.15104026458363565,0.5181497214762015,0.5181497214762015,-1.2096701393404388,2.2459695822928416,nominal_90,gradient_boosting,available_weather=744;climatology_fallback=0,0.786158317061517,106.62866666666667,83.82701313718015
2026-07-27 20:00:00,2026-07-27,21,21.9,0.4402335550590115,0.5440376099999998,0.46954766154341193,0.19624824940179,0.46954766154341193,0.46954766154341193,-1.2582721992732282,2.197367522360052,nominal_90,gradient_boosting,available_weather=744;climatology_fallback=0,0.786158317061517,110.325,86.73291632981186
2026-07-27 21:00:00,2026-07-27,22,21.4,0.44883554973598994,0.7976469099999999,0.15600083810631032,0.643011611691821,0.15600083810631032,0.15600083810631032,-1.57181902271033,1.8838206989229505,nominal_90,gradient_boosting,available_weather=744;climatology_fallback=0,0.786158317061517,106.30433333333333,83.57203578967984
2026-07-27 22:00:00,2026-07-27,23,20.5,0.24619789178977453,0.2845713699999999,0.09470592744453554,0.6360246563325521,0.09470592744453554,0.09470592744453554,-1.6331139333721048,1.8225257882611756,nominal_90,gradient_boosting,available_weather=744;climatology_fallback=0,0.786158317061517,103.35,81.24946206830778
2026-07-27 23:00:00,2026-07-27,24,20.0,0.18393735237525177,0.23851052999999997,0.18366047752601347,0.6594636025059704,0.18366047752601347,0.18366047752601347,-1.5441593832906266,1.9114803383426537,nominal_90,gradient_boosting,available_weather=744;climatology_fallback=0,0.786158317061517,100.27566666666667,78.83254934888832
2026-07-28 00:00:00,2026-07-28,1,19.5,0.2457117215161294,0.26072901999999976,0.14931892252210546,0.5948954951444327,0.14931892252210546,0.14931892252210546,-1.5785009382945348,1.8771387833387456,nominal_90,gradient_boosting,available_weather=744;climatology_fallback=0,0.786158317061517,89.09366666666666,70.04172704750644
2026-07-28 01:00:00,2026-07-28,2,18.5,0.21663122339897406,0.24009311999999988,0.20803773795187916,0.4982393471985675,0.20803773795187916,0.20803773795187916,-1.519782122864761,1.9358575987685194,nominal_90,gradient_boosting,available_weather=744;climatology_fallback=0,0.786158317061517,86.52533333333334,68.02261043652011
2026-07-28 02:00:00,2026-07-28,3,16.9,0.267432205531794,0.29092005999999976,0.22554964969763544,0.48460124815656286,0.22554964969763544,0.22554964969763544,-1.5022702111190047,1.9533695105142757,nominal_90,gradient_boosting,available_weather=744;climatology_fallback=0,0.786158317061517,88.941,69.92170687776839
2026-07-28 03:00:00,2026-07-28,4,16.7,0.2743824464887112,0.2946770399999999,0.28776991443610583,0.48460124815656286,0.28776991443610583,0.28776991443610583,-1.4400499463805343,2.015589775252746,nominal_90,gradient_boosting,available_weather=744;climatology_fallback=0,0.786158317061517,84.279,66.25663680362759
2026-07-28 04:00:00,2026-07-28,5,16.8,0.3138865676207282,0.4974271099999998,0.2691699462475046,0.4674071495133132,0.2691699462475046,0.2691699462475046,-1.4586499145691356,1.9969898070641448,nominal_90,gradient_boosting,available_weather=744;climatology_fallback=0,0.786158317061517,75.898,59.66784394833501
2026-07-28 05:00:00,2026-07-28,6,16.6,0.3382589407541117,0.42540582999999993,0.39676104110773963,0.5291371923603357,0.39676104110773963,0.39676104110773963,-1.3310588197089006,2.12458090192438,nominal_90,gradient_boosting,available_weather=744;climatology_fallback=0,0.786158317061517,73.53,57.80622105353334
2026-07-28 06:00:00,2026-07-28,7,16.5,0.45810475352174657,0.2529937,0.44860158262992295,0.5617671414704606,0.44860158262992295,0.44860158262992295,-1.2792182781867172,2.176421443446563,nominal_90,gradient_boosting,available_weather=744;climatology_fallback=0,0.786158317061517,54.082,42.51701410332096
2026-07-28 07:00:00,2026-07-28,8,17.3,0.5167073367537084,0.57555732,0.49102053165819587,0.7088328475595765,0.49102053165819587,0.49102053165819587,-1.2367993291584443,2.218840392474836,nominal_90,gradient_boosting,available_weather=744;climatology_fallback=0,0.786158317061517,49.40566666666667,38.84067575996895
2026-07-28 08:00:00,2026-07-28,9,18.9,0.49211194036761846,0.34131153999999975,0.368607000803824,0.5272167090161027,0.368607000803824,0.368607000803824,-1.3592128600128162,2.096426861620464,nominal_90,gradient_boosting,available_weather=744;climatology_fallback=0,0.786158317061517,46.70933333333333,36.72093088439875
2026-07-28 09:00:00,2026-07-28,10,21.2,0.35448337447960865,0.2327130199999998,0.22101078820874298,0.3738486770280807,0.22101078820874298,0.22101078820874298,-1.506809072607897,1.9488306490253833,nominal_90,gradient_boosting,available_weather=744;climatology_fallback=0,0.786158317061517,36.81733333333333,28.94425281202622
2026-07-28 10:00:00,2026-07-28,11,23.3,0.20269155018133794,0.14363344,0.19651429022933262,0.2724967485870733,0.19651429022933262,0.19651429022933262,-1.5313055705873075,1.9243341510459728,nominal_90,gradient_boosting,available_weather=744;climatology_fallback=0,0.786158317061517,36.884,28.996663366496993
2026-07-28 11:00:00,2026-07-28,12,25.0,0.14239288900105362,0.22485267000000003,0.23180188738646157,0.28697813078904466,0.23180188738646157,0.23180188738646157,-1.4960179734301786,1.9596217482031018,nominal_90,gradient_boosting,available_weather=744;climatology_fallback=0,0.786158317061517,31.804666666666666,25.003503221369193
2026-07-28 12:00:00,2026-07-28,13,26.0,0.14741579710359032,0.26267461000000003,0.17212927769882236,0.2324832801663381,0.17212927769882236,0.17212927769882236,-1.5556905831178178,1.8999491385154625,nominal_90,gradient_boosting,available_weather=744;climatology_fallback=0,0.786158317061517,24.10666666666667,18.95165649662964
2026-07-28 13:00:00,2026-07-28,14,26.8,0.09060531374403133,0.053545620000000065,-0.010312206792034524,0.10144534879807597,-0.010312206792034524,-0.010312206792034524,-1.7381320676086747,1.7175076540246057,nominal_90,gradient_boosting,available_weather=744;climatology_fallback=0,0.786158317061517,25.945333333333334,20.397139588933413
2026-07-28 14:00:00,2026-07-28,15,27.0,-0.03891998908365418,-0.1635611199999999,0.08422565864722899,0.08393343705231976,0.08422565864722899,0.08422565864722899,-1.6435942021694112,1.8120455194638692,nominal_90,gradient_boosting,available_weather=744;climatology_fallback=0,0.786158317061517,26.921333333333333,21.164430106385453
2026-07-28 15:00:00,2026-07-28,16,26.5,0.02685661584312593,-0.08861806999999992,-0.07845903615203008,0.11082518515374107,-0.07845903615203008,-0.07845903615203008,-1.8062788969686703,1.64936082466461,nominal_90,gradient_boosting,available_weather=744;climatology_fallback=0,0.786158317061517,32.778666666666666,25.76922142218711
2026-07-28 16:00:00,2026-07-28,17,26.7,-0.0475046367647054,-0.19971077,0.05184361010981325,0.22508269857647104,0.05184361010981325,0.05184361010981325,-1.675976250706827,1.7796634709264534,nominal_90,gradient_boosting,available_weather=744;climatology_fallback=0,0.786158317061517,61.599333333333334,48.42682822544474
2026-07-28 17:00:00,2026-07-28,18,26.2,0.06160637829309168,0.11569340000000006,0.34790704906654407,0.2959777589939073,0.34790704906654407,0.34790704906654407,-1.379912811750096,2.0757269098831843,nominal_90,gradient_boosting,available_weather=744;climatology_fallback=0,0.786158317061517,76.64433333333334,60.25458010563526
2026-07-28 18:00:00,2026-07-28,19,25.2,0.31647835898932547,0.38184139000000017,0.5199294400187917,0.3409374054375845,0.5199294400187917,0.5199294400187917,-1.2078904207978485,2.247749300835432,nominal_90,gradient_boosting,available_weather=744;climatology_fallback=0,0.786158317061517,112.38000000000001,88.34847167137329
2026-07-28 19:00:00,2026-07-28,20,23.5,0.46909764935171827,0.6184363599999999,0.6237434974529084,0.31821136304250813,0.6237434974529084,0.6237434974529084,-1.1040763633637318,2.3515633582695488,nominal_90,gradient_boosting,available_weather=744;climatology_fallback=0,0.786158317061517,106.62866666666667,83.82701313718015
2026-07-28 20:00:00,2026-07-28,21,22.1,0.530962388223845,0.6895202199999999,0.7633468285936822,0.27144506169954535,0.7633468285936822,0.7633468285936822,-0.964473032222958,2.4911666894103224,nominal_90,gradient_boosting,available_weather=744;climatology_fallback=0,0.786158317061517,110.325,86.73291632981186
2026-07-28 21:00:00,2026-07-28,22,21.4,0.60268126539751,0.6874763699999997,0.7455893917832634,0.35767433268309906,0.7455893917832634,0.7455893917832634,-0.9822304690333767,2.473409252599904,nominal_90,gradient_boosting,available_weather=744;climatology_fallback=0,0.786158317061517,106.30433333333333,83.57203578967984
2026-07-28 22:00:00,2026-07-28,23,20.6,0.5770783855515398,0.6339799799999996,0.7186976436818422,0.31032643422775225,0.7186976436818422,0.7186976436818422,-1.009122217134798,2.446517504498482,nominal_90,gradient_boosting,available_weather=744;climatology_fallback=0,0.786158317061517,103.35,81.24946206830778
2026-07-28 23:00:00,2026-07-28,24,19.5,0.562622359954838,0.6303875999999999,0.7283952931400138,0.30687363229974934,0.7283952931400138,0.7283952931400138,-0.9994245676766264,2.456215153956654,nominal_90,gradient_boosting,available_weather=744;climatology_fallback=0,0.786158317061517,100.27566666666667,78.83254934888832
2026-07-29 00:00:00,2026-07-29,1,17.8,0.6065927872730004,0.5294409600000001,0.5935529201211194,0.2563278021723716,0.5935529201211194,0.5935529201211194,-1.1342669406955208,2.3213727809377596,nominal_90,gradient_boosting,available_weather=744;climatology_fallback=0,0.786158317061517,89.09366666666666,70.04172704750644
2026-07-29 01:00:00,2026-07-29,2,17.0,0.5404565097381908,0.37948802999999987,0.4543279809616995,0.31559571574219014,0.4543279809616995,0.4543279809616995,-1.2734918798549406,2.1821478417783395,nominal_90,gradient_boosting,available_weather=744;climatology_fallback=0,0.786158317061517,86.52533333333334,68.02261043652011
2026-07-29 02:00:00,2026-07-29,3,14.8,0.4723636034051363,0.32433940999999983,0.3053807183272746,0.2844020747912594,0.3053807183272746,0.3053807183272746,-1.4224391424893656,2.033200579143915,nominal_90,gradient_boosting,available_weather=744;climatology_fallback=0,0.786158317061517,88.941,69.92170687776839
2026-07-29 03:00:00,2026-07-29,4,14.4,0.3795478381433042,0.2759559799999998,0.24049070855439159,0.31559571574219014,0.24049070855439159,0.24049070855439159,-1.4873291522622485,1.9683105693710319,nominal_90,gradient_boosting,available_weather=744;climatology_fallback=0,0.786158317061517,84.279,66.25663680362759
2026-07-29 04:00:00,2026-07-29,5,14.1,0.3274560102335327,0.31166509999999975,0.32599245670786664,0.31559571574219014,0.32599245670786664,0.32599245670786664,-1.4018274041087735,2.053812317524507,nominal_90,gradient_boosting,available_weather=744;climatology_fallback=0,0.786158317061517,75.898,59.66784394833501
2026-07-29 05:00:00,2026-07-29,6,13.9,0.401546780030578,0.35975987999999987,0.46734747638194246,0.378154205996185,0.46734747638194246,0.46734747638194246,-1.2604723844346977,2.1951673371985825,nominal_90,gradient_boosting,available_weather=744;climatology_fallback=0,0.786158317061517,73.53,57.80622105353334
2026-07-29 06:00:00,2026-07-29,7,14.1,0.5304146896171797,0.7651349000000001,0.5945087571680819,0.4744738815974452,0.5945087571680819,0.5945087571680819,-1.1333111036485581,2.3223286179847222,nominal_90,gradient_boosting,available_weather=744;climatology_fallback=0,0.786158317061517,54.082,42.51701410332096
2026-07-29 07:00:00,2026-07-29,8,16.8,0.6108765924069344,0.9883971500000007,0.6920081125271413,0.6040382104744811,0.6920081125271413,0.6920081125271413,-1.0358117482894988,2.4198279733437813,nominal_90,gradient_boosting,available_weather=744;climatology_fallback=0,0.786158317061517,49.40566666666667,38.84067575996895
2026-07-29 08:00:00,2026-07-29,9,18.5,0.6311133043305135,0.5115929399999996,0.4010211624516771,0.43312264771927206,0.4010211624516771,0.4010211624516771,-1.3267986983649631,2.1288410232683175,nominal_90,gradient_boosting,available_weather=744;climatology_fallback=0,0.786158317061517,46.70933333333333,36.72093088439875
2026-07-29 09:00:00,2026-07-29,10,21.5,0.3727513631512184,0.22095984999999976,0.15365181193210384,0.3009304979541569,0.15365181193210384,0.15365181193210384,-1.5741680488845364,1.881471672748744,nominal_90,gradient_boosting,available_weather=744;climatology_fallback=0,0.786158317061517,36.81733333333333,28.94425281202622
2026-07-29 10:00:00,2026-07-29,11,24.2,0.1700043018823486,0.11408280999999999,0.13472615490293408,0.3009304979541569,0.13472615490293408,0.13472615490293408,-1.593093705913706,1.8625460157195743,nominal_90,gradient_boosting,available_weather=744;climatology_fallback=0,0.786158317061517,36.884,28.996663366496993
2026-07-29 11:00:00,2026-07-29,12,26.1,0.12141430027320466,0.08304706000000005,0.13691762680290295,0.3009304979541569,0.13691762680290295,0.13691762680290295,-1.5909022340137373,1.864737487619543,nominal_90,gradient_boosting,available_weather=744;climatology_fallback=0,0.786158317061517,31.804666666666666,25.003503221369193
2026-07-29 12:00:00,2026-07-29,13,27.3,0.09130113017387331,0.08639337000000002,0.10996455788119798,0.28027053850036276,0.10996455788119798,0.10996455788119798,-1.617855302935442,1.8377844186978383,nominal_90,gradient_boosting,available_weather=744;climatology_fallback=0,0.786158317061517,24.10666666666667,18.95165649662964
2026-07-29 13:00:00,2026-07-29,14,28.1,0.048244000701505585,0.10128074000000005,0.09038201178632699,0.2533787903989415,0.09038201178632699,0.09038201178632699,-1.6374378490303132,1.8182018726029672,nominal_90,gradient_boosting,available_weather=744;climatology_fallback=0,0.786158317061517,25.945333333333334,20.397139588933413
2026-07-29 14:00:00,2026-07-29,15,29.2,0.0356981785179461,0.006660100000000013,0.07280186315743523,0.2533787903989415,0.07280186315743523,0.07280186315743523,-1.655017997659205,1.8006217239740754,nominal_90,gradient_boosting,available_weather=744;climatology_fallback=0,0.786158317061517,26.921333333333333,21.164430106385453
2026-07-29 15:00:00,2026-07-29,16,29.7,0.004749962660426099,-0.018166039999999974,0.07848897973604022,0.2698851420954582,0.07848897973604022,0.07848897973604022,-1.6493308810806,1.8063088405526804,nominal_90,gradient_boosting,available_weather=744;climatology_fallback=0,0.786158317061517,32.778666666666666,25.76922142218711
2026-07-29 16:00:00,2026-07-29,17,29.9,0.029074869722842678,0.006683369999999924,0.11080672676791724,0.35405019690771555,0.11080672676791724,0.11080672676791724,-1.617013134048723,1.8386265875845573,nominal_90,gradient_boosting,available_weather=744;climatology_fallback=0,0.786158317061517,61.599333333333334,48.42682822544474
2026-07-29 17:00:00,2026-07-29,18,29.8,0.09082851956307103,0.10681617999999997,0.14906212687132067,0.43110541961365645,0.14906212687132067,0.14906212687132067,-1.5787577339453196,1.8768819876879608,nominal_90,gradient_boosting,available_weather=744;climatology_fallback=0,0.786158317061517,76.64433333333334,60.25458010563526
2026-07-29 18:00:00,2026-07-29,19,28.9,0.1414402997080474,0.09779898,0.4206396772351069,0.4096160987988374,0.4206396772351069,0.4206396772351069,-1.3071801835815333,2.148459538051747,nominal_90,gradient_boosting,available_weather=744;climatology_fallback=0,0.786158317061517,112.38000000000001,88.34847167137329
2026-07-29 19:00:00,2026-07-29,20,26.9,0.38320334016272933,0.14439019999999989,0.1272269422428651,0.42765261768565355,0.1272269422428651,0.1272269422428651,-1.600592918573775,1.8550468030595053,nominal_90,gradient_boosting,available_weather=744;climatology_fallback=0,0.786158317061517,106.62866666666667,83.82701313718015
2026-07-29 20:00:00,2026-07-29,21,23.5,0.23981789721648394,0.31564018999999993,0.35471713813773037,0.38937537414954304,0.35471713813773037,0.35471713813773037,-1.3731027226789099,2.0825369989543705,nominal_90,gradient_boosting,available_weather=744;climatology_fallback=0,0.786158317061517,110.325,86.73291632981186
2026-07-29 21:00:00,2026-07-29,22,21.4,0.39225565553981756,0.33798186999999985,0.3836343978869578,0.31559571574219014,0.3836343978869578,0.3836343978869578,-1.3441854629296823,2.111454258703598,nominal_90,gradient_boosting,available_weather=744;climatology_fallback=0,0.786158317061517,106.30433333333333,83.57203578967984
2026-07-29 22:00:00,2026-07-29,23,19.9,0.44011428173581296,0.32948217999999974,0.3801815959589549,0.3327898143854398,0.3801815959589549,0.3801815959589549,-1.3476382648576852,2.108001456775595,nominal_90,gradient_boosting,available_weather=744;climatology_fallback=0,0.786158317061517,103.35,81.24946206830778
2026-07-29 23:00:00,2026-07-29,24,18.6,0.42940649270226766,0.7328680399999997,0.36298749731570523,0.3327898143854398,0.36298749731570523,0.36298749731570523,-1.364832363500935,2.0908073581323454,nominal_90,gradient_boosting,available_weather=744;climatology_fallback=0,0.786158317061517,100.27566666666667,78.83254934888832
2026-07-30 00:00:00,2026-07-30,1,18.0,0.417151407288251,0.7139063099999997,0.26490561634683263,0.15277512126666043,0.26490561634683263,0.26490561634683263,-1.4629142444698076,1.9927254771634728,nominal_90,gradient_boosting,available_weather=744;climatology_fallback=0,0.786158317061517,89.09366666666666,70.04172704750644
2026-07-30 01:00:00,2026-07-30,2,17.5,0.35134253117146386,0.26972767999999964,0.3807730774437124,0.24071537602954762,0.3807730774437124,0.3807730774437124,-1.3470467833729278,2.1085929382603528,nominal_90,gradient_boosting,available_weather=744;climatology_fallback=0,0.786158317061517,86.52533333333334,68.02261043652011
2026-07-30 02:00:00,2026-07-30,3,15.5,0.44812181822679326,0.2679734399999997,0.3842258793717153,0.33683409779820017,0.3842258793717153,0.3842258793717153,-1.343593981444925,2.1120457401883557,nominal_90,gradient_boosting,available_weather=744;climatology_fallback=0,0.786158317061517,88.941,69.92170687776839
2026-07-30 03:00:00,2026-07-30,4,15.7,0.4454120100566402,0.2753488599999996,0.3807730774437124,0.33683409779820017,0.3807730774437124,0.3807730774437124,-1.3470467833729278,2.1085929382603528,nominal_90,gradient_boosting,available_weather=744;climatology_fallback=0,0.786158317061517,84.279,66.25663680362759
2026-07-30 04:00:00,2026-07-30,5,15.3,0.4459240398525311,0.7234034699999999,0.36357897880046275,0.33338129587019727,0.36357897880046275,0.36357897880046275,-1.3642408820161775,2.091398839617103,nominal_90,gradient_boosting,available_weather=744;climatology_fallback=0,0.786158317061517,75.898,59.66784394833501
2026-07-30 05:00:00,2026-07-30,6,15.0,0.4521158620224218,0.8551352100000001,0.5014811965465357,0.31337780341142135,0.5014811965465357,0.5014811965465357,-1.2263386642701044,2.229301057363176,nominal_90,gradient_boosting,available_weather=744;climatology_fallback=0,0.786158317061517,73.53,57.80622105353334
2026-07-30 06:00:00,2026-07-30,7,15.4,0.5763457504719843,0.8890000100000002,0.7311069754780268,0.40707056405560327,0.7311069754780268,0.7311069754780268,-0.9967128853386134,2.4589268362946672,nominal_90,gradient_boosting,available_weather=744;climatology_fallback=0,0.786158317061517,54.082,42.51701410332096
2026-07-30 07:00:00,2026-07-30,8,18.0,0.7494881190398878,1.342652170000002,0.9465067385456329,0.5651869153371868,0.9465067385456329,0.9465067385456329,-0.7813131222710072,2.6743265993622733,nominal_90,gradient_boosting,available_weather=744;climatology_fallback=0,0.786158317061517,49.40566666666667,38.84067575996895
2026-07-30 08:00:00,2026-07-30,9,20.0,0.8424634388457918,0.5122046899999997,0.46368918112291996,0.4337141292040295,0.46368918112291996,0.46368918112291996,-1.2641306796937202,2.19150904193956,nominal_90,gradient_boosting,available_weather=744;climatology_fallback=0,0.786158317061517,46.70933333333333,36.72093088439875
2026-07-30 09:00:00,2026-07-30,10,23.2,0.4372691357170646,0.15217877999999976,0.28784015871509017,0.2860807855973936,0.28784015871509017,0.28784015871509017,-1.43997970210155,2.0156600195317305,nominal_90,gradient_boosting,available_weather=744;climatology_fallback=0,0.786158317061517,36.81733333333333,28.94425281202622
2026-07-30 10:00:00,2026-07-30,11,25.8,0.27487537034312387,0.33816024999999983,0.20133654862048211,0.30152197943891434,0.20133654862048211,0.20133654862048211,-1.526483312196158,1.9291564094371223,nominal_90,gradient_boosting,available_weather=744;climatology_fallback=0,0.786158317061517,36.884,28.996663366496993
2026-07-30 11:00:00,2026-07-30,12,27.8,0.17114490093835322,-0.012519709999999991,0.13691677515426662,0.30497478136691725,0.13691677515426662,0.13691677515426662,-1.5909030856623736,1.8647366359709068,nominal_90,gradient_boosting,available_weather=744;climatology_fallback=0,0.786158317061517,31.804666666666666,25.003503221369193
2026-07-30 12:00:00,2026-07-30,13,29.3,0.10103242141869373,-0.030133450000000027,0.07739645400685286,0.2843278807956647,0.07739645400685286,0.07739645400685286,-1.6504234068097874,1.805216314823493,nominal_90,gradient_boosting,available_weather=744;climatology_fallback=0,0.786158317061517,24.10666666666667,18.95165649662964
2026-07-30 13:00:00,2026-07-30,14,30.4,0.04709415011056828,-0.039103020000000016,-0.007205670022797885,0.2843278807956647,-0.007205670022797885,-0.007205670022797885,-1.735025530839438,1.7206141907938424,nominal_90,gradient_boosting,available_weather=744;climatology_fallback=0,0.786158317061517,25.945333333333334,20.397139588933413
2026-07-30 14:00:00,2026-07-30,15,32.0,-0.03353066114331121,-0.21868972999999997,-0.05187978425325638,0.2843278807956647,-0.05187978425325638,-0.05187978425325638,-1.7796996450698965,1.6759400765633838,nominal_90,gradient_boosting,available_weather=744;climatology_fallback=0,0.786158317061517,26.921333333333333,21.164430106385453
2026-07-30 15:00:00,2026-07-30,16,32.6,-0.07416092022192222,-0.20160363999999997,-0.05187978425325638,0.2843278807956647,-0.05187978425325638,-0.05187978425325638,-1.7796996450698965,1.6759400765633838,nominal_90,gradient_boosting,available_weather=744;climatology_fallback=0,0.786158317061517,32.778666666666666,25.76922142218711
2026-07-30 16:00:00,2026-07-30,17,32.6,-0.07035088439747655,-0.13721830000000004,0.03233672103090893,0.3581075392030175,0.03233672103090893,0.03233672103090893,-1.6954831397857313,1.760156581847549,nominal_90,gradient_boosting,available_weather=744;climatology_fallback=0,0.786158317061517,61.599333333333334,48.42682822544474
2026-07-30 17:00:00,2026-07-30,18,32.1,0.005122919008050286,-0.10741324000000002,0.033085288051109905,0.4169364650534152,0.033085288051109905,0.033085288051109905,-1.6947345727655303,1.76090514886775,nominal_90,gradient_boosting,available_weather=744;climatology_fallback=0,0.786158317061517,76.64433333333334,60.25458010563526
2026-07-30 18:00:00,2026-07-30,19,30.9,0.054389393149784415,-0.12586898000000002,0.21487147516047217,0.483995413792359,0.21487147516047217,0.21487147516047217,-1.512948385656168,1.9426913359771123,nominal_90,gradient_boosting,available_weather=744;climatology_fallback=0,0.786158317061517,112.38000000000001,88.34847167137329
2026-07-30 19:00:00,2026-07-30,20,29.1,0.18617539029218227,-0.03864773999999996,0.2783364160954371,0.5687609577070798,0.2783364160954371,0.2783364160954371,-1.449483444721203,2.006156276912077,nominal_90,gradient_boosting,available_weather=744;climatology_fallback=0,0.786158317061517,106.62866666666667,83.82701313718015
2026-07-30 20:00:00,2026-07-30,21,26.4,0.3021791679342961,0.037131390000000035,0.18642055093493126,0.6244640874954027,0.18642055093493126,0.18642055093493126,-1.541399309881709,1.9142404117515714,nominal_90,gradient_boosting,available_weather=744;climatology_fallback=0,0.786158317061517,110.325,86.73291632981186
2026-07-30 21:00:00,2026-07-30,22,24.9,0.24381746698848927,0.37876084,0.3221807638205973,0.6427668700975718,0.3221807638205973,0.3221807638205973,-1.4056390969960428,2.0500006246372373,nominal_90,gradient_boosting,available_weather=744;climatology_fallback=0,0.786158317061517,106.30433333333333,83.57203578967984
2026-07-30 22:00:00,2026-07-30,23,23.5,0.3494877617360645,0.3552542900000002,0.36878468553019456,0.6754148496528029,0.36878468553019456,0.36878468553019456,-1.3590351752864456,2.0966045463468346,nominal_90,gradient_boosting,available_weather=744;climatology_fallback=0,0.786158317061517,103.35,81.24946206830778
2026-07-30 23:00:00,2026-07-30,24,22.4,0.3988184319337297,0.3184813599999999,0.36533188360219165,0.6850608538618009,0.36533188360219165,0.36533188360219165,-1.3624879772144485,2.0931517444188317,nominal_90,gradient_boosting,available_weather=744;climatology_fallback=0,0.786158317061517,100.27566666666667,78.83254934888832
2026-07-31 00:00:00,2026-07-31,1,21.0,0.40316254352881375,0.8723402299999998,0.24946442250531187,0.5181829170909692,0.24946442250531187,0.24946442250531187,-1.4783554383113282,1.9772842833219522,nominal_90,gradient_boosting,available_weather=744;climatology_fallback=0,0.786158317061517,89.09366666666666,70.04172704750644
2026-07-31 01:00:00,2026-07-31,2,19.7,0.34740507489466554,0.27910101999999976,0.36533188360219165,0.48865859045186477,0.36533188360219165,0.36533188360219165,-1.3624879772144485,2.0931517444188317,nominal_90,gradient_boosting,available_weather=744;climatology_fallback=0,0.786158317061517,86.52533333333334,68.02261043652011
2026-07-31 02:00:00,2026-07-31,3,17.5,0.4507812726763294,0.2801064699999996,0.36878468553019456,0.48865859045186477,0.36878468553019456,0.36878468553019456,-1.3590351752864456,2.0966045463468346,nominal_90,gradient_boosting,available_weather=744;climatology_fallback=0,0.786158317061517,88.941,69.92170687776839
2026-07-31 03:00:00,2026-07-31,4,17.1,0.4615487315063611,0.2805669099999997,0.2922248078899497,0.4714644918086151,0.2922248078899497,0.2922248078899497,-1.4355950529266905,2.02004466870659,nominal_90,gradient_boosting,available_weather=744;climatology_fallback=0,0.786158317061517,84.279,66.25663680362759
2026-07-31 04:00:00,2026-07-31,5,16.6,0.4037112727886568,0.42413362999999954,0.2922248078899497,0.43939784078075944,0.2922248078899497,0.2922248078899497,-1.4355950529266905,2.02004466870659,nominal_90,gradient_boosting,available_weather=744;climatology_fallback=0,0.786158317061517,75.898,59.66784394833501
2026-07-31 05:00:00,2026-07-31,6,16.3,0.4207457317059162,0.3289704399999999,0.44333156769770726,0.4540894149730206,0.44333156769770726,0.44333156769770726,-1.284488293118933,2.1711514285143476,nominal_90,gradient_boosting,available_weather=744;climatology_fallback=0,0.786158317061517,73.53,57.80622105353334
2026-07-31 06:00:00,2026-07-31,7,16.6,0.5537009968892295,0.54857932,0.5116874382811348,0.4471015580643702,0.5116874382811348,0.5116874382811348,-1.2161324225355052,2.239507299097775,nominal_90,gradient_boosting,available_weather=744;climatology_fallback=0,0.786158317061517,54.082,42.51701410332096
2026-07-31 07:00:00,2026-07-31,8,19.2,0.6015969887828619,0.7903719600000001,0.6557632479859486,0.4471015580643702,0.6557632479859486,0.6557632479859486,-1.0720566128306914,2.383583108802589,nominal_90,gradient_boosting,available_weather=744;climatology_fallback=0,0.786158317061517,49.40566666666667,38.84067575996895
2026-07-31 08:00:00,2026-07-31,9,21.7,0.6194820215759234,0.43319922999999977,0.6030116980425133,0.32387990373393216,0.6030116980425133,0.6030116980425133,-1.1248081627741269,2.3308315588591535,nominal_90,gradient_boosting,available_weather=744;climatology_fallback=0,0.786158317061517,46.70933333333333,36.72093088439875
2026-07-31 09:00:00,2026-07-31,10,24.9,0.5258139525586896,0.3221999199999997,0.4661972255938176,0.30152197943891434,0.4661972255938176,0.4661972255938176,-1.2616226352228226,2.194017086410458,nominal_90,gradient_boosting,available_weather=744;climatology_fallback=0,0.786158317061517,36.81733333333333,28.94425281202622
2026-07-31 10:00:00,2026-07-31,11,27.4,0.39343125741565343,0.19029354999999967,0.3773222191097972,0.30152197943891434,0.3773222191097972,0.3773222191097972,-1.350497641706843,2.1051420799264373,nominal_90,gradient_boosting,available_weather=744;climatology_fallback=0,0.786158317061517,36.884,28.996663366496993
2026-07-31 11:00:00,2026-07-31,12,29.2,0.3046147060442276,0.07847635999999994,0.20818293608671737,0.2843278807956647,0.20818293608671737,0.20818293608671737,-1.5196369247299228,1.9360027969033575,nominal_90,gradient_boosting,available_weather=744;climatology_fallback=0,0.786158317061517,31.804666666666666,25.003503221369193
2026-07-31 12:00:00,2026-07-31,13,30.7,0.17048880995112653,-0.10179001000000007,-0.005741577975344195,0.2843278807956647,-0.005741577975344195,-0.005741577975344195,-1.7335614387919844,1.722078282841296,nominal_90,gradient_boosting,available_weather=744;climatology_fallback=0,0.786158317061517,24.10666666666667,18.95165649662964
2026-07-31 13:00:00,2026-07-31,14,31.7,0.007832072975006765,-0.17724741,-0.07087543172476758,0.2843278807956647,-0.07087543172476758,-0.07087543172476758,-1.7986952925414077,1.6569444290918727,nominal_90,gradient_boosting,available_weather=744;climatology_fallback=0,0.786158317061517,25.945333333333334,20.397139588933413
2026-07-31 14:00:00,2026-07-31,15,33.2,-0.07151745702427736,-0.21455956999999998,-0.0393832115732675,0.2843278807956647,-0.0393832115732675,-0.0393832115732675,-1.7672030723899077,1.6884366492433727,nominal_90,gradient_boosting,available_weather=744;climatology_fallback=0,0.786158317061517,26.921333333333333,21.164430106385453
2026-07-31 15:00:00,2026-07-31,16,33.4,-0.06221110546738162,-0.13508522,-0.0912237530954508,0.2843278807956647,-0.0912237530954508,-0.0912237530954508,-1.819043613912091,1.6365961077211895,nominal_90,gradient_boosting,available_weather=744;climatology_fallback=0,0.786158317061517,32.778666666666666,25.76922142218711
2026-07-31 16:00:00,2026-07-31,17,33.2,-0.076785427487148,-0.1380778799999999,-0.11976906770515912,0.3581075392030175,-0.11976906770515912,-0.11976906770515912,-1.8475889285217992,1.6080507931114811,nominal_90,gradient_boosting,available_weather=744;climatology_fallback=0,0.786158317061517,61.599333333333334,48.42682822544474
2026-07-31 17:00:00,2026-07-31,18,32.6,-0.08684348359598698,-0.19877228999999982,-0.2213345632628692,0.4169364650534152,-0.2213345632628692,-0.2213345632628692,-1.9491544240795093,1.506485297553771,nominal_90,gradient_boosting,available_weather=744;climatology_fallback=0,0.786158317061517,76.64433333333334,60.25458010563526
2026-07-31 18:00:00,2026-07-31,19,31.3,-0.12038058728219769,-0.15955712000000002,-0.11673135231295546,0.483995413792359,-0.11673135231295546,-0.11673135231295546,-1.8445512131295956,1.6110885085036848,nominal_90,gradient_boosting,available_weather=744;climatology_fallback=0,0.786158317061517,112.38000000000001,88.34847167137329
2026-07-31 19:00:00,2026-07-31,20,29.3,-0.01647774703183602,-0.12014991,0.04103133245723275,0.5687609577070798,0.04103133245723275,0.04103133245723275,-1.6867885283594075,1.7688511932738729,nominal_90,gradient_boosting,available_weather=744;climatology_fallback=0,0.786158317061517,106.62866666666667,83.82701313718015
2026-07-31 20:00:00,2026-07-31,21,26.7,0.1339396353265899,-0.10411775999999992,0.01383065376437695,0.6244640874954027,0.01383065376437695,0.01383065376437695,-1.7139892070522633,1.741650514581017,nominal_90,gradient_boosting,available_weather=744;climatology_fallback=0,0.786158317061517,110.325,86.73291632981186
2026-07-31 21:00:00,2026-07-31,22,25.3,0.1385188262026564,0.31644698000000016,0.20756383498422862,0.6427668700975718,0.20756383498422862,0.20756383498422862,-1.5202560258324116,1.9353836958008688,nominal_90,gradient_boosting,available_weather=744;climatology_fallback=0,0.786158317061517,106.30433333333333,83.57203578967984
2026-07-31 22:00:00,2026-07-31,23,24.0,0.28825363444984575,0.3352816800000003,0.2668857964330385,0.6754148496528029,0.2668857964330385,0.2668857964330385,-1.4609340643836017,1.9947056572496786,nominal_90,gradient_boosting,available_weather=744;climatology_fallback=0,0.786158317061517,103.35,81.24946206830778
2026-07-31 23:00:00,2026-07-31,24,22.5,0.35543601692610016,0.3117807599999998,0.32139290395667947,0.6850608538618009,0.32139290395667947,0.32139290395667947,-1.4064269568599608,2.0492127647733196,nominal_90,gradient_boosting,available_weather=744;climatology_fallback=0,0.786158317061517,100.27566666666667,78.83254934888832
