datetime,date,hour,temperature,predicted_MWh,lower_bound_MWh,upper_bound_MWh,confidence_interval,expected_error_MWh,estimated_imbalance_price_EUR_MWh,estimated_error_cost_EUR
2026-09-01 00:00:00+02:00,2026-09-01,1,,3.7077801004413615,3.38387852082011,4.206142031327435,90%,0.19498009157865057,89.09366666666666,17.371491285744433
2026-09-01 01:00:00+02:00,2026-09-01,2,,3.532949637396784,3.209048057775533,4.031311568282858,90%,0.19498009157865057,86.52533333333334,16.8707174172066
2026-09-01 02:00:00+02:00,2026-09-01,3,,3.6303788605058243,3.3064772808845726,4.128740791391897,90%,0.19498009157865057,88.941,17.34172432509676
2026-09-01 03:00:00+02:00,2026-09-01,4,,3.680313116794475,3.3564115371732237,4.1786750476805485,90%,0.19498009157865057,84.279,16.43272713815709
2026-09-01 04:00:00+02:00,2026-09-01,5,,3.6787936197946722,3.3548920401734206,4.177155550680745,90%,0.19498009157865057,75.898,14.79859899063642
2026-09-01 05:00:00+02:00,2026-09-01,6,,3.6799256332960075,3.356024053674756,4.178287564182081,90%,0.19498009157865057,73.53,14.336886133778176
2026-09-01 06:00:00+02:00,2026-09-01,7,,3.689105553487883,3.365203973866632,4.187467484373957,90%,0.19498009157865057,54.082,10.54491331275658
2026-09-01 07:00:00+02:00,2026-09-01,8,,3.699707784370851,3.3758062047495994,4.198069715256924,90%,0.19498009157865057,49.40566666666667,9.63312141117095
2026-09-01 08:00:00+02:00,2026-09-01,9,,3.710493680035939,3.3865921004146875,4.208855610922012,90%,0.19498009157865057,46.70933333333333,9.107390090911048
2026-09-01 09:00:00+02:00,2026-09-01,10,,3.722221565736387,3.398319986115135,4.22058349662246,90%,0.19498009157865057,36.81733333333333,7.178647025015037
2026-09-01 10:00:00+02:00,2026-09-01,11,,3.734804137458023,3.4109025578367715,4.233166068344096,90%,0.19498009157865057,36.884,7.191645697786948
2026-09-01 11:00:00+02:00,2026-09-01,12,,3.7476490403699296,3.423747460748678,4.246010971256003,90%,0.19498009157865057,31.804666666666666,6.2012768192951215
2026-09-01 12:00:00+02:00,2026-09-01,13,,3.760176371142318,3.4362747915210665,4.258538302028391,90%,0.19498009157865057,24.10666666666667,4.70032007432267
2026-09-01 13:00:00+02:00,2026-09-01,14,,3.7718681963641942,3.447966616742943,4.270230127250268,90%,0.19498009157865057,25.945333333333334,5.058823469371949
2026-09-01 14:00:00+02:00,2026-09-01,15,,3.7822415187460647,3.458339939124813,4.280603449632138,90%,0.19498009157865057,26.921333333333333,5.249124038752711
2026-09-01 15:00:00+02:00,2026-09-01,16,,3.7908797134505425,3.466978133829291,4.289241644336616,90%,0.19498009157865057,32.778666666666666,6.391187428492727
2026-09-01 16:00:00+02:00,2026-09-01,17,,3.797473575114058,3.473571995492806,4.295835506000131,90%,0.19498009157865057,61.599333333333334,12.010643654517155
2026-09-01 17:00:00+02:00,2026-09-01,18,,3.8018452643962695,3.477943684775018,4.300207195282343,90%,0.19498009157865057,76.64433333333334,14.944119132317955
2026-09-01 18:00:00+02:00,2026-09-01,19,,3.8039592338030506,3.480057654181799,4.302321164689124,90%,0.19498009157865057,112.38000000000001,21.911862691608754
2026-09-01 19:00:00+02:00,2026-09-01,20,,3.803924163034841,3.4800225834135894,4.302286093920914,90%,0.19498009157865057,106.62866666666667,20.790467191576074
2026-09-01 20:00:00+02:00,2026-09-01,21,,3.8019868687581098,3.4780852891368585,4.300348799644183,90%,0.19498009157865057,110.325,21.511178603414624
2026-09-01 21:00:00+02:00,2026-09-01,22,,3.798562500411734,3.474660920790482,4.296924431297807,90%,0.19498009157865057,106.30433333333333,20.72722864854073
2026-09-01 22:00:00+02:00,2026-09-01,23,,3.794112816045208,3.470211236423957,4.292474746931282,90%,0.19498009157865057,103.35,20.151192464653533
2026-09-01 23:00:00+02:00,2026-09-01,24,,3.7890909274743283,3.4651893478530766,4.2874528583604015,90%,0.19498009157865057,100.27566666666667,19.551758669776905
2026-09-02 00:00:00+02:00,2026-09-02,1,,3.75560366750097,3.431702087879718,4.253965598387043,90%,0.19498009157865057,89.09366666666666,17.371491285744433
2026-09-02 01:00:00+02:00,2026-09-02,2,,3.7388591635105306,3.4149575838892794,4.237221094396604,90%,0.19498009157865057,86.52533333333334,16.8707174172066
2026-09-02 02:00:00+02:00,2026-09-02,3,,3.7453782064018437,3.421476626780592,4.243740137287917,90%,0.19498009157865057,88.941,17.34172432509676
2026-09-02 03:00:00+02:00,2026-09-02,4,,3.7507611285659666,3.426859548944715,4.24912305945204,90%,0.19498009157865057,84.279,16.43272713815709
2026-09-02 04:00:00+02:00,2026-09-02,5,,3.7515122680163704,3.427610688395119,4.249874198902444,90%,0.19498009157865057,75.898,14.79859899063642
2026-09-02 05:00:00+02:00,2026-09-02,6,,3.7540266874203585,3.430125107799107,4.252388618306432,90%,0.19498009157865057,73.53,14.336886133778176
2026-09-02 06:00:00+02:00,2026-09-02,7,,3.759782179671494,3.4358806000502424,4.258144110557567,90%,0.19498009157865057,54.082,10.54491331275658
2026-09-02 07:00:00+02:00,2026-09-02,8,,3.767476563393083,3.443574983771832,4.265838494279157,90%,0.19498009157865057,49.40566666666667,9.63312141117095
2026-09-02 08:00:00+02:00,2026-09-02,9,,3.7763714734987195,3.452469893877468,4.274733404384793,90%,0.19498009157865057,46.70933333333333,9.107390090911048
2026-09-02 09:00:00+02:00,2026-09-02,10,,3.7862438340546385,3.462342254433387,4.284605764940712,90%,0.19498009157865057,36.81733333333333,7.178647025015037
2026-09-02 10:00:00+02:00,2026-09-02,11,,3.7967055061718167,3.472803926550565,4.29506743705789,90%,0.19498009157865057,36.884,7.191645697786948
2026-09-02 11:00:00+02:00,2026-09-02,12,,3.807185050852761,3.48328347123151,4.305546981738835,90%,0.19498009157865057,31.804666666666666,6.2012768192951215
2026-09-02 12:00:00+02:00,2026-09-02,13,,3.817106296645042,3.493204717023791,4.315468227531116,90%,0.19498009157865057,24.10666666666667,4.70032007432267
2026-09-02 13:00:00+02:00,2026-09-02,14,,3.825958470021754,3.5020568904005023,4.324320400907827,90%,0.19498009157865057,25.945333333333334,5.058823469371949
2026-09-02 14:00:00+02:00,2026-09-02,15,,3.8333080428192257,3.5094064631979744,4.331669973705299,90%,0.19498009157865057,26.921333333333333,5.249124038752711
2026-09-02 15:00:00+02:00,2026-09-02,16,,3.8388141794150723,3.5149125997938206,4.3371761103011455,90%,0.19498009157865057,32.778666666666666,6.391187428492727
2026-09-02 16:00:00+02:00,2026-09-02,17,,3.842249474118904,3.5183478944976523,4.340611405004977,90%,0.19498009157865057,61.599333333333334,12.010643654517155
2026-09-02 17:00:00+02:00,2026-09-02,18,,3.843516173275079,3.5196145936538272,4.341878104161152,90%,0.19498009157865057,76.64433333333334,14.944119132317955
2026-09-02 18:00:00+02:00,2026-09-02,19,,3.842654543078952,3.5187529634577004,4.341016473965025,90%,0.19498009157865057,112.38000000000001,21.911862691608754
2026-09-02 19:00:00+02:00,2026-09-02,20,,3.83984955731846,3.5159479776972082,4.338211488204533,90%,0.19498009157865057,106.62866666666667,20.790467191576074
2026-09-02 20:00:00+02:00,2026-09-02,21,,3.8354816951508477,3.511580115529596,4.333843626036921,90%,0.19498009157865057,110.325,21.511178603414624
2026-09-02 21:00:00+02:00,2026-09-02,22,,3.8299073067632143,3.5060057271419627,4.3282692376492875,90%,0.19498009157865057,106.30433333333333,20.72722864854073
2026-09-02 22:00:00+02:00,2026-09-02,23,,3.823559309765936,3.4996577301446843,4.321921240652009,90%,0.19498009157865057,103.35,20.151192464653533
2026-09-02 23:00:00+02:00,2026-09-02,24,,3.8169617868224073,3.4930602072011556,4.3153237177084804,90%,0.19498009157865057,100.27566666666667,19.551758669776905
2026-09-03 00:00:00+02:00,2026-09-03,1,,3.78216364995546,3.458262070334208,4.280525580841533,90%,0.19498009157865057,89.09366666666666,17.371491285744433
2026-09-03 01:00:00+02:00,2026-09-03,2,,3.764427714872097,3.4405261352508454,4.26278964575817,90%,0.19498009157865057,86.52533333333334,16.8707174172066
2026-09-03 02:00:00+02:00,2026-09-03,3,,3.7641844942068756,3.440282914585624,4.262546425092949,90%,0.19498009157865057,88.941,17.34172432509676
2026-09-03 03:00:00+02:00,2026-09-03,4,,3.7642792911365275,3.440377711515276,4.262641222022601,90%,0.19498009157865057,84.279,16.43272713815709
2026-09-03 04:00:00+02:00,2026-09-03,5,,3.762470140557199,3.4385685609359475,4.260832071443272,90%,0.19498009157865057,75.898,14.79859899063642
2026-09-03 05:00:00+02:00,2026-09-03,6,,3.762861884839825,3.4389603052185738,4.261223815725899,90%,0.19498009157865057,73.53,14.336886133778176
2026-09-03 06:00:00+02:00,2026-09-03,7,,3.766052210683247,3.4421506310619954,4.26441414156932,90%,0.19498009157865057,54.082,10.54491331275658
2026-09-03 07:00:00+02:00,2026-09-03,8,,3.771080103932258,3.4471785243110062,4.269442034818331,90%,0.19498009157865057,49.40566666666667,9.63312141117095
2026-09-03 08:00:00+02:00,2026-09-03,9,,3.777460290380283,3.4535587107590313,4.275822221266356,90%,0.19498009157865057,46.70933333333333,9.107390090911048
2026-09-03 09:00:00+02:00,2026-09-03,10,,3.784893561875969,3.4609919822547175,4.283255492762042,90%,0.19498009157865057,36.81733333333333,7.178647025015037
2026-09-03 10:00:00+02:00,2026-09-03,11,,3.7929434619894016,3.46904188236815,4.291305392875475,90%,0.19498009157865057,36.884,7.191645697786948
2026-09-03 11:00:00+02:00,2026-09-03,12,,3.801063999609418,3.4771624199881668,4.299425930495492,90%,0.19498009157865057,31.804666666666666,6.2012768192951215
2026-09-03 12:00:00+02:00,2026-09-03,13,,3.80870137696013,3.4847997973388782,4.307063307846203,90%,0.19498009157865057,24.10666666666667,4.70032007432267
2026-09-03 13:00:00+02:00,2026-09-03,14,,3.815340753750447,3.4914391741291952,4.31370268463652,90%,0.19498009157865057,25.945333333333334,5.058823469371949
2026-09-03 14:00:00+02:00,2026-09-03,15,,3.820529587403913,3.496628007782662,4.318891518289987,90%,0.19498009157865057,26.921333333333333,5.249124038752711
2026-09-03 15:00:00+02:00,2026-09-03,16,,3.8239047489947637,3.500003169373512,4.322266679880837,90%,0.19498009157865057,32.778666666666666,6.391187428492727
2026-09-03 16:00:00+02:00,2026-09-03,17,,3.825218882082077,3.5013173024608255,4.32358081296815,90%,0.19498009157865057,61.599333333333334,12.010643654517155
2026-09-03 17:00:00+02:00,2026-09-03,18,,3.8243585601190784,3.5004569804978267,4.3227204910051515,90%,0.19498009157865057,76.64433333333334,14.944119132317955
2026-09-03 18:00:00+02:00,2026-09-03,19,,3.8213597575049274,3.4974581778836757,4.319721688391001,90%,0.19498009157865057,112.38000000000001,21.911862691608754
2026-09-03 19:00:00+02:00,2026-09-03,20,,3.816472864182785,3.4925712845615333,4.314834795068858,90%,0.19498009157865057,106.62866666666667,20.790467191576074
2026-09-03 20:00:00+02:00,2026-09-03,21,,3.8099447672706512,3.4860431876493996,4.308306698156724,90%,0.19498009157865057,110.325,21.511178603414624
2026-09-03 21:00:00+02:00,2026-09-03,22,,3.802119310646199,3.478217731024947,4.300481241532272,90%,0.19498009157865057,106.30433333333333,20.72722864854073
2026-09-03 22:00:00+02:00,2026-09-03,23,,3.79346507108918,3.4695634914679285,4.291827001975253,90%,0.19498009157865057,103.35,20.151192464653533
2026-09-03 23:00:00+02:00,2026-09-03,24,,3.784507339670257,3.460605760049005,4.28286927055633,90%,0.19498009157865057,100.27566666666667,19.551758669776905
2026-09-04 00:00:00+02:00,2026-09-04,1,,3.7554039410321085,3.431502361410857,4.253765871918182,90%,0.19498009157865057,89.09366666666666,17.371491285744433
2026-09-04 01:00:00+02:00,2026-09-04,2,,3.7410726062794826,3.417171026658231,4.239434537165556,90%,0.19498009157865057,86.52533333333334,16.8707174172066
2026-09-04 02:00:00+02:00,2026-09-04,3,,3.736850451596469,3.4129488719752175,4.235212382482542,90%,0.19498009157865057,88.941,17.34172432509676
2026-09-04 03:00:00+02:00,2026-09-04,4,,3.7327928682572247,3.4088912886359735,4.231154799143298,90%,0.19498009157865057,84.279,16.43272713815709
2026-09-04 04:00:00+02:00,2026-09-04,5,,3.7291338479511373,3.405232268329886,4.227495778837211,90%,0.19498009157865057,75.898,14.79859899063642
2026-09-04 05:00:00+02:00,2026-09-04,6,,3.727898984870979,3.4039974052497275,4.226260915757052,90%,0.19498009157865057,73.53,14.336886133778176
2026-09-04 06:00:00+02:00,2026-09-04,7,,3.7290112513337523,3.405109671712501,4.227373182219826,90%,0.19498009157865057,54.082,10.54491331275658
2026-09-04 07:00:00+02:00,2026-09-04,8,,3.7318959988174107,3.407994419196159,4.230257929703484,90%,0.19498009157865057,49.40566666666667,9.63312141117095
2026-09-04 08:00:00+02:00,2026-09-04,9,,3.7363352185747623,3.4124336389535106,4.234697149460835,90%,0.19498009157865057,46.70933333333333,9.107390090911048
2026-09-04 09:00:00+02:00,2026-09-04,10,,3.7419523896462406,3.4180508100249893,4.240314320532314,90%,0.19498009157865057,36.81733333333333,7.178647025015037
2026-09-04 10:00:00+02:00,2026-09-04,11,,3.7482302318167067,3.424328652195455,4.24659216270278,90%,0.19498009157865057,36.884,7.191645697786948
2026-09-04 11:00:00+02:00,2026-09-04,12,,3.7546211238845073,3.4307195442632556,4.2529830547705805,90%,0.19498009157865057,31.804666666666666,6.2012768192951215
2026-09-04 12:00:00+02:00,2026-09-04,13,,3.7605811224387637,3.4366795428175125,4.258943053324837,90%,0.19498009157865057,24.10666666666667,4.70032007432267
2026-09-04 13:00:00+02:00,2026-09-04,14,,3.7655927855098845,3.441691205888633,4.263954716395958,90%,0.19498009157865057,25.945333333333334,5.058823469371949
2026-09-04 14:00:00+02:00,2026-09-04,15,,3.7691982192268494,3.4452966396055977,4.267560150112923,90%,0.19498009157865057,26.921333333333333,5.249124038752711
2026-09-04 15:00:00+02:00,2026-09-04,16,,3.771031709417597,3.4471301297963457,4.2693936403036705,90%,0.19498009157865057,32.778666666666666,6.391187428492727
2026-09-04 16:00:00+02:00,2026-09-04,17,,3.7708451773572325,3.446943597735981,4.269207108243306,90%,0.19498009157865057,61.599333333333334,12.010643654517155
2026-09-04 17:00:00+02:00,2026-09-04,18,,3.7685270190844884,3.4446254394632367,4.266888949970562,90%,0.19498009157865057,76.64433333333334,14.944119132317955
2026-09-04 18:00:00+02:00,2026-09-04,19,,3.764168707045121,3.440267127423869,4.262530637931194,90%,0.19498009157865057,112.38000000000001,21.911862691608754
2026-09-04 19:00:00+02:00,2026-09-04,20,,3.7579402285849923,3.4340386489637407,4.2563021594710655,90%,0.19498009157865057,106.62866666666667,20.790467191576074
2026-09-04 20:00:00+02:00,2026-09-04,21,,3.750072075615857,3.4261704959946053,4.24843400650193,90%,0.19498009157865057,110.325,21.511178603414624
2026-09-04 21:00:00+02:00,2026-09-04,22,,3.7409344136846463,3.417032834063395,4.23929634457072,90%,0.19498009157865057,106.30433333333333,20.72722864854073
2026-09-04 22:00:00+02:00,2026-09-04,23,,3.730995358315334,3.4070937786940823,4.229357289201407,90%,0.19498009157865057,103.35,20.151192464653533
2026-09-04 23:00:00+02:00,2026-09-04,24,,3.720763666727694,3.3968620871064426,4.219125597613767,90%,0.19498009157865057,100.27566666666667,19.551758669776905
2026-09-05 00:00:00+02:00,2026-09-05,1,,3.69544629335842,3.371544713737168,4.193808224244493,90%,0.19498009157865057,89.09366666666666,17.371491285744433
2026-09-05 01:00:00+02:00,2026-09-05,2,,3.6812599173959377,3.357358337774686,4.179621848282011,90%,0.19498009157865057,86.52533333333334,16.8707174172066
2026-09-05 02:00:00+02:00,2026-09-05,3,,3.674760957222889,3.3508593776016378,4.173122888108963,90%,0.19498009157865057,88.941,17.34172432509676
2026-09-05 03:00:00+02:00,2026-09-05,4,,3.6688165576346696,3.344914978013418,4.167178488520743,90%,0.19498009157865057,84.279,16.43272713815709
2026-09-05 04:00:00+02:00,2026-09-05,5,,3.663807945432189,3.339906365810937,4.162169876318262,90%,0.19498009157865057,75.898,14.79859899063642
2026-09-05 05:00:00+02:00,2026-09-05,6,,3.661190765219642,3.33728918559839,4.159552696105715,90%,0.19498009157865057,73.53,14.336886133778176
2026-09-05 06:00:00+02:00,2026-09-05,7,,3.6608393008588314,3.3369377212375797,4.1592012317449045,90%,0.19498009157865057,54.082,10.54491331275658
2026-09-05 07:00:00+02:00,2026-09-05,8,,3.66229770196675,3.3383961223454985,4.160659632852823,90%,0.19498009157865057,49.40566666666667,9.63312141117095
2026-09-05 08:00:00+02:00,2026-09-05,9,,3.665327848559138,3.3414262689378864,4.163689779445211,90%,0.19498009157865057,46.70933333333333,9.107390090911048
2026-09-05 09:00:00+02:00,2026-09-05,10,,3.6696263267260303,3.3457247471047786,4.1679882576121035,90%,0.19498009157865057,36.81733333333333,7.178647025015037
2026-09-05 10:00:00+02:00,2026-09-05,11,,3.6746462433097085,3.350744663688457,4.173008174195782,90%,0.19498009157865057,36.884,7.191645697786948
2026-09-05 11:00:00+02:00,2026-09-05,12,,3.679813012154514,3.3559114325332624,4.178174943040587,90%,0.19498009157865057,31.804666666666666,6.2012768192951215
2026-09-05 12:00:00+02:00,2026-09-05,13,,3.6845813921487975,3.360679812527546,4.182943323034871,90%,0.19498009157865057,24.10666666666667,4.70032007432267
2026-09-05 13:00:00+02:00,2026-09-05,14,,3.6884355785286855,3.364533998907434,4.186797509414759,90%,0.19498009157865057,25.945333333333334,5.058823469371949
2026-09-05 14:00:00+02:00,2026-09-05,15,,3.690915426123466,3.367013846502214,4.189277357009539,90%,0.19498009157865057,26.921333333333333,5.249124038752711
2026-09-05 15:00:00+02:00,2026-09-05,16,,3.6916522530239364,3.3677506734026847,4.19001418391001,90%,0.19498009157865057,32.778666666666666,6.391187428492727
2026-09-05 16:00:00+02:00,2026-09-05,17,,3.690396067215715,3.366494487594464,4.188757998101789,90%,0.19498009157865057,61.599333333333334,12.010643654517155
2026-09-05 17:00:00+02:00,2026-09-05,18,,3.687051431421934,3.3631498518006824,4.185413362308007,90%,0.19498009157865057,76.64433333333334,14.944119132317955
2026-09-05 18:00:00+02:00,2026-09-05,19,,3.6817152384490752,3.3578136588278236,4.180077169335148,90%,0.19498009157865057,112.38000000000001,21.911862691608754
2026-09-05 19:00:00+02:00,2026-09-05,20,,3.674495712587802,3.3505941329665507,4.1728576434738756,90%,0.19498009157865057,106.62866666666667,20.790467191576074
2026-09-05 20:00:00+02:00,2026-09-05,21,,3.6656365196324874,3.3417349400112357,4.1639984505185605,90%,0.19498009157865057,110.325,21.511178603414624
2026-09-05 21:00:00+02:00,2026-09-05,22,,3.6555216332341747,3.331620053612923,4.153883564120248,90%,0.19498009157865057,106.30433333333333,20.72722864854073
2026-09-05 22:00:00+02:00,2026-09-05,23,,3.644611309638496,3.320709730017245,4.14297324052457,90%,0.19498009157865057,103.35,20.151192464653533
2026-09-05 23:00:00+02:00,2026-09-05,24,,3.6333986095519624,3.3094970299307107,4.1317605404380355,90%,0.19498009157865057,100.27566666666667,19.551758669776905
2026-09-06 00:00:00+02:00,2026-09-06,1,,3.6024701253705014,3.27856854574925,4.100832056256575,90%,0.19498009157865057,89.09366666666666,17.371491285744433
2026-09-06 01:00:00+02:00,2026-09-06,2,,3.5856618620726515,3.2617602824514,4.084023792958725,90%,0.19498009157865057,86.52533333333334,16.8707174172066
2026-09-06 02:00:00+02:00,2026-09-06,3,,3.5779739743796846,3.254072394758433,4.076335905265758,90%,0.19498009157865057,88.941,17.34172432509676
2026-09-06 03:00:00+02:00,2026-09-06,4,,3.5704773458948855,3.246575766273634,4.068839276780959,90%,0.19498009157865057,84.279,16.43272713815709
2026-09-06 04:00:00+02:00,2026-09-06,5,,3.5638218070919563,3.239920227470705,4.06218373797803,90%,0.19498009157865057,75.898,14.79859899063642
2026-09-06 05:00:00+02:00,2026-09-06,6,,3.5596958848826445,3.2357943052613933,4.058057815768718,90%,0.19498009157865057,73.53,14.336886133778176
2026-09-06 06:00:00+02:00,2026-09-06,7,,3.557865073428908,3.2339634938076562,4.056227004314981,90%,0.19498009157865057,54.082,10.54491331275658
2026-09-06 07:00:00+02:00,2026-09-06,8,,3.5578286493185427,3.233927069697291,4.056190580204616,90%,0.19498009157865057,49.40566666666667,9.63312141117095
2026-09-06 08:00:00+02:00,2026-09-06,9,,3.559344272451166,3.2354426928299143,4.057706203337239,90%,0.19498009157865057,46.70933333333333,9.107390090911048
2026-09-06 09:00:00+02:00,2026-09-06,10,,3.5621192829351176,3.2382177033138664,4.060481213821191,90%,0.19498009157865057,36.81733333333333,7.178647025015037
2026-09-06 10:00:00+02:00,2026-09-06,11,,3.5656676142904233,3.2417660346691717,4.0640295451764965,90%,0.19498009157865057,36.884,7.191645697786948
2026-09-06 11:00:00+02:00,2026-09-06,12,,3.5693859219483475,3.245484342327096,4.067747852834421,90%,0.19498009157865057,31.804666666666666,6.2012768192951215
2026-09-06 12:00:00+02:00,2026-09-06,13,,3.572706806560821,3.2488052269395693,4.071068737446894,90%,0.19498009157865057,24.10666666666667,4.70032007432267
2026-09-06 13:00:00+02:00,2026-09-06,14,,3.5751133403626945,3.251211760741443,4.073475271248768,90%,0.19498009157865057,25.945333333333334,5.058823469371949
2026-09-06 14:00:00+02:00,2026-09-06,15,,3.5761463078535316,3.25224472823228,4.074508238739605,90%,0.19498009157865057,26.921333333333333,5.249124038752711
2026-09-06 15:00:00+02:00,2026-09-06,16,,3.5754352410697945,3.2515336614485433,4.073797171955868,90%,0.19498009157865057,32.778666666666666,6.391187428492727
2026-09-06 16:00:00+02:00,2026-09-06,17,,3.5727344224855657,3.2488328428643145,4.071096353371639,90%,0.19498009157865057,61.599333333333334,12.010643654517155
2026-09-06 17:00:00+02:00,2026-09-06,18,,3.568000276921892,3.2440986973006405,4.066362207807965,90%,0.19498009157865057,76.64433333333334,14.944119132317955
2026-09-06 18:00:00+02:00,2026-09-06,19,,3.561226465739871,3.2373248861186195,4.059588396625944,90%,0.19498009157865057,112.38000000000001,21.911862691608754
2026-09-06 19:00:00+02:00,2026-09-06,20,,3.552527248415296,3.2286256687940442,4.050889179301369,90%,0.19498009157865057,106.62866666666667,20.790467191576074
2026-09-06 20:00:00+02:00,2026-09-06,21,,3.542173882835373,3.218272303214121,4.040535813721446,90%,0.19498009157865057,110.325,21.511178603414624
2026-09-06 21:00:00+02:00,2026-09-06,22,,3.530550288600973,3.2066487089797215,4.028912219487046,90%,0.19498009157865057,106.30433333333333,20.72722864854073
2026-09-06 22:00:00+02:00,2026-09-06,23,,3.5181110155451383,3.194209435923887,4.016472946431212,90%,0.19498009157865057,103.35,20.151192464653533
2026-09-06 23:00:00+02:00,2026-09-06,24,,3.5053498649679242,3.181448285346673,4.003711795853998,90%,0.19498009157865057,100.27566666666667,19.551758669776905
2026-09-07 00:00:00+02:00,2026-09-07,1,,3.6020352411682386,3.2781336615469874,4.100397172054312,90%,0.19498009157865057,89.09366666666666,17.371491285744433
2026-09-07 01:00:00+02:00,2026-09-07,2,,3.629001545838525,3.3050999662172735,4.127363476724598,90%,0.19498009157865057,86.52533333333334,16.8707174172066
2026-09-07 02:00:00+02:00,2026-09-07,3,,3.6158073657244953,3.2919057861032437,4.1141692966105685,90%,0.19498009157865057,88.941,17.34172432509676
2026-09-07 03:00:00+02:00,2026-09-07,4,,3.6081942221925885,3.2842926425713372,4.106556153078662,90%,0.19498009157865057,84.279,16.43272713815709
2026-09-07 04:00:00+02:00,2026-09-07,5,,3.6092667010246178,3.285365121403366,4.107628631910691,90%,0.19498009157865057,75.898,14.79859899063642
2026-09-07 05:00:00+02:00,2026-09-07,6,,3.6118497555789713,3.2879481759577196,4.110211686465044,90%,0.19498009157865057,73.53,14.336886133778176
2026-09-07 06:00:00+02:00,2026-09-07,7,,3.6156114661822167,3.291709886560965,4.11397339706829,90%,0.19498009157865057,54.082,10.54491331275658
2026-09-07 07:00:00+02:00,2026-09-07,8,,3.6217218748307873,3.2978202952095357,4.1200838057168605,90%,0.19498009157865057,49.40566666666667,9.63312141117095
2026-09-07 08:00:00+02:00,2026-09-07,9,,3.629907640239047,3.3060060606177952,4.12826957112512,90%,0.19498009157865057,46.70933333333333,9.107390090911048
2026-09-07 09:00:00+02:00,2026-09-07,10,,3.6395158040708506,3.3156142244495994,4.137877734956924,90%,0.19498009157865057,36.81733333333333,7.178647025015037
2026-09-07 10:00:00+02:00,2026-09-07,11,,3.6500192994729392,3.3261177198516876,4.148381230359012,90%,0.19498009157865057,36.884,7.191645697786948
2026-09-07 11:00:00+02:00,2026-09-07,12,,3.6609123787956808,3.337010799174429,4.159274309681754,90%,0.19498009157865057,31.804666666666666,6.2012768192951215
2026-09-07 12:00:00+02:00,2026-09-07,13,,3.6716609491376984,3.3477593695164467,4.1700228800237715,90%,0.19498009157865057,24.10666666666667,4.70032007432267
2026-09-07 13:00:00+02:00,2026-09-07,14,,3.6817522399471097,3.357850660325858,4.180114170833183,90%,0.19498009157865057,25.945333333333334,5.058823469371949
2026-09-07 14:00:00+02:00,2026-09-07,15,,3.690743008125702,3.3668414285044506,4.189104939011775,90%,0.19498009157865057,26.921333333333333,5.249124038752711
2026-09-07 15:00:00+02:00,2026-09-07,16,,3.698289216570024,3.3743876369487724,4.196651147456097,90%,0.19498009157865057,32.778666666666666,6.391187428492727
2026-09-07 16:00:00+02:00,2026-09-07,17,,3.7041685533712805,3.380266973750029,4.202530484257354,90%,0.19498009157865057,61.599333333333334,12.010643654517155
2026-09-07 17:00:00+02:00,2026-09-07,18,,3.708298543597876,3.3843969639766245,4.206660474483949,90%,0.19498009157865057,76.64433333333334,14.944119132317955
2026-09-07 18:00:00+02:00,2026-09-07,19,,3.7107395683796067,3.386837988758355,4.20910149926568,90%,0.19498009157865057,112.38000000000001,21.911862691608754
2026-09-07 19:00:00+02:00,2026-09-07,20,,3.7116928615368887,3.3877912819156375,4.210054792422962,90%,0.19498009157865057,106.62866666666667,20.790467191576074
2026-09-07 20:00:00+02:00,2026-09-07,21,,3.7114951921341204,3.3875936125128687,4.2098571230201935,90%,0.19498009157865057,110.325,21.511178603414624
2026-09-07 21:00:00+02:00,2026-09-07,22,,3.7106022659693307,3.386700686348079,4.208964196855404,90%,0.19498009157865057,106.30433333333333,20.72722864854073
2026-09-07 22:00:00+02:00,2026-09-07,23,,3.7095860953302044,3.3856845157089532,4.207948026216278,90%,0.19498009157865057,103.35,20.151192464653533
2026-09-07 23:00:00+02:00,2026-09-07,24,,3.709038325397587,3.385136745776336,4.207400256283661,90%,0.19498009157865057,100.27566666666667,19.551758669776905
2026-09-08 00:00:00+02:00,2026-09-08,1,,3.701750418466154,3.377848838844902,4.200112349352227,90%,0.19498009157865057,89.09366666666666,17.371491285744433
2026-09-08 01:00:00+02:00,2026-09-08,2,,3.5634140549207656,3.239512475299514,4.061775985806839,90%,0.19498009157865057,86.52533333333334,16.8707174172066
2026-09-08 02:00:00+02:00,2026-09-08,3,,3.592445980209868,3.268544400588617,4.090807911095942,90%,0.19498009157865057,88.941,17.34172432509676
2026-09-08 03:00:00+02:00,2026-09-08,4,,3.660956381002152,3.3370548013809005,4.159318311888225,90%,0.19498009157865057,84.279,16.43272713815709
2026-09-08 04:00:00+02:00,2026-09-08,5,,3.666907908273174,3.3430063286519225,4.165269839159247,90%,0.19498009157865057,75.898,14.79859899063642
2026-09-08 05:00:00+02:00,2026-09-08,6,,3.658787988034279,3.334886408413028,4.157149918920353,90%,0.19498009157865057,73.53,14.336886133778176
2026-09-08 06:00:00+02:00,2026-09-08,7,,3.666852223325119,3.342950643703867,4.165214154211192,90%,0.19498009157865057,54.082,10.54491331275658
2026-09-08 07:00:00+02:00,2026-09-08,8,,3.68308087739355,3.3591792977722985,4.181442808279623,90%,0.19498009157865057,49.40566666666667,9.63312141117095
2026-09-08 08:00:00+02:00,2026-09-08,9,,3.6997706694160843,3.3758690897948327,4.1981326003021575,90%,0.19498009157865057,46.70933333333333,9.107390090911048
2026-09-08 09:00:00+02:00,2026-09-08,10,,3.717454595739433,3.3935530161181813,4.215816526625506,90%,0.19498009157865057,36.81733333333333,7.178647025015037
2026-09-08 10:00:00+02:00,2026-09-08,11,,3.736835348185828,3.412933768564576,4.235197279071901,90%,0.19498009157865057,36.884,7.191645697786948
2026-09-08 11:00:00+02:00,2026-09-08,12,,3.756845175461263,3.432943595840012,4.255207106347337,90%,0.19498009157865057,31.804666666666666,6.2012768192951215
2026-09-08 12:00:00+02:00,2026-09-08,13,,3.7761294231380527,3.452227843516801,4.274491354024126,90%,0.19498009157865057,24.10666666666667,4.70032007432267
2026-09-08 13:00:00+02:00,2026-09-08,14,,3.793661398002864,3.469759818381613,4.292023328888938,90%,0.19498009157865057,25.945333333333334,5.058823469371949
2026-09-08 14:00:00+02:00,2026-09-08,15,,3.8085995698935156,3.484697990272264,4.306961500779589,90%,0.19498009157865057,26.921333333333333,5.249124038752711
2026-09-08 15:00:00+02:00,2026-09-08,16,,3.820224484153975,3.4963229045327235,4.318586415040048,90%,0.19498009157865057,32.778666666666666,6.391187428492727
2026-09-08 16:00:00+02:00,2026-09-08,17,,3.8280136312106894,3.5041120515894377,4.3263755620967626,90%,0.19498009157865057,61.599333333333334,12.010643654517155
2026-09-08 17:00:00+02:00,2026-09-08,18,,3.8317019778218375,3.507800398200586,4.330063908707911,90%,0.19498009157865057,76.64433333333334,14.944119132317955
2026-09-08 18:00:00+02:00,2026-09-08,19,,3.831294552257013,3.5073929726357616,4.329656483143086,90%,0.19498009157865057,112.38000000000001,21.911862691608754
2026-09-08 19:00:00+02:00,2026-09-08,20,,3.8270665364050815,3.50316495678383,4.325428467291155,90%,0.19498009157865057,106.62866666666667,20.790467191576074
2026-09-08 20:00:00+02:00,2026-09-08,21,,3.819655593796121,3.49575401417487,4.318017524682195,90%,0.19498009157865057,110.325,21.511178603414624
2026-09-08 21:00:00+02:00,2026-09-08,22,,3.809816449799559,3.4859148701783074,4.308178380685632,90%,0.19498009157865057,106.30433333333333,20.72722864854073
2026-09-08 22:00:00+02:00,2026-09-08,23,,3.7983329525018386,3.474431372880587,4.296694883387912,90%,0.19498009157865057,103.35,20.151192464653533
2026-09-08 23:00:00+02:00,2026-09-08,24,,3.786111351191142,3.4622097715698903,4.284473282077215,90%,0.19498009157865057,100.27566666666667,19.551758669776905
2026-09-09 00:00:00+02:00,2026-09-09,1,,3.735718170641003,3.4118165910197513,4.234080101527076,90%,0.19498009157865057,89.09366666666666,17.371491285744433
2026-09-09 01:00:00+02:00,2026-09-09,2,,3.7022092504940805,3.378307670872829,4.200571181380154,90%,0.19498009157865057,86.52533333333334,16.8707174172066
2026-09-09 02:00:00+02:00,2026-09-09,3,,3.7029359040176333,3.3790343243963816,4.2012978349037065,90%,0.19498009157865057,88.941,17.34172432509676
2026-09-09 03:00:00+02:00,2026-09-09,4,,3.709612568100895,3.3857109884796435,4.207974498986968,90%,0.19498009157865057,84.279,16.43272713815709
2026-09-09 04:00:00+02:00,2026-09-09,5,,3.7092485971973144,3.3853470175760627,4.2076105280833875,90%,0.19498009157865057,75.898,14.79859899063642
2026-09-09 05:00:00+02:00,2026-09-09,6,,3.7104148351573683,3.3865132555361166,4.208776766043441,90%,0.19498009157865057,73.53,14.336886133778176
2026-09-09 06:00:00+02:00,2026-09-09,7,,3.718091607421277,3.3941900278000254,4.21645353830735,90%,0.19498009157865057,54.082,10.54491331275658
2026-09-09 07:00:00+02:00,2026-09-09,8,,3.73050148305596,3.4065999034347083,4.228863413942033,90%,0.19498009157865057,49.40566666666667,9.63312141117095
2026-09-09 08:00:00+02:00,2026-09-09,9,,3.745411068454305,3.4215094888330535,4.243772999340378,90%,0.19498009157865057,46.70933333333333,9.107390090911048
2026-09-09 09:00:00+02:00,2026-09-09,10,,3.7621391210737736,3.438237541452522,4.260501051959847,90%,0.19498009157865057,36.81733333333333,7.178647025015037
2026-09-09 10:00:00+02:00,2026-09-09,11,,3.780134650137289,3.4562330705160376,4.278496581023362,90%,0.19498009157865057,36.884,7.191645697786948
2026-09-09 11:00:00+02:00,2026-09-09,12,,3.798369843130807,3.4744682635095554,4.29673177401688,90%,0.19498009157865057,31.804666666666666,6.2012768192951215
2026-09-09 12:00:00+02:00,2026-09-09,13,,3.815685706854356,3.491784127233105,4.31404763774043,90%,0.19498009157865057,24.10666666666667,4.70032007432267
2026-09-09 13:00:00+02:00,2026-09-09,14,,3.8310608317600097,3.5071592521387585,4.329422762646083,90%,0.19498009157865057,25.945333333333334,5.058823469371949
2026-09-09 14:00:00+02:00,2026-09-09,15,,3.8436432796270963,3.519741700005845,4.34200521051317,90%,0.19498009157865057,26.921333333333333,5.249124038752711
2026-09-09 15:00:00+02:00,2026-09-09,16,,3.8527565054118016,3.52885492579055,4.351118436297875,90%,0.19498009157865057,32.778666666666666,6.391187428492727
2026-09-09 16:00:00+02:00,2026-09-09,17,,3.8579402813339323,3.5340387017126806,4.3563022122200055,90%,0.19498009157865057,61.599333333333334,12.010643654517155
2026-09-09 17:00:00+02:00,2026-09-09,18,,3.8589894823281212,3.53508790270687,4.357351413214195,90%,0.19498009157865057,76.64433333333334,14.944119132317955
2026-09-09 18:00:00+02:00,2026-09-09,19,,3.8559720496913474,3.532070470070096,4.354333980577421,90%,0.19498009157865057,112.38000000000001,21.911862691608754
2026-09-09 19:00:00+02:00,2026-09-09,20,,3.849287534867548,3.5253859552462963,4.347649465753621,90%,0.19498009157865057,106.62866666666667,20.790467191576074
2026-09-09 20:00:00+02:00,2026-09-09,21,,3.8396791818005718,3.5157776021793206,4.338041112686645,90%,0.19498009157865057,110.325,21.511178603414624
2026-09-09 21:00:00+02:00,2026-09-09,22,,3.8277717919540892,3.5038702123328376,4.326133722840162,90%,0.19498009157865057,106.30433333333333,20.72722864854073
2026-09-09 22:00:00+02:00,2026-09-09,23,,3.8143706562546775,3.490469076633426,4.312732587140751,90%,0.19498009157865057,103.35,20.151192464653533
2026-09-09 23:00:00+02:00,2026-09-09,24,,3.800492445070864,3.4765908654496123,4.298854375956937,90%,0.19498009157865057,100.27566666666667,19.551758669776905
2026-09-10 00:00:00+02:00,2026-09-10,1,,3.745581155926339,3.4216795763050873,4.243943086812412,90%,0.19498009157865057,89.09366666666666,17.371491285744433
2026-09-10 01:00:00+02:00,2026-09-10,2,,3.7089861842295218,3.38508460460827,4.207348115115595,90%,0.19498009157865057,86.52533333333334,16.8707174172066
2026-09-10 02:00:00+02:00,2026-09-10,3,,3.7038171506076223,3.3799155709863706,4.2021790814936955,90%,0.19498009157865057,88.941,17.34172432509676
2026-09-10 03:00:00+02:00,2026-09-10,4,,3.7045011992449943,3.3805996196237427,4.2028631301310675,90%,0.19498009157865057,84.279,16.43272713815709
2026-09-10 04:00:00+02:00,2026-09-10,5,,3.7008115427274193,3.3769099631061676,4.1991734736134925,90%,0.19498009157865057,75.898,14.79859899063642
2026-09-10 05:00:00+02:00,2026-09-10,6,,3.699840131600438,3.3759385519791865,4.198202062486511,90%,0.19498009157865057,73.53,14.336886133778176
2026-09-10 06:00:00+02:00,2026-09-10,7,,3.7050448141159347,3.381143234494683,4.203406745002008,90%,0.19498009157865057,54.082,10.54491331275658
2026-09-10 07:00:00+02:00,2026-09-10,8,,3.7145432651295867,3.390641685508335,4.21290519601566,90%,0.19498009157865057,49.40566666666667,9.63312141117095
2026-09-10 08:00:00+02:00,2026-09-10,9,,3.7267846030373164,3.4028830234160647,4.22514653392339,90%,0.19498009157865057,46.70933333333333,9.107390090911048
2026-09-10 09:00:00+02:00,2026-09-10,10,,3.74110454062727,3.4172029610060184,4.239466471513343,90%,0.19498009157865057,36.81733333333333,7.178647025015037
2026-09-10 10:00:00+02:00,2026-09-10,11,,3.756788525564692,3.432886945943441,4.255150456450766,90%,0.19498009157865057,36.884,7.191645697786948
2026-09-10 11:00:00+02:00,2026-09-10,12,,3.772797370147706,3.4488957905264543,4.271159301033779,90%,0.19498009157865057,31.804666666666666,6.2012768192951215
2026-09-10 12:00:00+02:00,2026-09-10,13,,3.788008176085833,3.464106596464582,4.286370106971907,90%,0.19498009157865057,24.10666666666667,4.70032007432267
2026-09-10 13:00:00+02:00,2026-09-10,14,,3.801390861396301,3.47748928177505,4.299752792282375,90%,0.19498009157865057,25.945333333333334,5.058823469371949
2026-09-10 14:00:00+02:00,2026-09-10,15,,3.8120528791263433,3.488151299505092,4.310414810012417,90%,0.19498009157865057,26.921333333333333,5.249124038752711
2026-09-10 15:00:00+02:00,2026-09-10,16,,3.819273051890111,3.495371472268859,4.317634982776184,90%,0.19498009157865057,32.778666666666666,6.391187428492727
2026-09-10 16:00:00+02:00,2026-09-10,17,,3.8225520941701228,3.4986505145488715,4.320914025056196,90%,0.19498009157865057,61.599333333333334,12.010643654517155
2026-09-10 17:00:00+02:00,2026-09-10,18,,3.8216531159136773,3.4977515362924256,4.3200150467997505,90%,0.19498009157865057,76.64433333333334,14.944119132317955
2026-09-10 18:00:00+02:00,2026-09-10,19,,3.8166309730060517,3.4927293933848,4.314992903892125,90%,0.19498009157865057,112.38000000000001,21.911862691608754
2026-09-10 19:00:00+02:00,2026-09-10,20,,3.8080103557608975,3.484108776139646,4.306372286646971,90%,0.19498009157865057,106.62866666666667,20.790467191576074
2026-09-10 20:00:00+02:00,2026-09-10,21,,3.7962975230714315,3.47239594345018,4.294659453957505,90%,0.19498009157865057,110.325,21.511178603414624
2026-09-10 21:00:00+02:00,2026-09-10,22,,3.782085641238294,3.4581840616170423,4.280447572124367,90%,0.19498009157865057,106.30433333333333,20.72722864854073
2026-09-10 22:00:00+02:00,2026-09-10,23,,3.766251956217143,3.4423503765958916,4.264613887103216,90%,0.19498009157865057,103.35,20.151192464653533
2026-09-10 23:00:00+02:00,2026-09-10,24,,3.7498273028224833,3.4259257232012317,4.2481892337085565,90%,0.19498009157865057,100.27566666666667,19.551758669776905
2026-09-11 00:00:00+02:00,2026-09-11,1,,3.697643407971917,3.3737418283506653,4.19600533885799,90%,0.19498009157865057,89.09366666666666,17.371491285744433
2026-09-11 01:00:00+02:00,2026-09-11,2,,3.6665668840801504,3.342665304458899,4.164928814966224,90%,0.19498009157865057,86.52533333333334,16.8707174172066
2026-09-11 02:00:00+02:00,2026-09-11,3,,3.6583411570892874,3.3344395774680358,4.156703087975361,90%,0.19498009157865057,88.941,17.34172432509676
2026-09-11 03:00:00+02:00,2026-09-11,4,,3.652396741353537,3.3284951617322855,4.15075867223961,90%,0.19498009157865057,84.279,16.43272713815709
2026-09-11 04:00:00+02:00,2026-09-11,5,,3.6457895360129715,3.32188795639172,4.144151466899045,90%,0.19498009157865057,75.898,14.79859899063642
2026-09-11 05:00:00+02:00,2026-09-11,6,,3.643624392901785,3.319722813280533,4.141986323787858,90%,0.19498009157865057,73.53,14.336886133778176
2026-09-11 06:00:00+02:00,2026-09-11,7,,3.6467038123208115,3.3228022326995603,4.145065743206885,90%,0.19498009157865057,54.082,10.54491331275658
2026-09-11 07:00:00+02:00,2026-09-11,8,,3.6535190668742636,3.329617487253012,4.151880997760337,90%,0.19498009157865057,49.40566666666667,9.63312141117095
2026-09-11 08:00:00+02:00,2026-09-11,9,,3.66345291926105,3.339551339639798,4.161814850147123,90%,0.19498009157865057,46.70933333333333,9.107390090911048
2026-09-11 09:00:00+02:00,2026-09-11,10,,3.6758173705057136,3.351915790884462,4.174179301391787,90%,0.19498009157865057,36.81733333333333,7.178647025015037
2026-09-11 10:00:00+02:00,2026-09-11,11,,3.6896264605435682,3.3657248809223166,4.187988391429641,90%,0.19498009157865057,36.884,7.191645697786948
2026-09-11 11:00:00+02:00,2026-09-11,12,,3.7037909032746423,3.3798893236533907,4.2021528341607155,90%,0.19498009157865057,31.804666666666666,6.2012768192951215
2026-09-11 12:00:00+02:00,2026-09-11,13,,3.7172321159284385,3.393330536307187,4.215594046814512,90%,0.19498009157865057,24.10666666666667,4.70032007432267
2026-09-11 13:00:00+02:00,2026-09-11,14,,3.7289298822511174,3.4050283026298658,4.227291813137191,90%,0.19498009157865057,25.945333333333334,5.058823469371949
2026-09-11 14:00:00+02:00,2026-09-11,15,,3.7379776998276824,3.414076120206431,4.236339630713756,90%,0.19498009157865057,26.921333333333333,5.249124038752711
2026-09-11 15:00:00+02:00,2026-09-11,16,,3.7436455015173697,3.419743921896118,4.242007432403443,90%,0.19498009157865057,32.778666666666666,6.391187428492727
2026-09-11 16:00:00+02:00,2026-09-11,17,,3.745431576634294,3.4215299970130424,4.243793507520367,90%,0.19498009157865057,61.599333333333334,12.010643654517155
2026-09-11 17:00:00+02:00,2026-09-11,18,,3.7430989612822287,3.419197381660977,4.241460892168302,90%,0.19498009157865057,76.64433333333334,14.944119132317955
2026-09-11 18:00:00+02:00,2026-09-11,19,,3.736767001505652,3.4128654218844003,4.235128932391725,90%,0.19498009157865057,112.38000000000001,21.911862691608754
2026-09-11 19:00:00+02:00,2026-09-11,20,,3.7269160686868954,3.4030144890656437,4.225277999572969,90%,0.19498009157865057,106.62866666666667,20.790467191576074
2026-09-11 20:00:00+02:00,2026-09-11,21,,3.7139322717053833,3.3900306920841317,4.2122942025914565,90%,0.19498009157865057,110.325,21.511178603414624
2026-09-11 21:00:00+02:00,2026-09-11,22,,3.6984435126599253,3.3745419330386737,4.1968054435459985,90%,0.19498009157865057,106.30433333333333,20.72722864854073
2026-09-11 22:00:00+02:00,2026-09-11,23,,3.6813482933210313,3.3574467136997797,4.1797102242071045,90%,0.19498009157865057,103.35,20.151192464653533
2026-09-11 23:00:00+02:00,2026-09-11,24,,3.6636469391178377,3.339745359496586,4.162008870003911,90%,0.19498009157865057,100.27566666666667,19.551758669776905
2026-09-12 00:00:00+02:00,2026-09-12,1,,3.6188910138299857,3.294989434208734,4.117252944716059,90%,0.19498009157865057,89.09366666666666,17.371491285744433
2026-09-12 01:00:00+02:00,2026-09-12,2,,3.5901592875390644,3.266257707917813,4.088521218425138,90%,0.19498009157865057,86.52533333333334,16.8707174172066
2026-09-12 02:00:00+02:00,2026-09-12,3,,3.579051326524928,3.255149746903677,4.077413257411002,90%,0.19498009157865057,88.941,17.34172432509676
2026-09-12 03:00:00+02:00,2026-09-12,4,,3.57039122517068,3.2464896455494285,4.068753156056753,90%,0.19498009157865057,84.279,16.43272713815709
2026-09-12 04:00:00+02:00,2026-09-12,5,,3.5623506983708086,3.238449118749557,4.060712629256882,90%,0.19498009157865057,75.898,14.79859899063642
2026-09-12 05:00:00+02:00,2026-09-12,6,,3.558802522016985,3.2349009423957336,4.057164452903058,90%,0.19498009157865057,73.53,14.336886133778176
2026-09-12 06:00:00+02:00,2026-09-12,7,,3.5602079387271104,3.2363063591058587,4.058569869613184,90%,0.19498009157865057,54.082,10.54491331275658
2026-09-12 07:00:00+02:00,2026-09-12,8,,3.5653252883844475,3.241423708763196,4.063687219270521,90%,0.19498009157865057,49.40566666666667,9.63312141117095
2026-09-12 08:00:00+02:00,2026-09-12,9,,3.573636339175841,3.249734759554589,4.071998270061914,90%,0.19498009157865057,46.70933333333333,9.107390090911048
2026-09-12 09:00:00+02:00,2026-09-12,10,,3.584540981910573,3.2606394022893213,4.082902912796646,90%,0.19498009157865057,36.81733333333333,7.178647025015037
2026-09-12 10:00:00+02:00,2026-09-12,11,,3.5969944324479113,3.27309285282666,4.095356363333985,90%,0.19498009157865057,36.884,7.191645697786948
2026-09-12 11:00:00+02:00,2026-09-12,12,,3.6098524279457376,3.285950848324486,4.108214358831811,90%,0.19498009157865057,31.804666666666666,6.2012768192951215
2026-09-12 12:00:00+02:00,2026-09-12,13,,3.622032510241694,3.2981309306204425,4.120394441127767,90%,0.19498009157865057,24.10666666666667,4.70032007432267
2026-09-12 13:00:00+02:00,2026-09-12,14,,3.632521397184183,3.3086198175629313,4.130883328070256,90%,0.19498009157865057,25.945333333333334,5.058823469371949
2026-09-12 14:00:00+02:00,2026-09-12,15,,3.6404096307207343,3.3165080510994827,4.1387715616068075,90%,0.19498009157865057,26.921333333333333,5.249124038752711
2026-09-12 15:00:00+02:00,2026-09-12,16,,3.6449604026555127,3.321058823034261,4.143322333541586,90%,0.19498009157865057,32.778666666666666,6.391187428492727
2026-09-12 16:00:00+02:00,2026-09-12,17,,3.645667393224393,3.3217658136031414,4.144029324110466,90%,0.19498009157865057,61.599333333333334,12.010643654517155
2026-09-12 17:00:00+02:00,2026-09-12,18,,3.6423047908877333,3.3184032112664816,4.1406667217738065,90%,0.19498009157865057,76.64433333333334,14.944119132317955
2026-09-12 18:00:00+02:00,2026-09-12,19,,3.635041811878028,3.3111402322567765,4.133403742764101,90%,0.19498009157865057,112.38000000000001,21.911862691608754
2026-09-12 19:00:00+02:00,2026-09-12,20,,3.624248729150965,3.3003471495297134,4.122610660037038,90%,0.19498009157865057,106.62866666666667,20.790467191576074
2026-09-12 20:00:00+02:00,2026-09-12,21,,3.610291475521428,3.286389895900177,4.108653406407502,90%,0.19498009157865057,110.325,21.511178603414624
2026-09-12 21:00:00+02:00,2026-09-12,22,,3.5938335237014125,3.2699319440801613,4.092195454587486,90%,0.19498009157865057,106.30433333333333,20.72722864854073
2026-09-12 22:00:00+02:00,2026-09-12,23,,3.575768785028785,3.2518672054075335,4.074130715914858,90%,0.19498009157865057,103.35,20.151192464653533
2026-09-12 23:00:00+02:00,2026-09-12,24,,3.5570635111355866,3.233161931514335,4.05542544202166,90%,0.19498009157865057,100.27566666666667,19.551758669776905
2026-09-13 00:00:00+02:00,2026-09-13,1,,3.503190193694425,3.1792886140731733,4.001552124580498,90%,0.19498009157865057,89.09366666666666,17.371491285744433
2026-09-13 01:00:00+02:00,2026-09-13,2,,3.4698528326779368,3.145951253056685,3.9682147635640104,90%,0.19498009157865057,86.52533333333334,16.8707174172066
2026-09-13 02:00:00+02:00,2026-09-13,3,,3.457669988863958,3.1337684092427063,3.9560319197500315,90%,0.19498009157865057,88.941,17.34172432509676
2026-09-13 03:00:00+02:00,2026-09-13,4,,3.4473230103128656,3.1234214306916144,3.945684941198939,90%,0.19498009157865057,84.279,16.43272713815709
2026-09-13 04:00:00+02:00,2026-09-13,5,,3.4371092632681135,3.113207683646862,3.935471194154187,90%,0.19498009157865057,75.898,14.79859899063642
2026-09-13 05:00:00+02:00,2026-09-13,6,,3.4317473056376455,3.107845726016394,3.930109236523719,90%,0.19498009157865057,73.53,14.336886133778176
2026-09-13 06:00:00+02:00,2026-09-13,7,,3.431507478656611,3.1076058990353594,3.9298694095426847,90%,0.19498009157865057,54.082,10.54491331275658
2026-09-13 07:00:00+02:00,2026-09-13,8,,3.434916857170771,3.1110152775495195,3.9332787880568447,90%,0.19498009157865057,49.40566666666667,9.63312141117095
2026-09-13 08:00:00+02:00,2026-09-13,9,,3.441433178090846,3.1175315984695944,3.9397951089769196,90%,0.19498009157865057,46.70933333333333,9.107390090911048
2026-09-13 09:00:00+02:00,2026-09-13,10,,3.450633871802553,3.126732292181302,3.9489958026886267,90%,0.19498009157865057,36.81733333333333,7.178647025015037
2026-09-13 10:00:00+02:00,2026-09-13,11,,3.461488812538615,3.1375872329173635,3.959850743424689,90%,0.19498009157865057,36.884,7.191645697786948
2026-09-13 11:00:00+02:00,2026-09-13,12,,3.4727972833072545,3.1488957036860032,3.971159214193328,90%,0.19498009157865057,31.804666666666666,6.2012768192951215
2026-09-13 12:00:00+02:00,2026-09-13,13,,3.4834461502299767,3.159544570608725,3.9818080811160503,90%,0.19498009157865057,24.10666666666667,4.70032007432267
2026-09-13 13:00:00+02:00,2026-09-13,14,,3.492422188925986,3.1685206093047347,3.9907841198120595,90%,0.19498009157865057,25.945333333333334,5.058823469371949
2026-09-13 14:00:00+02:00,2026-09-13,15,,3.4988193895833795,3.1749178099621282,3.997181320469453,90%,0.19498009157865057,26.921333333333333,5.249124038752711
2026-09-13 15:00:00+02:00,2026-09-13,16,,3.501898766488699,3.1779971868674473,4.000260697374772,90%,0.19498009157865057,32.778666666666666,6.391187428492727
2026-09-13 16:00:00+02:00,2026-09-13,17,,3.5011554609452675,3.177253881324016,3.999517391831341,90%,0.19498009157865057,61.599333333333334,12.010643654517155
2026-09-13 17:00:00+02:00,2026-09-13,18,,3.4964081595002057,3.172506579878954,3.9947700903862793,90%,0.19498009157865057,76.64433333333334,14.944119132317955
2026-09-13 18:00:00+02:00,2026-09-13,19,,3.48782305758205,3.1639214779607983,3.9861849884681235,90%,0.19498009157865057,112.38000000000001,21.911862691608754
2026-09-13 19:00:00+02:00,2026-09-13,20,,3.4756322197625122,3.1517306401412606,3.973994150648586,90%,0.19498009157865057,106.62866666666667,20.790467191576074
2026-09-13 20:00:00+02:00,2026-09-13,21,,3.4602436407847215,3.13634206116347,3.958605571670795,90%,0.19498009157865057,110.325,21.511178603414624
2026-09-13 21:00:00+02:00,2026-09-13,22,,3.4423642858463133,3.1184627062250616,3.940726216732387,90%,0.19498009157865057,106.30433333333333,20.72722864854073
2026-09-13 22:00:00+02:00,2026-09-13,23,,3.42287861387954,3.0989770342582883,3.9212405447656136,90%,0.19498009157865057,103.35,20.151192464653533
2026-09-13 23:00:00+02:00,2026-09-13,24,,3.4027345434979352,3.0788329638766836,3.901096474384009,90%,0.19498009157865057,100.27566666666667,19.551758669776905
2026-09-14 00:00:00+02:00,2026-09-14,1,,3.573806093554459,3.249904513933208,4.072168024440533,90%,0.19498009157865057,89.09366666666666,17.371491285744433
2026-09-14 01:00:00+02:00,2026-09-14,2,,3.645172695067474,3.3212711154462227,4.1435346259535475,90%,0.19498009157865057,86.52533333333334,16.8707174172066
2026-09-14 02:00:00+02:00,2026-09-14,3,,3.6202399493777087,3.296338369756457,4.118601880263782,90%,0.19498009157865057,88.941,17.34172432509676
2026-09-14 03:00:00+02:00,2026-09-14,4,,3.5964318803646806,3.272530300743429,4.094793811250754,90%,0.19498009157865057,84.279,16.43272713815709
2026-09-14 04:00:00+02:00,2026-09-14,5,,3.5963367490869684,3.2724351694657168,4.094698679973042,90%,0.19498009157865057,75.898,14.79859899063642
2026-09-14 05:00:00+02:00,2026-09-14,6,,3.601599692777895,3.277698113156643,4.099961623663968,90%,0.19498009157865057,73.53,14.336886133778176
2026-09-14 06:00:00+02:00,2026-09-14,7,,3.6069452222699105,3.283043642648659,4.105307153155984,90%,0.19498009157865057,54.082,10.54491331275658
2026-09-14 07:00:00+02:00,2026-09-14,8,,3.6163355525789376,3.292433972957686,4.114697483465011,90%,0.19498009157865057,49.40566666666667,9.63312141117095
2026-09-14 08:00:00+02:00,2026-09-14,9,,3.630173209937821,3.3062716303165693,4.128535140823894,90%,0.19498009157865057,46.70933333333333,9.107390090911048
2026-09-14 09:00:00+02:00,2026-09-14,10,,3.64677897953702,3.322877399915768,4.145140910423093,90%,0.19498009157865057,36.81733333333333,7.178647025015037
2026-09-14 10:00:00+02:00,2026-09-14,11,,3.6648353729941094,3.340933793372858,4.163197303880183,90%,0.19498009157865057,36.884,7.191645697786948
2026-09-14 11:00:00+02:00,2026-09-14,12,,3.6833828898323686,3.359481310211117,4.181744820718442,90%,0.19498009157865057,31.804666666666666,6.2012768192951215
2026-09-14 12:00:00+02:00,2026-09-14,13,,3.7014173946327498,3.377515815011498,4.199779325518823,90%,0.19498009157865057,24.10666666666667,4.70032007432267
2026-09-14 13:00:00+02:00,2026-09-14,14,,3.7179183711370367,3.394016791515785,4.21628030202311,90%,0.19498009157865057,25.945333333333334,5.058823469371949
2026-09-14 14:00:00+02:00,2026-09-14,15,,3.731995680359965,3.4080941007387135,4.230357611246038,90%,0.19498009157865057,26.921333333333333,5.249124038752711
2026-09-14 15:00:00+02:00,2026-09-14,16,,3.7429642823744835,3.419062702753232,4.241326213260557,90%,0.19498009157865057,32.778666666666666,6.391187428492727
2026-09-14 16:00:00+02:00,2026-09-14,17,,3.750379258075173,3.4264776784539217,4.2487411889612465,90%,0.19498009157865057,61.599333333333334,12.010643654517155
2026-09-14 17:00:00+02:00,2026-09-14,18,,3.754066962493381,3.4301653828721292,4.252428893379454,90%,0.19498009157865057,76.64433333333334,14.944119132317955
2026-09-14 18:00:00+02:00,2026-09-14,19,,3.7541415472852955,3.4302399676640443,4.252503478171369,90%,0.19498009157865057,112.38000000000001,21.911862691608754
2026-09-14 19:00:00+02:00,2026-09-14,20,,3.750994028068443,3.4270924484471914,4.249355958954516,90%,0.19498009157865057,106.62866666666667,20.790467191576074
2026-09-14 20:00:00+02:00,2026-09-14,21,,3.745347936622527,3.421446357001275,4.2437098675086,90%,0.19498009157865057,110.325,21.511178603414624
2026-09-14 21:00:00+02:00,2026-09-14,22,,3.738095760859798,3.414194181238546,4.236457691745871,90%,0.19498009157865057,106.30433333333333,20.72722864854073
2026-09-14 22:00:00+02:00,2026-09-14,23,,3.730207790435486,3.4063062108142343,4.228569721321559,90%,0.19498009157865057,103.35,20.151192464653533
2026-09-14 23:00:00+02:00,2026-09-14,24,,3.722853735656236,3.3989521560349845,4.221215666542309,90%,0.19498009157865057,100.27566666666667,19.551758669776905
2026-09-15 00:00:00+02:00,2026-09-15,1,,3.6958673125163903,3.3719657328951387,4.1942292434024635,90%,0.19498009157865057,89.09366666666666,17.371491285744433
2026-09-15 01:00:00+02:00,2026-09-15,2,,3.580883399507898,3.2569818198866463,4.079245330393971,90%,0.19498009157865057,86.52533333333334,16.8707174172066
2026-09-15 02:00:00+02:00,2026-09-15,3,,3.5681310954344685,3.244229515813217,4.066493026320542,90%,0.19498009157865057,88.941,17.34172432509676
2026-09-15 03:00:00+02:00,2026-09-15,4,,3.6318467596287514,3.3079451800074997,4.1302086905148245,90%,0.19498009157865057,84.279,16.43272713815709
2026-09-15 04:00:00+02:00,2026-09-15,5,,3.650368236078953,3.3264666564577015,4.148730166965026,90%,0.19498009157865057,75.898,14.79859899063642
2026-09-15 05:00:00+02:00,2026-09-15,6,,3.6385292107044624,3.3146276310832112,4.136891141590536,90%,0.19498009157865057,73.53,14.336886133778176
2026-09-15 06:00:00+02:00,2026-09-15,7,,3.6421685819537286,3.318267002332477,4.140530512839802,90%,0.19498009157865057,54.082,10.54491331275658
2026-09-15 07:00:00+02:00,2026-09-15,8,,3.6625908071026263,3.3386892274813746,4.1609527379886995,90%,0.19498009157865057,49.40566666666667,9.63312141117095
2026-09-15 08:00:00+02:00,2026-09-15,9,,3.6858485868656476,3.361947007244396,4.184210517751721,90%,0.19498009157865057,46.70933333333333,9.107390090911048
2026-09-15 09:00:00+02:00,2026-09-15,10,,3.709471500535714,3.3855699209144623,4.207833431421787,90%,0.19498009157865057,36.81733333333333,7.178647025015037
2026-09-15 10:00:00+02:00,2026-09-15,11,,3.7351515566739684,3.4112499770527167,4.2335134875600415,90%,0.19498009157865057,36.884,7.191645697786948
2026-09-15 11:00:00+02:00,2026-09-15,12,,3.7620715091442154,3.4381699295229637,4.260433440030289,90%,0.19498009157865057,31.804666666666666,6.2012768192951215
2026-09-15 12:00:00+02:00,2026-09-15,13,,3.7880525749686482,3.4641509953473966,4.286414505854721,90%,0.19498009157865057,24.10666666666667,4.70032007432267
2026-09-15 13:00:00+02:00,2026-09-15,14,,3.8113762840337984,3.4874747044125467,4.3097382149198715,90%,0.19498009157865057,25.945333333333334,5.058823469371949
2026-09-15 14:00:00+02:00,2026-09-15,15,,3.830843722640061,3.5069421430188097,4.3292056535261345,90%,0.19498009157865057,26.921333333333333,5.249124038752711
2026-09-15 15:00:00+02:00,2026-09-15,16,,3.8454733604630533,3.5215717808418017,4.3438352913491265,90%,0.19498009157865057,32.778666666666666,6.391187428492727
2026-09-15 16:00:00+02:00,2026-09-15,17,,3.8545308943285317,3.53062931470728,4.352892825214605,90%,0.19498009157865057,61.599333333333334,12.010643654517155
2026-09-15 17:00:00+02:00,2026-09-15,18,,3.8576531171164614,3.5337515374952098,4.356015048002535,90%,0.19498009157865057,76.64433333333334,14.944119132317955
2026-09-15 18:00:00+02:00,2026-09-15,19,,3.854884943442215,3.5309833638209636,4.353246874328288,90%,0.19498009157865057,112.38000000000001,21.911862691608754
2026-09-15 19:00:00+02:00,2026-09-15,20,,3.8466881061402094,3.522786526518958,4.345050037026283,90%,0.19498009157865057,106.62866666666667,20.790467191576074
2026-09-15 20:00:00+02:00,2026-09-15,21,,3.83414889808341,3.5102473184621585,4.332510828969483,90%,0.19498009157865057,110.325,21.511178603414624
2026-09-15 21:00:00+02:00,2026-09-15,22,,3.8182231888331857,3.4943216092119345,4.316585119719259,90%,0.19498009157865057,106.30433333333333,20.72722864854073
2026-09-15 22:00:00+02:00,2026-09-15,23,,3.799991768392297,3.476090188771045,4.29835369927837,90%,0.19498009157865057,103.35,20.151192464653533
2026-09-15 23:00:00+02:00,2026-09-15,24,,3.7808037224596607,3.456902142838409,4.279165653345734,90%,0.19498009157865057,100.27566666666667,19.551758669776905
2026-09-16 00:00:00+02:00,2026-09-16,1,,3.717555214300514,3.3936536346792625,4.215917145186587,90%,0.19498009157865057,89.09366666666666,17.371491285744433
2026-09-16 01:00:00+02:00,2026-09-16,2,,3.669893538522727,3.3459919589014753,4.1682554694088,90%,0.19498009157865057,86.52533333333334,16.8707174172066
2026-09-16 02:00:00+02:00,2026-09-16,3,,3.6624641122365804,3.338562532615329,4.160826043122654,90%,0.19498009157865057,88.941,17.34172432509676
2026-09-16 03:00:00+02:00,2026-09-16,4,,3.668943288686921,3.3450417090656694,4.167305219572994,90%,0.19498009157865057,84.279,16.43272713815709
2026-09-16 04:00:00+02:00,2026-09-16,5,,3.6683718228840947,3.344470243262843,4.166733753770168,90%,0.19498009157865057,75.898,14.79859899063642
2026-09-16 05:00:00+02:00,2026-09-16,6,,3.66791517281988,3.3440135931986283,4.166277103705953,90%,0.19498009157865057,73.53,14.336886133778176
2026-09-16 06:00:00+02:00,2026-09-16,7,,3.676366440524534,3.3524648609032823,4.174728371410607,90%,0.19498009157865057,54.082,10.54491331275658
2026-09-16 07:00:00+02:00,2026-09-16,8,,3.6929181850874246,3.3690166054661734,4.191280115973498,90%,0.19498009157865057,49.40566666666667,9.63312141117095
2026-09-16 08:00:00+02:00,2026-09-16,9,,3.713655521658473,3.3897539420372214,4.212017452544546,90%,0.19498009157865057,46.70933333333333,9.107390090911048
2026-09-16 09:00:00+02:00,2026-09-16,10,,3.736875979735382,3.4129744001141304,4.235237910621455,90%,0.19498009157865057,36.81733333333333,7.178647025015037
2026-09-16 10:00:00+02:00,2026-09-16,11,,3.7619380114749914,3.4380364318537397,4.260299942361065,90%,0.19498009157865057,36.884,7.191645697786948
2026-09-16 11:00:00+02:00,2026-09-16,12,,3.7875672452717106,3.463665665650459,4.285929176157784,90%,0.19498009157865057,31.804666666666666,6.2012768192951215
2026-09-16 12:00:00+02:00,2026-09-16,13,,3.8120361522701165,3.488134572648865,4.31039808315619,90%,0.19498009157865057,24.10666666666667,4.70032007432267
2026-09-16 13:00:00+02:00,2026-09-16,14,,3.8337688999929664,3.509867320371715,4.33213083087904,90%,0.19498009157865057,25.945333333333334,5.058823469371949
2026-09-16 14:00:00+02:00,2026-09-16,15,,3.8514945487561385,3.5275929691348873,4.349856479642212,90%,0.19498009157865057,26.921333333333333,5.249124038752711
2026-09-16 15:00:00+02:00,2026-09-16,16,,3.864212832088226,3.5403112524669744,4.362574762974299,90%,0.19498009157865057,32.778666666666666,6.391187428492727
2026-09-16 16:00:00+02:00,2026-09-16,17,,3.8712274789492636,3.547325899328012,4.369589409835337,90%,0.19498009157865057,61.599333333333334,12.010643654517155
2026-09-16 17:00:00+02:00,2026-09-16,18,,3.872213719441658,3.548312139820407,4.370575650327732,90%,0.19498009157865057,76.64433333333334,14.944119132317955
2026-09-16 18:00:00+02:00,2026-09-16,19,,3.8672548049314646,3.543353225310213,4.365616735817538,90%,0.19498009157865057,112.38000000000001,21.911862691608754
2026-09-16 19:00:00+02:00,2026-09-16,20,,3.8569879607439734,3.5330863811227218,4.355349891630047,90%,0.19498009157865057,106.62866666666667,20.790467191576074
2026-09-16 20:00:00+02:00,2026-09-16,21,,3.8425061189673055,3.518604539346054,4.340868049853379,90%,0.19498009157865057,110.325,21.511178603414624
2026-09-16 21:00:00+02:00,2026-09-16,22,,3.8246593193924525,3.500757739771201,4.323021250278526,90%,0.19498009157865057,106.30433333333333,20.72722864854073
2026-09-16 22:00:00+02:00,2026-09-16,23,,3.8045638971106572,3.480662317489406,4.302925827996731,90%,0.19498009157865057,103.35,20.151192464653533
2026-09-16 23:00:00+02:00,2026-09-16,24,,3.7837010320036524,3.459799452382401,4.282062962889726,90%,0.19498009157865057,100.27566666666667,19.551758669776905
2026-09-17 00:00:00+02:00,2026-09-17,1,,3.7117235383384486,3.387821958717197,4.210085469224522,90%,0.19498009157865057,89.09366666666666,17.371491285744433
2026-09-17 01:00:00+02:00,2026-09-17,2,,3.6568625211553503,3.3329609415340986,4.155224452041423,90%,0.19498009157865057,86.52533333333334,16.8707174172066
2026-09-17 02:00:00+02:00,2026-09-17,3,,3.644120086241008,3.3202185066197565,4.142482017127081,90%,0.19498009157865057,88.941,17.34172432509676
2026-09-17 03:00:00+02:00,2026-09-17,4,,3.645077998845026,3.3211764192237743,4.143439929731099,90%,0.19498009157865057,84.279,16.43272713815709
2026-09-17 04:00:00+02:00,2026-09-17,5,,3.6404256787451477,3.316524099123896,4.138787609631221,90%,0.19498009157865057,75.898,14.79859899063642
2026-09-17 05:00:00+02:00,2026-09-17,6,,3.637351924944442,3.313450345323191,4.135713855830516,90%,0.19498009157865057,73.53,14.336886133778176
2026-09-17 06:00:00+02:00,2026-09-17,7,,3.6434447261220324,3.3195431465007808,4.141806657008106,90%,0.19498009157865057,54.082,10.54491331275658
2026-09-17 07:00:00+02:00,2026-09-17,8,,3.656958359773038,3.3330567801517867,4.155320290659112,90%,0.19498009157865057,49.40566666666667,9.63312141117095
2026-09-17 08:00:00+02:00,2026-09-17,9,,3.6748131750172712,3.3509115953960196,4.173175105903344,90%,0.19498009157865057,46.70933333333333,9.107390090911048
2026-09-17 09:00:00+02:00,2026-09-17,10,,3.6955976098684795,3.371696030247228,4.193959540754553,90%,0.19498009157865057,36.81733333333333,7.178647025015037
2026-09-17 10:00:00+02:00,2026-09-17,11,,3.718439336280987,3.3945377566597355,4.21680126716706,90%,0.19498009157865057,36.884,7.191645697786948
2026-09-17 11:00:00+02:00,2026-09-17,12,,3.7419585105804245,3.418056930959173,4.240320441466498,90%,0.19498009157865057,31.804666666666666,6.2012768192951215
2026-09-17 12:00:00+02:00,2026-09-17,13,,3.76446537861803,3.440563798996779,4.262827309504104,90%,0.19498009157865057,24.10666666666667,4.70032007432267
2026-09-17 13:00:00+02:00,2026-09-17,14,,3.784388597557626,3.4604870179363747,4.2827505284436995,90%,0.19498009157865057,25.945333333333334,5.058823469371949
2026-09-17 14:00:00+02:00,2026-09-17,15,,3.800403960151865,3.4765023805306132,4.298765891037938,90%,0.19498009157865057,26.921333333333333,5.249124038752711
2026-09-17 15:00:00+02:00,2026-09-17,16,,3.81144627627237,3.4875446966511188,4.309808207158444,90%,0.19498009157865057,32.778666666666666,6.391187428492727
2026-09-17 16:00:00+02:00,2026-09-17,17,,3.8167636364697035,3.492862056848452,4.315125567355777,90%,0.19498009157865057,61.599333333333334,12.010643654517155
2026-09-17 17:00:00+02:00,2026-09-17,18,,3.8159851869999892,3.4920836073787376,4.314347117886062,90%,0.19498009157865057,76.64433333333334,14.944119132317955
2026-09-17 18:00:00+02:00,2026-09-17,19,,3.8091695067242295,3.485267927102978,4.307531437610303,90%,0.19498009157865057,112.38000000000001,21.911862691608754
2026-09-17 19:00:00+02:00,2026-09-17,20,,3.7971171119724865,3.473215532351235,4.29547904285856,90%,0.19498009157865057,106.62866666666667,20.790467191576074
2026-09-17 20:00:00+02:00,2026-09-17,21,,3.780628181193772,3.4567266015725204,4.278990112079845,90%,0.19498009157865057,110.325,21.511178603414624
2026-09-17 21:00:00+02:00,2026-09-17,22,,3.7604705161471843,3.4365689365259326,4.2588324470332575,90%,0.19498009157865057,106.30433333333333,20.72722864854073
2026-09-17 22:00:00+02:00,2026-09-17,23,,3.737851616508097,3.4139500368868454,4.23621354739417,90%,0.19498009157865057,103.35,20.151192464653533
2026-09-17 23:00:00+02:00,2026-09-17,24,,3.7142832040410356,3.390381624419784,4.212645134927109,90%,0.19498009157865057,100.27566666666667,19.551758669776905
2026-09-18 00:00:00+02:00,2026-09-18,1,,3.642814305859009,3.318912726237757,4.141176236745082,90%,0.19498009157865057,89.09366666666666,17.371491285744433
2026-09-18 01:00:00+02:00,2026-09-18,2,,3.5935530965311413,3.2696515169098896,4.0919150274172145,90%,0.19498009157865057,86.52533333333334,16.8707174172066
2026-09-18 02:00:00+02:00,2026-09-18,3,,3.5795822429739834,3.2556806633527318,4.077944173860057,90%,0.19498009157865057,88.941,17.34172432509676
2026-09-18 03:00:00+02:00,2026-09-18,4,,3.572542815691408,3.2486412360701564,4.070904746577481,90%,0.19498009157865057,84.279,16.43272713815709
2026-09-18 04:00:00+02:00,2026-09-18,5,,3.5631142118140566,3.239212632192805,4.06147614270013,90%,0.19498009157865057,75.898,14.79859899063642
2026-09-18 05:00:00+02:00,2026-09-18,6,,3.559023898125895,3.2351223185046436,4.057385829011968,90%,0.19498009157865057,73.53,14.336886133778176
2026-09-18 06:00:00+02:00,2026-09-18,7,,3.5633696525307146,3.239468072909463,4.061731583416788,90%,0.19498009157865057,54.082,10.54491331275658
2026-09-18 07:00:00+02:00,2026-09-18,8,,3.5737590734547,3.2498574938334484,4.072121004340773,90%,0.19498009157865057,49.40566666666667,9.63312141117095
2026-09-18 08:00:00+02:00,2026-09-18,9,,3.5887825248676424,3.264880945246391,4.087144455753716,90%,0.19498009157865057,46.70933333333333,9.107390090911048
2026-09-18 09:00:00+02:00,2026-09-18,10,,3.6074328641606836,3.283531284539432,4.105794795046757,90%,0.19498009157865057,36.81733333333333,7.178647025015037
2026-09-18 10:00:00+02:00,2026-09-18,11,,3.628352643096526,3.304451063475274,4.126714573982599,90%,0.19498009157865057,36.884,7.191645697786948
2026-09-18 11:00:00+02:00,2026-09-18,12,,3.649942215192941,3.3260406355716894,4.148304146079014,90%,0.19498009157865057,31.804666666666666,6.2012768192951215
2026-09-18 12:00:00+02:00,2026-09-18,13,,3.6705884319075164,3.3466868522862647,4.1689503627935895,90%,0.19498009157865057,24.10666666666667,4.70032007432267
2026-09-18 13:00:00+02:00,2026-09-18,14,,3.6887769702081967,3.3648753905869455,4.18713890109427,90%,0.19498009157865057,25.945333333333334,5.058823469371949
2026-09-18 14:00:00+02:00,2026-09-18,15,,3.703165127647626,3.3792635480263744,4.201527058533699,90%,0.19498009157865057,26.921333333333333,5.249124038752711
2026-09-18 15:00:00+02:00,2026-09-18,16,,3.712663654965906,3.388762075344655,4.21102558585198,90%,0.19498009157865057,32.778666666666666,6.391187428492727
2026-09-18 16:00:00+02:00,2026-09-18,17,,3.7165138522640095,3.392612272642758,4.214875783150083,90%,0.19498009157865057,61.599333333333334,12.010643654517155
2026-09-18 17:00:00+02:00,2026-09-18,18,,3.7143435102171,3.3904419305958484,4.212705441103173,90%,0.19498009157865057,76.64433333333334,14.944119132317955
2026-09-18 18:00:00+02:00,2026-09-18,19,,3.7062676503070873,3.382366070685836,4.204629581193161,90%,0.19498009157865057,112.38000000000001,21.911862691608754
2026-09-18 19:00:00+02:00,2026-09-18,20,,3.6931068826576983,3.3692053030364466,4.191468813543771,90%,0.19498009157865057,106.62866666666667,20.790467191576074
2026-09-18 20:00:00+02:00,2026-09-18,21,,3.675443765467554,3.351542185846302,4.173805696353627,90%,0.19498009157865057,110.325,21.511178603414624
2026-09-18 21:00:00+02:00,2026-09-18,22,,3.6540549955472157,3.330153415925964,4.152416926433289,90%,0.19498009157865057,106.30433333333333,20.72722864854073
2026-09-18 22:00:00+02:00,2026-09-18,23,,3.630200629020515,3.3062990493992634,4.128562559906588,90%,0.19498009157865057,103.35,20.151192464653533
2026-09-18 23:00:00+02:00,2026-09-18,24,,3.6053598416977586,3.281458262076507,4.103721772583832,90%,0.19498009157865057,100.27566666666667,19.551758669776905
2026-09-19 00:00:00+02:00,2026-09-19,1,,3.543927009031346,3.2200254294100947,4.0422889399174196,90%,0.19498009157865057,89.09366666666666,17.371491285744433
2026-09-19 01:00:00+02:00,2026-09-19,2,,3.499374234748477,3.1754726551272254,3.9977361656345507,90%,0.19498009157865057,86.52533333333334,16.8707174172066
2026-09-19 02:00:00+02:00,2026-09-19,3,,3.48236658348629,3.1584650038650386,3.9807285143723634,90%,0.19498009157865057,88.941,17.34172432509676
2026-09-19 03:00:00+02:00,2026-09-19,4,,3.471656887878066,3.147755308256815,3.9700188187641396,90%,0.19498009157865057,84.279,16.43272713815709
2026-09-19 04:00:00+02:00,2026-09-19,5,,3.4605872335418466,3.136685653920595,3.95894916442792,90%,0.19498009157865057,75.898,14.79859899063642
2026-09-19 05:00:00+02:00,2026-09-19,6,,3.455228685897237,3.131327106275986,3.953590616783311,90%,0.19498009157865057,73.53,14.336886133778176
2026-09-19 06:00:00+02:00,2026-09-19,7,,3.45777629006854,3.133874710447288,3.9561382209546134,90%,0.19498009157865057,54.082,10.54491331275658
2026-09-19 07:00:00+02:00,2026-09-19,8,,3.466186818564535,3.142285238943283,3.9645487494506084,90%,0.19498009157865057,49.40566666666667,9.63312141117095
2026-09-19 08:00:00+02:00,2026-09-19,9,,3.4793524737270185,3.1554508941057673,3.977714404613092,90%,0.19498009157865057,46.70933333333333,9.107390090911048
2026-09-19 09:00:00+02:00,2026-09-19,10,,3.496411185778962,3.1725096061577105,3.9947731166650358,90%,0.19498009157865057,36.81733333333333,7.178647025015037
2026-09-19 10:00:00+02:00,2026-09-19,11,,3.51590013156415,3.1919985519428984,4.014262062450223,90%,0.19498009157865057,36.884,7.191645697786948
2026-09-19 11:00:00+02:00,2026-09-19,12,,3.536119732807049,3.2122181531857974,4.034481663693122,90%,0.19498009157865057,31.804666666666666,6.2012768192951215
2026-09-19 12:00:00+02:00,2026-09-19,13,,3.5554482094152884,3.231546629794037,4.053810140301362,90%,0.19498009157865057,24.10666666666667,4.70032007432267
2026-09-19 13:00:00+02:00,2026-09-19,14,,3.572388597803907,3.2484870181826553,4.07075052868998,90%,0.19498009157865057,25.945333333333334,5.058823469371949
2026-09-19 14:00:00+02:00,2026-09-19,15,,3.5855969415209765,3.261695361899725,4.08395887240705,90%,0.19498009157865057,26.921333333333333,5.249124038752711
2026-09-19 15:00:00+02:00,2026-09-19,16,,3.593972101602298,3.2700705219810464,4.092334032488371,90%,0.19498009157865057,32.778666666666666,6.391187428492727
2026-09-19 16:00:00+02:00,2026-09-19,17,,3.5967466374128074,3.2728450577915558,4.095108568298881,90%,0.19498009157865057,61.599333333333334,12.010643654517155
2026-09-19 17:00:00+02:00,2026-09-19,18,,3.5935544167131743,3.2696528370919227,4.0919163475992475,90%,0.19498009157865057,76.64433333333334,14.944119132317955
2026-09-19 18:00:00+02:00,2026-09-19,19,,3.5845725488597253,3.2606709692384737,4.0829344797457985,90%,0.19498009157865057,112.38000000000001,21.911862691608754
2026-09-19 19:00:00+02:00,2026-09-19,20,,3.5705427229211493,3.2466411432998976,4.068904653807222,90%,0.19498009157865057,106.62866666666667,20.790467191576074
2026-09-19 20:00:00+02:00,2026-09-19,21,,3.551943851005789,3.2280422713845374,4.050305781891862,90%,0.19498009157865057,110.325,21.511178603414624
2026-09-19 21:00:00+02:00,2026-09-19,22,,3.529592827580143,3.2056912479588915,4.027954758466216,90%,0.19498009157865057,106.30433333333333,20.72722864854073
2026-09-19 22:00:00+02:00,2026-09-19,23,,3.5047679333334054,3.1808663537121538,4.003129864219479,90%,0.19498009157865057,103.35,20.151192464653533
2026-09-19 23:00:00+02:00,2026-09-19,24,,3.4789032458316558,3.1550016662104046,3.9772651767177294,90%,0.19498009157865057,100.27566666666667,19.551758669776905
2026-09-20 00:00:00+02:00,2026-09-20,1,,3.4057231317734313,3.0818215521521797,3.904085062659505,90%,0.19498009157865057,89.09366666666666,17.371491285744433
2026-09-20 01:00:00+02:00,2026-09-20,2,,3.35435916273119,3.0304575831099383,3.8527210936172636,90%,0.19498009157865057,86.52533333333334,16.8707174172066
2026-09-20 02:00:00+02:00,2026-09-20,3,,3.3361795702396293,3.0122779906183776,3.834541501125703,90%,0.19498009157865057,88.941,17.34172432509676
2026-09-20 03:00:00+02:00,2026-09-20,4,,3.323790178458731,2.9998885988374795,3.8221521093448048,90%,0.19498009157865057,84.279,16.43272713815709
2026-09-20 04:00:00+02:00,2026-09-20,5,,3.309932914946839,2.9860313353255874,3.8082948458329127,90%,0.19498009157865057,75.898,14.79859899063642
2026-09-20 05:00:00+02:00,2026-09-20,6,,3.302299385352097,2.978397805730846,3.8006613162381706,90%,0.19498009157865057,73.53,14.336886133778176
2026-09-20 06:00:00+02:00,2026-09-20,7,,3.303010510759604,2.9791089311383523,3.8013724416456776,90%,0.19498009157865057,54.082,10.54491331275658
2026-09-20 07:00:00+02:00,2026-09-20,8,,3.3094764258658875,2.985574846244636,3.807838356751961,90%,0.19498009157865057,49.40566666666667,9.63312141117095
2026-09-20 08:00:00+02:00,2026-09-20,9,,3.3205079289660935,2.996606349344842,3.818869859852167,90%,0.19498009157865057,46.70933333333333,9.107390090911048
2026-09-20 09:00:00+02:00,2026-09-20,10,,3.3356131931143143,3.0117116134930626,3.833975124000388,90%,0.19498009157865057,36.81733333333333,7.178647025015037
2026-09-20 10:00:00+02:00,2026-09-20,11,,3.3533493853419856,3.029447805720734,3.851711316228059,90%,0.19498009157865057,36.884,7.191645697786948
2026-09-20 11:00:00+02:00,2026-09-20,12,,3.3718997158815838,3.0479981362603326,3.8702616467676574,90%,0.19498009157865057,31.804666666666666,6.2012768192951215
2026-09-20 12:00:00+02:00,2026-09-20,13,,3.3895925929110766,3.0656910132898254,3.8879545237971502,90%,0.19498009157865057,24.10666666666667,4.70032007432267
2026-09-20 13:00:00+02:00,2026-09-20,14,,3.4049385397334295,3.0810369601121783,3.903300470619503,90%,0.19498009157865057,25.945333333333334,5.058823469371949
2026-09-20 14:00:00+02:00,2026-09-20,15,,3.4166026345207245,3.0927010548994733,3.914964565406798,90%,0.19498009157865057,26.921333333333333,5.249124038752711
2026-09-20 15:00:00+02:00,2026-09-20,16,,3.4234806062919696,3.0995790266707184,3.921842537178043,90%,0.19498009157865057,32.778666666666666,6.391187428492727
2026-09-20 16:00:00+02:00,2026-09-20,17,,3.4248030305761,3.100901450954849,3.9231649614621737,90%,0.19498009157865057,61.599333333333334,12.010643654517155
2026-09-20 17:00:00+02:00,2026-09-20,18,,3.4202384742080856,3.096336894586834,3.918600405094159,90%,0.19498009157865057,76.64433333333334,14.944119132317955
2026-09-20 18:00:00+02:00,2026-09-20,19,,3.4100282511318056,3.086126671510554,3.9083901820178792,90%,0.19498009157865057,112.38000000000001,21.911862691608754
2026-09-20 19:00:00+02:00,2026-09-20,20,,3.394728419401301,3.0708268397800493,3.8930903502873746,90%,0.19498009157865057,106.62866666666667,20.790467191576074
2026-09-20 20:00:00+02:00,2026-09-20,21,,3.3747959616940215,3.0508943820727703,3.873157892580095,90%,0.19498009157865057,110.325,21.511178603414624
2026-09-20 21:00:00+02:00,2026-09-20,22,,3.351131591965619,3.0272300123443676,3.8494935228516924,90%,0.19498009157865057,106.30433333333333,20.72722864854073
2026-09-20 22:00:00+02:00,2026-09-20,23,,3.325020101772676,3.0011185221514243,3.8233820326587495,90%,0.19498009157865057,103.35,20.151192464653533
2026-09-20 23:00:00+02:00,2026-09-20,24,,3.2978506593681147,2.9739490797468635,3.7962125902541883,90%,0.19498009157865057,100.27566666666667,19.551758669776905
2026-09-21 00:00:00+02:00,2026-09-21,1,,3.5229205629460862,3.1990189833248346,4.021282493832159,90%,0.19498009157865057,89.09366666666666,17.371491285744433
2026-09-21 01:00:00+02:00,2026-09-21,2,,3.6452246305450684,3.3213230509238167,4.143586561431142,90%,0.19498009157865057,86.52533333333334,16.8707174172066
2026-09-21 02:00:00+02:00,2026-09-21,3,,3.616929834562991,3.2930282549417393,4.115291765449064,90%,0.19498009157865057,88.941,17.34172432509676
2026-09-21 03:00:00+02:00,2026-09-21,4,,3.5723354511602823,3.2484338715390306,4.0706973820463555,90%,0.19498009157865057,84.279,16.43272713815709
2026-09-21 04:00:00+02:00,2026-09-21,5,,3.567662662040582,3.24376108241933,4.066024592926655,90%,0.19498009157865057,75.898,14.79859899063642
2026-09-21 05:00:00+02:00,2026-09-21,6,,3.577342909072982,3.2534413294517304,4.075704839959055,90%,0.19498009157865057,73.53,14.336886133778176
2026-09-21 06:00:00+02:00,2026-09-21,7,,3.5849771268895614,3.2610755472683097,4.0833390577756346,90%,0.19498009157865057,54.082,10.54491331275658
2026-09-21 07:00:00+02:00,2026-09-21,8,,3.5969170542290714,3.2730154746078197,4.0952789851151445,90%,0.19498009157865057,49.40566666666667,9.63312141117095
2026-09-21 08:00:00+02:00,2026-09-21,9,,3.6160290941915365,3.292127514570285,4.11439102507761,90%,0.19498009157865057,46.70933333333333,9.107390090911048
2026-09-21 09:00:00+02:00,2026-09-21,10,,3.639738328879189,3.3158367492579375,4.138100259765262,90%,0.19498009157865057,36.81733333333333,7.178647025015037
2026-09-21 10:00:00+02:00,2026-09-21,11,,3.665434244627681,3.3415326650064294,4.163796175513754,90%,0.19498009157865057,36.884,7.191645697786948
2026-09-21 11:00:00+02:00,2026-09-21,12,,3.6916259399215483,3.367724360300297,4.189987870807622,90%,0.19498009157865057,31.804666666666666,6.2012768192951215
2026-09-21 12:00:00+02:00,2026-09-21,13,,3.7169661508408995,3.3930645712196483,4.215328081726973,90%,0.19498009157865057,24.10666666666667,4.70032007432267
2026-09-21 13:00:00+02:00,2026-09-21,14,,3.7399750844302924,3.4160735048090407,4.2383370153163655,90%,0.19498009157865057,25.945333333333334,5.058823469371949
2026-09-21 14:00:00+02:00,2026-09-21,15,,3.7593102361545236,3.435408656533272,4.257672167040597,90%,0.19498009157865057,26.921333333333333,5.249124038752711
2026-09-21 15:00:00+02:00,2026-09-21,16,,3.7739498638200804,3.4500482841988287,4.2723117947061535,90%,0.19498009157865057,32.778666666666666,6.391187428492727
2026-09-21 16:00:00+02:00,2026-09-21,17,,3.7832389671064517,3.4593373874852,4.281600897992525,90%,0.19498009157865057,61.599333333333334,12.010643654517155
2026-09-21 17:00:00+02:00,2026-09-21,18,,3.7869181255945175,3.4630165459732662,4.285280056480591,90%,0.19498009157865057,76.64433333333334,14.944119132317955
2026-09-21 18:00:00+02:00,2026-09-21,19,,3.7851546619760024,3.4612530823547507,4.2835165928620755,90%,0.19498009157865057,112.38000000000001,21.911862691608754
2026-09-21 19:00:00+02:00,2026-09-21,20,,3.7785463185551684,3.4546447389339168,4.276908249441242,90%,0.19498009157865057,106.62866666666667,20.790467191576074
2026-09-21 20:00:00+02:00,2026-09-21,21,,3.7682812035495856,3.4443796239283344,4.266643134435659,90%,0.19498009157865057,110.325,21.511178603414624
2026-09-21 21:00:00+02:00,2026-09-21,22,,3.755545834909509,3.4316442552882576,4.253907765795582,90%,0.19498009157865057,106.30433333333333,20.72722864854073
2026-09-21 22:00:00+02:00,2026-09-21,23,,3.7416952202036144,3.417793640582363,4.240057151089688,90%,0.19498009157865057,103.35,20.151192464653533
2026-09-21 23:00:00+02:00,2026-09-21,24,,3.7284830912532443,3.404581511631993,4.226845022139318,90%,0.19498009157865057,100.27566666666667,19.551758669776905
2026-09-22 00:00:00+02:00,2026-09-22,1,,3.687324221114311,3.3634226414930595,4.185686152000384,90%,0.19498009157865057,89.09366666666666,17.371491285744433
2026-09-22 01:00:00+02:00,2026-09-22,2,,3.5874836316722396,3.263582052050988,4.085845562558313,90%,0.19498009157865057,86.52533333333334,16.8707174172066
2026-09-22 02:00:00+02:00,2026-09-22,3,,3.5498087455063354,3.2259071658850837,4.048170676392409,90%,0.19498009157865057,88.941,17.34172432509676
2026-09-22 03:00:00+02:00,2026-09-22,4,,3.598182634500458,3.2742810548792063,4.096544565386531,90%,0.19498009157865057,84.279,16.43272713815709
2026-09-22 04:00:00+02:00,2026-09-22,5,,3.626344742412917,3.3024431627916657,4.1247066732989905,90%,0.19498009157865057,75.898,14.79859899063642
2026-09-22 05:00:00+02:00,2026-09-22,6,,3.616490219711679,3.292588640090427,4.114852150597752,90%,0.19498009157865057,73.53,14.336886133778176
2026-09-22 06:00:00+02:00,2026-09-22,7,,3.615200333076982,3.291298753455731,4.113562263963056,90%,0.19498009157865057,54.082,10.54491331275658
2026-09-22 07:00:00+02:00,2026-09-22,8,,3.63733761411307,3.3134360344918186,4.135699544999143,90%,0.19498009157865057,49.40566666666667,9.63312141117095
2026-09-22 08:00:00+02:00,2026-09-22,9,,3.667272320013333,3.343370740392081,4.165634250899406,90%,0.19498009157865057,46.70933333333333,9.107390090911048
2026-09-22 09:00:00+02:00,2026-09-22,10,,3.697285537150975,3.3733839575297235,4.195647468037048,90%,0.19498009157865057,36.81733333333333,7.178647025015037
2026-09-22 10:00:00+02:00,2026-09-22,11,,3.72891410422205,3.4050125246007985,4.227276035108123,90%,0.19498009157865057,36.884,7.191645697786948
2026-09-22 11:00:00+02:00,2026-09-22,12,,3.7623458561909455,3.438444276569694,4.260707787077019,90%,0.19498009157865057,31.804666666666666,6.2012768192951215
2026-09-22 12:00:00+02:00,2026-09-22,13,,3.7949256625857846,3.471024082964533,4.293287593471858,90%,0.19498009157865057,24.10666666666667,4.70032007432267
2026-09-22 13:00:00+02:00,2026-09-22,14,,3.8240437716067324,3.500142191985481,4.322405702492806,90%,0.19498009157865057,25.945333333333334,5.058823469371949
2026-09-22 14:00:00+02:00,2026-09-22,15,,3.8480451177071977,3.524143538085946,4.346407048593271,90%,0.19498009157865057,26.921333333333333,5.249124038752711
2026-09-22 15:00:00+02:00,2026-09-22,16,,3.8657325050575446,3.541830925436293,4.364094435943618,90%,0.19498009157865057,32.778666666666666,6.391187428492727
2026-09-22 16:00:00+02:00,2026-09-22,17,,3.876182893214981,3.5522813135937295,4.374544824101054,90%,0.19498009157865057,61.599333333333334,12.010643654517155
2026-09-22 17:00:00+02:00,2026-09-22,18,,3.8789174265167436,3.5550158468954924,4.377279357402817,90%,0.19498009157865057,76.64433333333334,14.944119132317955
2026-09-22 18:00:00+02:00,2026-09-22,19,,3.8740070576231167,3.550105478001865,4.37236898850919,90%,0.19498009157865057,112.38000000000001,21.911862691608754
2026-09-22 19:00:00+02:00,2026-09-22,20,,3.86214062615867,3.5382390465374183,4.360502557044743,90%,0.19498009157865057,106.62866666666667,20.790467191576074
2026-09-22 20:00:00+02:00,2026-09-22,21,,3.8448235346610335,3.520921955039782,4.343185465547107,90%,0.19498009157865057,110.325,21.511178603414624
2026-09-22 21:00:00+02:00,2026-09-22,22,,3.8231800524315194,3.4992784728102677,4.3215419833175925,90%,0.19498009157865057,106.30433333333333,20.72722864854073
2026-09-22 22:00:00+02:00,2026-09-22,23,,3.7985337452812704,3.4746321656600188,4.296895676167344,90%,0.19498009157865057,103.35,20.151192464653533
2026-09-22 23:00:00+02:00,2026-09-22,24,,3.772655770036839,3.4487541904155874,4.271017700922912,90%,0.19498009157865057,100.27566666666667,19.551758669776905
2026-09-23 00:00:00+02:00,2026-09-23,1,,3.699356202358638,3.3754546227373865,4.197718133244711,90%,0.19498009157865057,89.09366666666666,17.371491285744433
2026-09-23 01:00:00+02:00,2026-09-23,2,,3.640259814198478,3.3163582345772262,4.138621745084551,90%,0.19498009157865057,86.52533333333334,16.8707174172066
2026-09-23 02:00:00+02:00,2026-09-23,3,,3.6238829836868276,3.2999814040655764,4.122244914572901,90%,0.19498009157865057,88.941,17.34172432509676
2026-09-23 03:00:00+02:00,2026-09-23,4,,3.628110233682415,3.3042086540611635,4.126472164568488,90%,0.19498009157865057,84.279,16.43272713815709
2026-09-23 04:00:00+02:00,2026-09-23,5,,3.6276968786857022,3.3037952990644506,4.126058809571775,90%,0.19498009157865057,75.898,14.79859899063642
2026-09-23 05:00:00+02:00,2026-09-23,6,,3.6259089459960556,3.302007366374804,4.124270876882129,90%,0.19498009157865057,73.53,14.336886133778176
2026-09-23 06:00:00+02:00,2026-09-23,7,,3.634258981914959,3.3103574022937075,4.132620912801032,90%,0.19498009157865057,54.082,10.54491331275658
2026-09-23 07:00:00+02:00,2026-09-23,8,,3.654124916849052,3.3302233372278005,4.152486847735125,90%,0.19498009157865057,49.40566666666667,9.63312141117095
2026-09-23 08:00:00+02:00,2026-09-23,9,,3.6804733727650865,3.356571793143835,4.17883530365116,90%,0.19498009157865057,46.70933333333333,9.107390090911048
2026-09-23 09:00:00+02:00,2026-09-23,10,,3.7099974112676013,3.38609583164635,4.208359342153675,90%,0.19498009157865057,36.81733333333333,7.178647025015037
2026-09-23 10:00:00+02:00,2026-09-23,11,,3.7417330039622385,3.417831424340987,4.240094934848312,90%,0.19498009157865057,36.884,7.191645697786948
2026-09-23 11:00:00+02:00,2026-09-23,12,,3.774386809120852,3.4504852294996002,4.272748740006925,90%,0.19498009157865057,31.804666666666666,6.2012768192951215
2026-09-23 12:00:00+02:00,2026-09-23,13,,3.805778860212092,3.4818772805908402,4.304140791098165,90%,0.19498009157865057,24.10666666666667,4.70032007432267
2026-09-23 13:00:00+02:00,2026-09-23,14,,3.833729666524734,3.5098280869034824,4.332091597410807,90%,0.19498009157865057,25.945333333333334,5.058823469371949
2026-09-23 14:00:00+02:00,2026-09-23,15,,3.856518991988261,3.53261741236701,4.354880922874335,90%,0.19498009157865057,26.921333333333333,5.249124038752711
2026-09-23 15:00:00+02:00,2026-09-23,16,,3.8728382863335935,3.5489367067123423,4.371200217219667,90%,0.19498009157865057,32.778666666666666,6.391187428492727
2026-09-23 16:00:00+02:00,2026-09-23,17,,3.88176358455791,3.5578620049366583,4.380125515443983,90%,0.19498009157865057,61.599333333333334,12.010643654517155
2026-09-23 17:00:00+02:00,2026-09-23,18,,3.88284025964644,3.5589386800251885,4.381202190532513,90%,0.19498009157865057,76.64433333333334,14.944119132317955
2026-09-23 18:00:00+02:00,2026-09-23,19,,3.876152869005921,3.552251289384669,4.374514799891994,90%,0.19498009157865057,112.38000000000001,21.911862691608754
2026-09-23 19:00:00+02:00,2026-09-23,20,,3.862584487476331,3.5386829078550797,4.3609464183624045,90%,0.19498009157865057,106.62866666666667,20.790467191576074
2026-09-23 20:00:00+02:00,2026-09-23,21,,3.8435850587733698,3.5196834791521185,4.341946989659443,90%,0.19498009157865057,110.325,21.511178603414624
2026-09-23 21:00:00+02:00,2026-09-23,22,,3.8201916054146436,3.4962900257933924,4.318553536300717,90%,0.19498009157865057,106.30433333333333,20.72722864854073
2026-09-23 22:00:00+02:00,2026-09-23,23,,3.7937702199123313,3.4698686402910797,4.2921321507984045,90%,0.19498009157865057,103.35,20.151192464653533
2026-09-23 23:00:00+02:00,2026-09-23,24,,3.766234475626112,3.442332896004861,4.264596406512186,90%,0.19498009157865057,100.27566666666667,19.551758669776905
2026-09-24 00:00:00+02:00,2026-09-24,1,,3.6797155365388976,3.355813956917646,4.178077467424971,90%,0.19498009157865057,89.09366666666666,17.371491285744433
2026-09-24 01:00:00+02:00,2026-09-24,2,,3.607645234281231,3.28374365465998,4.106007165167305,90%,0.19498009157865057,86.52533333333334,16.8707174172066
2026-09-24 02:00:00+02:00,2026-09-24,3,,3.5855429123602374,3.2616413327389857,4.0839048432463105,90%,0.19498009157865057,88.941,17.34172432509676
2026-09-24 03:00:00+02:00,2026-09-24,4,,3.5856995630449227,3.261797983423671,4.084061493930996,90%,0.19498009157865057,84.279,16.43272713815709
2026-09-24 04:00:00+02:00,2026-09-24,5,,3.5808086115432984,3.2569070319220472,4.079170542429372,90%,0.19498009157865057,75.898,14.79859899063642
2026-09-24 05:00:00+02:00,2026-09-24,6,,3.5754961884500926,3.2515946088288414,4.073858119336166,90%,0.19498009157865057,73.53,14.336886133778176
2026-09-24 06:00:00+02:00,2026-09-24,7,,3.581367921152653,3.2574663415314014,4.079729852038726,90%,0.19498009157865057,54.082,10.54491331275658
2026-09-24 07:00:00+02:00,2026-09-24,8,,3.598204926000241,3.2743033463789892,4.096566856886314,90%,0.19498009157865057,49.40566666666667,9.63312141117095
2026-09-24 08:00:00+02:00,2026-09-24,9,,3.621447017042406,3.297545437421155,4.11980894792848,90%,0.19498009157865057,46.70933333333333,9.107390090911048
2026-09-24 09:00:00+02:00,2026-09-24,10,,3.648395508787897,3.3244939291666453,4.14675743967397,90%,0.19498009157865057,36.81733333333333,7.178647025015037
2026-09-24 10:00:00+02:00,2026-09-24,11,,3.6779378948752415,3.35403631525399,4.176299825761315,90%,0.19498009157865057,36.884,7.191645697786948
2026-09-24 11:00:00+02:00,2026-09-24,12,,3.7085638942194845,3.3846623145982333,4.206925825105558,90%,0.19498009157865057,31.804666666666666,6.2012768192951215
2026-09-24 12:00:00+02:00,2026-09-24,13,,3.7380920676010536,3.414190487979802,4.236453998487127,90%,0.19498009157865057,24.10666666666667,4.70032007432267
2026-09-24 13:00:00+02:00,2026-09-24,14,,3.764367372966265,3.4404657933450133,4.262729303852338,90%,0.19498009157865057,25.945333333333334,5.058823469371949
2026-09-24 14:00:00+02:00,2026-09-24,15,,3.785617675897287,3.461716096276035,4.28397960678336,90%,0.19498009157865057,26.921333333333333,5.249124038752711
2026-09-24 15:00:00+02:00,2026-09-24,16,,3.800451132424897,3.476549552803646,4.298813063310971,90%,0.19498009157865057,32.778666666666666,6.391187428492727
2026-09-24 16:00:00+02:00,2026-09-24,17,,3.8078705157795065,3.483968936158255,4.30623244666558,90%,0.19498009157865057,61.599333333333334,12.010643654517155
2026-09-24 17:00:00+02:00,2026-09-24,18,,3.8073610984793493,3.4834595188580977,4.3057230293654225,90%,0.19498009157865057,76.64433333333334,14.944119132317955
2026-09-24 18:00:00+02:00,2026-09-24,19,,3.798969184213872,3.4750676045926205,4.297331115099945,90%,0.19498009157865057,112.38000000000001,21.911862691608754
2026-09-24 19:00:00+02:00,2026-09-24,20,,3.7837607754367353,3.4598591958154836,4.2821227063228084,90%,0.19498009157865057,106.62866666666667,20.790467191576074
2026-09-24 20:00:00+02:00,2026-09-24,21,,3.762869854563167,3.4389682749419155,4.26123178544924,90%,0.19498009157865057,110.325,21.511178603414624
2026-09-24 21:00:00+02:00,2026-09-24,22,,3.737189339183515,3.4132877595622633,4.235551270069588,90%,0.19498009157865057,106.30433333333333,20.72722864854073
2026-09-24 22:00:00+02:00,2026-09-24,23,,3.708172379112706,3.3842707994914543,4.206534309998779,90%,0.19498009157865057,103.35,20.151192464653533
2026-09-24 23:00:00+02:00,2026-09-24,24,,3.677778351427797,3.3538767718065454,4.17614028231387,90%,0.19498009157865057,100.27566666666667,19.551758669776905
2026-09-25 00:00:00+02:00,2026-09-25,1,,3.5900476019367757,3.2661460223155245,4.088409532822849,90%,0.19498009157865057,89.09366666666666,17.371491285744433
2026-09-25 01:00:00+02:00,2026-09-25,2,,3.5224610122075672,3.1985594325863156,4.02082294309364,90%,0.19498009157865057,86.52533333333334,16.8707174172066
2026-09-25 02:00:00+02:00,2026-09-25,3,,3.5007972133380103,3.176895633716759,3.999159144224084,90%,0.19498009157865057,88.941,17.34172432509676
2026-09-25 03:00:00+02:00,2026-09-25,4,,3.492826700027574,3.168925120406323,3.9911886309136477,90%,0.19498009157865057,84.279,16.43272713815709
2026-09-25 04:00:00+02:00,2026-09-25,5,,3.4811074718611823,3.157205892239931,3.979469402747256,90%,0.19498009157865057,75.898,14.79859899063642
2026-09-25 05:00:00+02:00,2026-09-25,6,,3.4743408950353487,3.150439315414097,3.9727028259214223,90%,0.19498009157865057,73.53,14.336886133778176
2026-09-25 06:00:00+02:00,2026-09-25,7,,3.4790665110834365,3.155164931462185,3.97742844196951,90%,0.19498009157865057,54.082,10.54491331275658
2026-09-25 07:00:00+02:00,2026-09-25,8,,3.4926202743485377,3.1687186947272865,3.9909822052346113,90%,0.19498009157865057,49.40566666666667,9.63312141117095
2026-09-25 08:00:00+02:00,2026-09-25,9,,3.5123935366082035,3.188491956986952,4.010755467494277,90%,0.19498009157865057,46.70933333333333,9.107390090911048
2026-09-25 09:00:00+02:00,2026-09-25,10,,3.536900569491099,3.212998989869847,4.035262500377172,90%,0.19498009157865057,36.81733333333333,7.178647025015037
2026-09-25 10:00:00+02:00,2026-09-25,11,,3.5645012871235107,3.240599707502259,4.062863218009584,90%,0.19498009157865057,36.884,7.191645697786948
2026-09-25 11:00:00+02:00,2026-09-25,12,,3.593161467862716,3.2692598882414643,4.091523398748789,90%,0.19498009157865057,31.804666666666666,6.2012768192951215
2026-09-25 12:00:00+02:00,2026-09-25,13,,3.6207395768143913,3.2968379971931396,4.1191015077004645,90%,0.19498009157865057,24.10666666666667,4.70032007432267
2026-09-25 13:00:00+02:00,2026-09-25,14,,3.6452228703809415,3.3213212907596903,4.143584801267015,90%,0.19498009157865057,25.945333333333334,5.058823469371949
2026-09-25 14:00:00+02:00,2026-09-25,15,,3.6648410735292156,3.340939493907964,4.163203004415289,90%,0.19498009157865057,26.921333333333333,5.249124038752711
2026-09-25 15:00:00+02:00,2026-09-25,16,,3.678154229960807,3.3542526503395553,4.17651616084688,90%,0.19498009157865057,32.778666666666666,6.391187428492727
2026-09-25 16:00:00+02:00,2026-09-25,17,,3.6841455353857437,3.360243955764492,4.182507466271817,90%,0.19498009157865057,61.599333333333334,12.010643654517155
2026-09-25 17:00:00+02:00,2026-09-25,18,,3.6822982787999736,3.358396699178722,4.180660209686047,90%,0.19498009157865057,76.64433333333334,14.944119132317955
2026-09-25 18:00:00+02:00,2026-09-25,19,,3.6727046289923275,3.3488030493710763,4.171066559878401,90%,0.19498009157865057,112.38000000000001,21.911862691608754
2026-09-25 19:00:00+02:00,2026-09-25,20,,3.656506938766949,3.332605359145697,4.154868869653022,90%,0.19498009157865057,106.62866666666667,20.790467191576074
2026-09-25 20:00:00+02:00,2026-09-25,21,,3.634557005763018,3.310655426141767,4.132918936649092,90%,0.19498009157865057,110.325,21.511178603414624
2026-09-25 21:00:00+02:00,2026-09-25,22,,3.607706405814949,3.2838048261936974,4.106068336701022,90%,0.19498009157865057,106.30433333333333,20.72722864854073
2026-09-25 22:00:00+02:00,2026-09-25,23,,3.5774847975544444,3.253583217933193,4.075846728440518,90%,0.19498009157865057,103.35,20.151192464653533
2026-09-25 23:00:00+02:00,2026-09-25,24,,3.545829477524365,3.2219278979031136,4.0441914084104384,90%,0.19498009157865057,100.27566666666667,19.551758669776905
2026-09-26 00:00:00+02:00,2026-09-26,1,,3.4699719268415894,3.1460703472203377,3.968333857727663,90%,0.19498009157865057,89.09366666666666,17.371491285744433
2026-09-26 01:00:00+02:00,2026-09-26,2,,3.4092826228803514,3.0853810432591002,3.907644553766425,90%,0.19498009157865057,86.52533333333334,16.8707174172066
2026-09-26 02:00:00+02:00,2026-09-26,3,,3.384829554272927,3.0609279746516753,3.8831914851590006,90%,0.19498009157865057,88.941,17.34172432509676
2026-09-26 03:00:00+02:00,2026-09-26,4,,3.3722929761185383,3.048391396497287,3.870654907004612,90%,0.19498009157865057,84.279,16.43272713815709
2026-09-26 04:00:00+02:00,2026-09-26,5,,3.3585587231288483,3.034657143507597,3.856920654014922,90%,0.19498009157865057,75.898,14.79859899063642
2026-09-26 05:00:00+02:00,2026-09-26,6,,3.3506692215586793,3.026767641937428,3.849031152444753,90%,0.19498009157865057,73.53,14.336886133778176
2026-09-26 06:00:00+02:00,2026-09-26,7,,3.353583025978536,3.0296814463572845,3.85194495686461,90%,0.19498009157865057,54.082,10.54491331275658
2026-09-26 07:00:00+02:00,2026-09-26,8,,3.364905216289398,3.0410036366681465,3.863267147175472,90%,0.19498009157865057,49.40566666666667,9.63312141117095
2026-09-26 08:00:00+02:00,2026-09-26,9,,3.3825520477222177,3.058650468100966,3.8809139786082913,90%,0.19498009157865057,46.70933333333333,9.107390090911048
2026-09-26 09:00:00+02:00,2026-09-26,10,,3.4053251478638886,3.081423568242637,3.9036870787499622,90%,0.19498009157865057,36.81733333333333,7.178647025015037
2026-09-26 10:00:00+02:00,2026-09-26,11,,3.4314398773939985,3.107538297772747,3.929801808280072,90%,0.19498009157865057,36.884,7.191645697786948
2026-09-26 11:00:00+02:00,2026-09-26,12,,3.4586876712373975,3.134786091616146,3.957049602123471,90%,0.19498009157865057,31.804666666666666,6.2012768192951215
2026-09-26 12:00:00+02:00,2026-09-26,13,,3.484901788530717,3.1610002089094653,3.9832637194167906,90%,0.19498009157865057,24.10666666666667,4.70032007432267
2026-09-26 13:00:00+02:00,2026-09-26,14,,3.508104075657859,3.1842024960366073,4.006466006543932,90%,0.19498009157865057,25.945333333333334,5.058823469371949
2026-09-26 14:00:00+02:00,2026-09-26,15,,3.526530651063422,3.2026290714421703,4.024892581949495,90%,0.19498009157865057,26.921333333333333,5.249124038752711
2026-09-26 15:00:00+02:00,2026-09-26,16,,3.5387235704769493,3.2148219908556976,4.0370855013630225,90%,0.19498009157865057,32.778666666666666,6.391187428492727
2026-09-26 16:00:00+02:00,2026-09-26,17,,3.5436507803261383,3.2197492007048867,4.0420127112122115,90%,0.19498009157865057,61.599333333333334,12.010643654517155
2026-09-26 17:00:00+02:00,2026-09-26,18,,3.5407966470381926,3.2168950674169414,4.039158577924266,90%,0.19498009157865057,76.64433333333334,14.944119132317955
2026-09-26 18:00:00+02:00,2026-09-26,19,,3.5303122741919566,3.206410694570705,4.02867420507803,90%,0.19498009157865057,112.38000000000001,21.911862691608754
2026-09-26 19:00:00+02:00,2026-09-26,20,,3.513319043913626,3.189417464292375,4.0116809747997,90%,0.19498009157865057,106.62866666666667,20.790467191576074
2026-09-26 20:00:00+02:00,2026-09-26,21,,3.490485902213692,3.16658432259244,3.9888478330997654,90%,0.19498009157865057,110.325,21.511178603414624
2026-09-26 21:00:00+02:00,2026-09-26,22,,3.462681431812061,3.13877985219081,3.9610433626981347,90%,0.19498009157865057,106.30433333333333,20.72722864854073
2026-09-26 22:00:00+02:00,2026-09-26,23,,3.4314834227466133,3.107581843125362,3.929845353632687,90%,0.19498009157865057,103.35,20.151192464653533
2026-09-26 23:00:00+02:00,2026-09-26,24,,3.398785672013837,3.074884092392586,3.897147602899911,90%,0.19498009157865057,100.27566666666667,19.551758669776905
2026-09-27 00:00:00+02:00,2026-09-27,1,,3.3092041730964783,2.985302593475227,3.807566103982552,90%,0.19498009157865057,89.09366666666666,17.371491285744433
2026-09-27 01:00:00+02:00,2026-09-27,2,,3.2394959188716945,2.9155943392504433,3.737857849757768,90%,0.19498009157865057,86.52533333333334,16.8707174172066
2026-09-27 02:00:00+02:00,2026-09-27,3,,3.213513827443701,2.8896122478224493,3.7118757583297746,90%,0.19498009157865057,88.941,17.34172432509676
2026-09-27 03:00:00+02:00,2026-09-27,4,,3.1994130309198447,2.8755114512985935,3.6977749618059184,90%,0.19498009157865057,84.279,16.43272713815709
2026-09-27 04:00:00+02:00,2026-09-27,5,,3.182293425806285,2.8583918461850333,3.6806553566923585,90%,0.19498009157865057,75.898,14.79859899063642
2026-09-27 05:00:00+02:00,2026-09-27,6,,3.171515130098523,2.8476135504772717,3.6698770609845965,90%,0.19498009157865057,73.53,14.336886133778176
2026-09-27 06:00:00+02:00,2026-09-27,7,,3.1723545111577174,2.8484529315364657,3.670716442043791,90%,0.19498009157865057,54.082,10.54491331275658
2026-09-27 07:00:00+02:00,2026-09-27,8,,3.1815102819348313,2.8576087023135797,3.679872212820905,90%,0.19498009157865057,49.40566666666667,9.63312141117095
2026-09-27 08:00:00+02:00,2026-09-27,9,,3.196637256886393,2.8727356772651413,3.6949991877724666,90%,0.19498009157865057,46.70933333333333,9.107390090911048
2026-09-27 09:00:00+02:00,2026-09-27,10,,3.2171333313870796,2.8932317517658284,3.715495262273153,90%,0.19498009157865057,36.81733333333333,7.178647025015037
2026-09-27 10:00:00+02:00,2026-09-27,11,,3.241307603403953,2.9174060237827018,3.7396695342900266,90%,0.19498009157865057,36.884,7.191645697786948
2026-09-27 11:00:00+02:00,2026-09-27,12,,3.2667550450944094,2.942853465473158,3.765116975980483,90%,0.19498009157865057,31.804666666666666,6.2012768192951215
2026-09-27 12:00:00+02:00,2026-09-27,13,,3.29121285797742,2.967311278356169,3.7895747888634936,90%,0.19498009157865057,24.10666666666667,4.70032007432267
2026-09-27 13:00:00+02:00,2026-09-27,14,,3.3127206764650863,2.9888190968438346,3.81108260735116,90%,0.19498009157865057,25.945333333333334,5.058823469371949
2026-09-27 14:00:00+02:00,2026-09-27,15,,3.329537460920731,3.0056358812994795,3.8278993918068047,90%,0.19498009157865057,26.921333333333333,5.249124038752711
2026-09-27 15:00:00+02:00,2026-09-27,16,,3.340201651178209,3.016300071556958,3.8385635820642827,90%,0.19498009157865057,32.778666666666666,6.391187428492727
2026-09-27 16:00:00+02:00,2026-09-27,17,,3.343673792951056,3.019772213329804,3.8420357238371294,90%,0.19498009157865057,61.599333333333334,12.010643654517155
2026-09-27 17:00:00+02:00,2026-09-27,18,,3.3394636013421906,3.015562021720939,3.837825532228264,90%,0.19498009157865057,76.64433333333334,14.944119132317955
2026-09-27 18:00:00+02:00,2026-09-27,19,,3.3278122294305934,3.0039106498093417,3.826174160316667,90%,0.19498009157865057,112.38000000000001,21.911862691608754
2026-09-27 19:00:00+02:00,2026-09-27,20,,3.3096990214596818,2.9857974418384305,3.8080609523457554,90%,0.19498009157865057,106.62866666666667,20.790467191576074
2026-09-27 20:00:00+02:00,2026-09-27,21,,3.285658826608268,2.961757246987016,3.7840207574943414,90%,0.19498009157865057,110.325,21.511178603414624
2026-09-27 21:00:00+02:00,2026-09-27,22,,3.256654325862394,2.9327527462411425,3.7550162567484677,90%,0.19498009157865057,106.30433333333333,20.72722864854073
2026-09-27 22:00:00+02:00,2026-09-27,23,,3.224307528355136,2.9004059487338845,3.7226694592412097,90%,0.19498009157865057,103.35,20.151192464653533
2026-09-27 23:00:00+02:00,2026-09-27,24,,3.190447178814606,2.866545599193355,3.6888091097006797,90%,0.19498009157865057,100.27566666666667,19.551758669776905
2026-09-28 00:00:00+02:00,2026-09-28,1,,3.45432733029893,3.130425750677679,3.9526892611850037,90%,0.19498009157865057,89.09366666666666,17.371491285744433
2026-09-28 01:00:00+02:00,2026-09-28,2,,3.627581812780681,3.3036802331594295,4.125943743666754,90%,0.19498009157865057,86.52533333333334,16.8707174172066
2026-09-28 02:00:00+02:00,2026-09-28,3,,3.6050977606284924,3.2811961810072408,4.103459691514566,90%,0.19498009157865057,88.941,17.34172432509676
2026-09-28 03:00:00+02:00,2026-09-28,4,,3.538608979292711,3.2147073996714592,4.036970910178784,90%,0.19498009157865057,84.279,16.43272713815709
2026-09-28 04:00:00+02:00,2026-09-28,5,,3.524594799532969,3.2006932199117175,4.022956730419042,90%,0.19498009157865057,75.898,14.79859899063642
2026-09-28 05:00:00+02:00,2026-09-28,6,,3.539300923433382,3.2153993438121304,4.037662854319455,90%,0.19498009157865057,73.53,14.336886133778176
2026-09-28 06:00:00+02:00,2026-09-28,7,,3.5507035998056384,3.2268020201843868,4.049065530691712,90%,0.19498009157865057,54.082,10.54491331275658
2026-09-28 07:00:00+02:00,2026-09-28,8,,3.564698505484759,3.240796925863507,4.063060436370832,90%,0.19498009157865057,49.40566666666667,9.63312141117095
2026-09-28 08:00:00+02:00,2026-09-28,9,,3.5883538204900987,3.264452240868847,4.086715751376172,90%,0.19498009157865057,46.70933333333333,9.107390090911048
2026-09-28 09:00:00+02:00,2026-09-28,10,,3.6191210513600636,3.295219471738812,4.117482982246137,90%,0.19498009157865057,36.81733333333333,7.178647025015037
2026-09-28 10:00:00+02:00,2026-09-28,11,,3.6525915395426605,3.328689959921409,4.150953470428734,90%,0.19498009157865057,36.884,7.191645697786948
2026-09-28 11:00:00+02:00,2026-09-28,12,,3.6864132071589477,3.362511627537696,4.184775138045021,90%,0.19498009157865057,31.804666666666666,6.2012768192951215
2026-09-28 12:00:00+02:00,2026-09-28,13,,3.719012007421761,3.3951104278005095,4.217373938307834,90%,0.19498009157865057,24.10666666666667,4.70032007432267
2026-09-28 13:00:00+02:00,2026-09-28,14,,3.748565722393189,3.4246641427719373,4.246927653279262,90%,0.19498009157865057,25.945333333333334,5.058823469371949
2026-09-28 14:00:00+02:00,2026-09-28,15,,3.773280169770789,3.4493785901495375,4.271642100656862,90%,0.19498009157865057,26.921333333333333,5.249124038752711
2026-09-28 15:00:00+02:00,2026-09-28,16,,3.7917831337885515,3.4678815541673,4.290145064674625,90%,0.19498009157865057,32.778666666666666,6.391187428492727
2026-09-28 16:00:00+02:00,2026-09-28,17,,3.8032182841995112,3.4793167045782596,4.301580215085584,90%,0.19498009157865057,61.599333333333334,12.010643654517155
2026-09-28 17:00:00+02:00,2026-09-28,18,,3.807249184055114,3.4833476044338623,4.305611114941187,90%,0.19498009157865057,76.64433333333334,14.944119132317955
2026-09-28 18:00:00+02:00,2026-09-28,19,,3.804093708379499,3.4801921287582473,4.302455639265572,90%,0.19498009157865057,112.38000000000001,21.911862691608754
2026-09-28 19:00:00+02:00,2026-09-28,20,,3.7945744813331403,3.4706729017118887,4.2929364122192135,90%,0.19498009157865057,106.62866666666667,20.790467191576074
2026-09-28 20:00:00+02:00,2026-09-28,21,,3.780367224859745,3.4564656452384934,4.278729155745818,90%,0.19498009157865057,110.325,21.511178603414624
2026-09-28 21:00:00+02:00,2026-09-28,22,,3.762902563951661,3.4390009843304092,4.261264494837734,90%,0.19498009157865057,106.30433333333333,20.72722864854073
2026-09-28 22:00:00+02:00,2026-09-28,23,,3.7438623185945143,3.4199607389732627,4.2422242494805875,90%,0.19498009157865057,103.35,20.151192464653533
2026-09-28 23:00:00+02:00,2026-09-28,24,,3.7255727047185836,3.401671125097332,4.223934635604657,90%,0.19498009157865057,100.27566666666667,19.551758669776905
2026-09-29 00:00:00+02:00,2026-09-29,1,,3.674132833768758,3.3502312541475066,4.172494764654831,90%,0.19498009157865057,89.09366666666666,17.371491285744433
2026-09-29 01:00:00+02:00,2026-09-29,2,,3.5843599772534454,3.2604583976321937,4.0827219081395185,90%,0.19498009157865057,86.52533333333334,16.8707174172066
2026-09-29 02:00:00+02:00,2026-09-29,3,,3.5324992747917,3.2085976951704485,4.030861205677773,90%,0.19498009157865057,88.941,17.34172432509676
2026-09-29 03:00:00+02:00,2026-09-29,4,,3.5620568565527995,3.238155276931548,4.060418787438873,90%,0.19498009157865057,84.279,16.43272713815709
2026-09-29 04:00:00+02:00,2026-09-29,5,,3.5945108991096784,3.270609319488427,4.092872829995752,90%,0.19498009157865057,75.898,14.79859899063642
2026-09-29 05:00:00+02:00,2026-09-29,6,,3.5901487183535488,3.2662471387322976,4.088510649239622,90%,0.19498009157865057,73.53,14.336886133778176
2026-09-29 06:00:00+02:00,2026-09-29,7,,3.5855694700030343,3.2616678903817826,4.083931400889107,90%,0.19498009157865057,54.082,10.54491331275658
2026-09-29 07:00:00+02:00,2026-09-29,8,,3.6071672039575136,3.283265624336262,4.105529134843587,90%,0.19498009157865057,49.40566666666667,9.63312141117095
2026-09-29 08:00:00+02:00,2026-09-29,9,,3.643076368229935,3.3191747886086835,4.141438299116008,90%,0.19498009157865057,46.70933333333333,9.107390090911048
2026-09-29 09:00:00+02:00,2026-09-29,10,,3.680096401995111,3.356194822373859,4.178458332881184,90%,0.19498009157865057,36.81733333333333,7.178647025015037
2026-09-29 10:00:00+02:00,2026-09-29,11,,3.7176703140457557,3.393768734424504,4.216032244931829,90%,0.19498009157865057,36.884,7.191645697786948
2026-09-29 11:00:00+02:00,2026-09-29,12,,3.75717695874786,3.4332753791266084,4.255538889633933,90%,0.19498009157865057,31.804666666666666,6.2012768192951215
2026-09-29 12:00:00+02:00,2026-09-29,13,,3.7961591714956313,3.4722575918743797,4.2945211023817045,90%,0.19498009157865057,24.10666666666667,4.70032007432267
2026-09-29 13:00:00+02:00,2026-09-29,14,,3.831086083907408,3.5071845042861565,4.329448014793481,90%,0.19498009157865057,25.945333333333334,5.058823469371949
2026-09-29 14:00:00+02:00,2026-09-29,15,,3.8596480635697374,3.5357464839484862,4.358009994455811,90%,0.19498009157865057,26.921333333333333,5.249124038752711
2026-09-29 15:00:00+02:00,2026-09-29,16,,3.8804361913229926,3.556534611701741,4.378798122209066,90%,0.19498009157865057,32.778666666666666,6.391187428492727
2026-09-29 16:00:00+02:00,2026-09-29,17,,3.8923945400359483,3.568492960414697,4.390756470922022,90%,0.19498009157865057,61.599333333333334,12.010643654517155
2026-09-29 17:00:00+02:00,2026-09-29,18,,3.894925470466166,3.5710238908449146,4.393287401352239,90%,0.19498009157865057,76.64433333333334,14.944119132317955
2026-09-29 18:00:00+02:00,2026-09-29,19,,3.8881019340876994,3.564200354466448,4.386463864973773,90%,0.19498009157865057,112.38000000000001,21.911862691608754
2026-09-29 19:00:00+02:00,2026-09-29,20,,3.872867472229436,3.5489658926081846,4.3712294031155094,90%,0.19498009157865057,106.62866666666667,20.790467191576074
2026-09-29 20:00:00+02:00,2026-09-29,21,,3.851120146448753,3.527218566827502,4.349482077334827,90%,0.19498009157865057,110.325,21.511178603414624
2026-09-29 21:00:00+02:00,2026-09-29,22,,3.824137757597434,3.5002361779761824,4.322499688483507,90%,0.19498009157865057,106.30433333333333,20.72722864854073
2026-09-29 22:00:00+02:00,2026-09-29,23,,3.7934329944935556,3.4695314148723044,4.291794925379629,90%,0.19498009157865057,103.35,20.151192464653533
2026-09-29 23:00:00+02:00,2026-09-29,24,,3.761167767056522,3.43726618743527,4.259529697942595,90%,0.19498009157865057,100.27566666666667,19.551758669776905
