datetime,date,hour,temperature,linear_prediction_MWh,random_forest_prediction_MWh,gradient_boosting_prediction_MWh,seasonal_prediction_MWh,predicted_imbalance_MWh,lower_bound_MWh,upper_bound_MWh,confidence_interval,selected_model,weather_mode,expected_recursive_MAE_MWh,estimated_imbalance_price_EUR_MWh,estimated_error_cost_EUR
2026-08-01 00:00:00,2026-08-01,1,21.2,0.02182140222311163,0.1681227799999998,0.07829936201295956,-0.3119709999999998,0.1681227799999998,-1.0610637300000008,1.3973092900000004,nominal_90,random_forest,available_weather=672;climatology_fallback=72,0.7408988599528303,100.29383333333334,74.30758677696585
2026-08-01 01:00:00,2026-08-01,2,20.1,0.06878648988451896,0.18517554599999975,0.12733338357212187,-0.08911499999999961,0.18517554599999975,-1.0822728539999988,1.4526239459999983,nominal_90,random_forest,available_weather=672;climatology_fallback=72,0.7408988599528303,97.15716666666667,71.98363401958046
2026-08-01 02:00:00,2026-08-01,3,17.4,0.11364067211119983,0.3163397824999999,0.23953722027078034,-0.006872000000000433,0.3163397824999999,-0.9201436575000008,1.5528232225000005,nominal_90,random_forest,available_weather=672;climatology_fallback=72,0.7408988599528303,91.5145,67.80298871915329
2026-08-01 03:00:00,2026-08-01,4,16.7,0.22007614315317295,0.26066221650000015,0.27314189819363516,-0.053779000000000465,0.26066221650000015,-0.9269198035000004,1.4482442365000006,nominal_90,random_forest,available_weather=672;climatology_fallback=72,0.7408988599528303,83.86333333333333,62.134248058510856
2026-08-01 04:00:00,2026-08-01,5,16.1,0.2118355476021844,0.24369522399999993,0.27314189819363516,0.12771200000000035,0.24369522399999993,-0.8907855859999996,1.3781760339999993,nominal_90,random_forest,available_weather=672;climatology_fallback=72,0.7408988599528303,83.74,62.04287053245001
2026-08-01 05:00:00,2026-08-01,6,15.5,0.20590888312328068,0.7046573300000002,0.3328980401084192,0.3198599999999996,0.7046573300000002,-0.80458869,2.2139033500000003,nominal_90,random_forest,available_weather=672;climatology_fallback=72,0.7408988599528303,79.10816666666666,58.61115049629183
2026-08-01 06:00:00,2026-08-01,7,15.4,0.5700261612813109,0.7787088425000002,0.6494475395830703,0.45307649999999977,0.7787088425000002,-0.8553210474999984,2.4127387324999985,nominal_90,random_forest,available_weather=672;climatology_fallback=72,0.7408988599528303,61.86933333333333,45.838918532708306
2026-08-01 07:00:00,2026-08-01,8,18.3,0.6378806823057316,0.6816363535000002,0.6712158204655532,-0.00485900000000028,0.6816363535000002,-1.7128390590000007,3.076111766000001,nominal_90,random_forest,available_weather=672;climatology_fallback=72,0.7408988599528303,57.118500000000004,42.319031532215746
2026-08-01 08:00:00,2026-08-01,9,21.4,0.4615058590811276,0.6436145405000003,0.6049338337197477,-0.7377097499999994,0.6436145405000003,-1.4191239894999979,2.7063530704999983,nominal_90,random_forest,available_weather=672;climatology_fallback=72,0.7408988599528303,52.17933333333334,38.65960857976539
2026-08-01 09:00:00,2026-08-01,10,25.0,0.43149710708368916,0.5210633330000001,0.5849927650630105,-0.006310250000000406,0.5210633330000001,-2.0748363194999992,3.116962985499999,nominal_90,random_forest,available_weather=672;climatology_fallback=72,0.7408988599528303,42.06633333333333,31.166898409062412
2026-08-01 10:00:00,2026-08-01,11,27.7,0.35722054478275794,0.2626608620000004,0.43566726236101017,0.13691074999999997,0.2626608620000004,-2.722424343000001,3.2477460670000013,nominal_90,random_forest,available_weather=672;climatology_fallback=72,0.7408988599528303,37.932,28.103775555730763
2026-08-01 11:00:00,2026-08-01,12,29.5,0.2144662655012293,0.21103133400000007,0.21446414014624318,0.14808224999999942,0.21103133400000007,-2.227089696000001,2.6491523640000008,nominal_90,random_forest,available_weather=672;climatology_fallback=72,0.7408988599528303,34.75566666666667,25.750433810233922
2026-08-01 12:00:00,2026-08-01,13,30.7,0.14281196856789102,0.09596588249999989,0.10889243993189503,0.25317774999999987,0.09596588249999989,-1.9581876375,2.1501194024999997,nominal_90,random_forest,available_weather=672;climatology_fallback=72,0.7408988599528303,29.455166666666667,21.823299403053944
2026-08-01 13:00:00,2026-08-01,14,31.5,0.02516026128530549,0.05613787799999986,-0.05435148735362752,0.008472999999999065,0.05613787799999986,-2.331524111999999,2.443799867999999,nominal_90,random_forest,available_weather=672;climatology_fallback=72,0.7408988599528303,33.6455,24.927912592542953
2026-08-01 14:00:00,2026-08-01,15,33.0,-0.04084523809279825,0.0287864824999998,-0.05435148735362752,-0.02295199999999975,0.0287864824999998,-2.0832787675,2.1408517324999994,nominal_90,random_forest,available_weather=672;climatology_fallback=72,0.7408988599528303,32.3995,24.004752613041727
2026-08-01 15:00:00,2026-08-01,16,32.9,-0.06252873775950682,-0.009531151500000124,-0.08674323362752381,0.3983335,-0.009531151500000124,-1.9917183214999996,1.9726560184999995,nominal_90,random_forest,available_weather=672;climatology_fallback=72,0.7408988599528303,42.68333333333333,31.624033005653306
2026-08-01 16:00:00,2026-08-01,17,32.8,-0.08527081462135702,-0.0036263710000001715,-0.011380159435957507,0.30671199999999943,-0.0036263710000001715,-2.350637910999999,2.3433851689999985,nominal_90,random_forest,available_weather=672;climatology_fallback=72,0.7408988599528303,67.2505,49.825818781257816
2026-08-01 17:00:00,2026-08-01,18,32.4,-0.07796798040588496,-0.03638177950000017,-0.02440528589439312,0.98262525,-0.03638177950000017,-2.2362524695000006,2.1634889105000004,nominal_90,random_forest,available_weather=672;climatology_fallback=72,0.7408988599528303,82.6125,61.20750706785319
2026-08-01 18:00:00,2026-08-01,19,31.2,-0.10041088852458538,-0.0666321035,-0.003451967559738131,0.5043610000000003,-0.0666321035,-1.8370428134999992,1.7037786064999993,nominal_90,random_forest,available_weather=672;climatology_fallback=72,0.7408988599528303,126.61999999999999,93.81261364722737
2026-08-01 19:00:00,2026-08-01,20,29.2,-0.09879340789970673,-0.1280902365,0.14850099464522687,0.6600847500000007,-0.1280902365,-1.9332495765000024,1.6770691035000023,nominal_90,random_forest,available_weather=672;climatology_fallback=72,0.7408988599528303,127.72533333333334,94.63155385376191
2026-08-01 20:00:00,2026-08-01,21,26.8,-0.10999610725183709,-0.08228064099999977,0.025133187504670137,0.6778870000000005,-0.08228064099999977,-1.7165108009999992,1.5519495189999999,nominal_90,random_forest,available_weather=672;climatology_fallback=72,0.7408988599528303,135.485,100.38068204070923
2026-08-01 21:00:00,2026-08-01,22,24.8,-0.0723757330598368,0.044943794000000155,0.15172591351853523,0.4714349999999996,0.044943794000000155,-1.470584816000002,1.5604724040000022,nominal_90,random_forest,available_weather=672;climatology_fallback=72,0.7408988599528303,129.78883333333334,96.16039865127458
2026-08-01 22:00:00,2026-08-01,23,23.5,0.03646266888942307,0.1349094075,0.08857890173807402,0.37769400000000086,0.1349094075,-1.4538586074999984,1.7236774224999982,nominal_90,random_forest,available_weather=672;climatology_fallback=72,0.7408988599528303,114.98150000000001,85.18966226566637
2026-08-01 23:00:00,2026-08-01,24,22.3,0.1229187333825478,0.22134421649999986,0.15553149376280398,0.4170740000000004,0.22134421649999986,-1.1779640535000002,1.6206524865,nominal_90,random_forest,available_weather=672;climatology_fallback=72,0.7408988599528303,104.29433333333333,77.27155266620713
2026-08-02 00:00:00,2026-08-02,1,21.2,0.20205447401696142,0.27398555750000003,-0.48435495161284337,0.730111,0.27398555750000003,-0.9552009525000005,1.5031720675000007,nominal_90,random_forest,available_weather=672;climatology_fallback=72,0.7408988599528303,100.29383333333334,74.30758677696585
2026-08-02 01:00:00,2026-08-02,2,19.9,0.2512620893534075,0.39547470249999994,0.2962339127621493,0.833208,0.39547470249999994,-0.8719736974999986,1.6629231024999984,nominal_90,random_forest,available_weather=672;climatology_fallback=72,0.7408988599528303,97.15716666666667,71.98363401958046
2026-08-02 02:00:00,2026-08-02,3,17.5,0.3687330451797979,0.3611384925,0.2962339127621493,0.7432430000000005,0.3611384925,-0.8753449475000006,1.5976219325000007,nominal_90,random_forest,available_weather=672;climatology_fallback=72,0.7408988599528303,91.5145,67.80298871915329
2026-08-02 03:00:00,2026-08-02,4,17.0,0.35933283727730536,0.36217668900000016,0.2962339127621493,0.957478,0.36217668900000016,-0.8254053310000002,1.5497587090000007,nominal_90,random_forest,available_weather=672;climatology_fallback=72,0.7408988599528303,83.86333333333333,62.134248058510856
2026-08-02 04:00:00,2026-08-02,5,16.1,0.3527389467592803,0.6748354029999996,0.43558424995334505,1.0215759999999992,0.6748354029999996,-0.4596454069999999,1.809316212999999,nominal_90,random_forest,available_weather=672;climatology_fallback=72,0.7408988599528303,83.74,62.04287053245001
2026-08-02 05:00:00,2026-08-02,6,15.5,0.6246140174199665,0.6533604969999999,0.6340540525054924,0.5866850000000003,0.6533604969999999,-0.8558855230000003,2.162606517,nominal_90,random_forest,available_weather=672;climatology_fallback=72,0.7408988599528303,79.10816666666666,58.61115049629183
2026-08-02 06:00:00,2026-08-02,7,15.6,0.6505696202886149,0.6766839229999999,0.7210854167398137,0.38558249999999983,0.6766839229999999,-0.9573459669999986,2.3107138129999987,nominal_90,random_forest,available_weather=672;climatology_fallback=72,0.7408988599528303,61.86933333333333,45.838918532708306
2026-08-02 07:00:00,2026-08-02,8,18.4,0.5634451148741751,0.6868032855000002,0.7280957246650823,0.10857599999999967,0.6868032855000002,-1.7076721270000004,3.081278698000001,nominal_90,random_forest,available_weather=672;climatology_fallback=72,0.7408988599528303,57.118500000000004,42.319031532215746
2026-08-02 08:00:00,2026-08-02,9,21.0,0.5412974137457105,0.6971920345000006,0.77412641810877,-0.06870575000000012,0.6971920345000006,-1.3655464954999976,2.7599305644999985,nominal_90,random_forest,available_weather=672;climatology_fallback=72,0.7408988599528303,52.17933333333334,38.65960857976539
2026-08-02 09:00:00,2026-08-02,10,24.0,0.5099732219148982,0.7111795515000003,0.77412641810877,-0.0655892499999996,0.7111795515000003,-1.8847201009999988,3.3070792039999994,nominal_90,random_forest,available_weather=672;climatology_fallback=72,0.7408988599528303,42.06633333333333,31.166898409062412
2026-08-02 10:00:00,2026-08-02,11,26.5,0.48236295470633284,0.7004911239999998,0.729034926526622,-0.039215250000000035,0.7004911239999998,-2.2845940810000016,3.6855763290000008,nominal_90,random_forest,available_weather=672;climatology_fallback=72,0.7408988599528303,37.932,28.103775555730763
2026-08-02 11:00:00,2026-08-02,12,28.4,0.464705529887932,0.6182369794999997,0.7404120910582886,0.1054362499999999,0.6182369794999997,-1.8198840505000011,3.0563580095000007,nominal_90,random_forest,available_weather=672;climatology_fallback=72,0.7408988599528303,34.75566666666667,25.750433810233922
2026-08-02 12:00:00,2026-08-02,13,30.1,0.3981276818208257,0.49682977250000016,0.552529069605284,-0.2316432500000012,0.49682977250000016,-1.5573237474999997,2.5509832924999998,nominal_90,random_forest,available_weather=672;climatology_fallback=72,0.7408988599528303,29.455166666666667,21.823299403053944
2026-08-02 13:00:00,2026-08-02,14,31.1,0.3259486773781931,0.331432012,0.30295578559449016,-0.21265199999999984,0.331432012,-2.056229977999999,2.719094001999999,nominal_90,random_forest,available_weather=672;climatology_fallback=72,0.7408988599528303,33.6455,24.927912592542953
2026-08-02 14:00:00,2026-08-02,15,32.8,0.20445591124141518,0.268041274,0.11370270062755052,-0.3255119999999999,0.268041274,-1.8440239759999997,2.3801065239999994,nominal_90,random_forest,available_weather=672;climatology_fallback=72,0.7408988599528303,32.3995,24.004752613041727
2026-08-02 15:00:00,2026-08-02,16,32.7,0.1252575146167374,0.3897059820000001,0.1275593238181262,-0.8388624999999991,0.3897059820000001,-1.5924811879999994,2.3718931519999997,nominal_90,random_forest,available_weather=672;climatology_fallback=72,0.7408988599528303,42.68333333333333,31.624033005653306
2026-08-02 16:00:00,2026-08-02,17,32.4,0.18494563627553054,0.3823041575000002,0.11587282488309271,-0.7229389999999991,0.3823041575000002,-1.9647073824999985,2.729315697499999,nominal_90,random_forest,available_weather=672;climatology_fallback=72,0.7408988599528303,67.2505,49.825818781257816
2026-08-02 17:00:00,2026-08-02,18,32.0,0.20754729754010456,0.4186148125000001,0.15019191479866936,-0.5070927499999999,0.4186148125000001,-1.7812558775000005,2.6184855025000005,nominal_90,random_forest,available_weather=672;climatology_fallback=72,0.7408988599528303,82.6125,61.20750706785319
2026-08-02 18:00:00,2026-08-02,19,31.1,0.2501380431163148,0.6859159399999999,0.34619117809314265,0.463826,0.6859159399999999,-1.0844947699999994,2.4563266499999994,nominal_90,random_forest,available_weather=672;climatology_fallback=72,0.7408988599528303,126.61999999999999,93.81261364722737
2026-08-02 19:00:00,2026-08-02,20,29.2,0.4793217887601724,0.5030336474999999,0.679080945442516,0.4355947500000013,0.5030336474999999,-1.3021256925000024,2.3081929875000022,nominal_90,random_forest,available_weather=672;climatology_fallback=72,0.7408988599528303,127.72533333333334,94.63155385376191
2026-08-02 20:00:00,2026-08-02,21,26.6,0.4236058037613374,0.31367342899999995,0.4996991907081743,0.4516579999999996,0.31367342899999995,-1.3205567309999995,1.9479035889999996,nominal_90,random_forest,available_weather=672;climatology_fallback=72,0.7408988599528303,135.485,100.38068204070923
2026-08-02 21:00:00,2026-08-02,22,24.9,0.32242143586930017,0.5322678265000002,0.3675307112031138,0.4024910000000004,0.5322678265000002,-0.9832607835000019,2.0477964365000023,nominal_90,random_forest,available_weather=672;climatology_fallback=72,0.7408988599528303,129.78883333333334,96.16039865127458
2026-08-02 22:00:00,2026-08-02,23,23.6,0.4264943424413412,0.3040121215000001,0.4714305462153827,0.4256599999999997,0.3040121215000001,-1.284755893499998,1.8927801364999985,nominal_90,random_forest,available_weather=672;climatology_fallback=72,0.7408988599528303,114.98150000000001,85.18966226566637
2026-08-02 23:00:00,2026-08-02,24,22.3,0.3384748925089883,0.4548791629999998,0.33180394591172796,0.6203519999999996,0.4548791629999998,-0.9444291070000004,1.8541874329999999,nominal_90,random_forest,available_weather=672;climatology_fallback=72,0.7408988599528303,104.29433333333333,77.27155266620713
2026-08-03 00:00:00,2026-08-03,1,20.9,0.3122672454553993,0.4018350344999999,0.41392123331768077,0.6700539999999995,0.4018350344999999,-0.8273514755000007,1.6310215445000005,nominal_90,random_forest,available_weather=672;climatology_fallback=72,0.7408988599528303,100.29383333333334,74.30758677696585
2026-08-03 01:00:00,2026-08-03,2,19.9,0.3035489162671644,0.2996460245000001,0.32381472973109293,0.7577619999999996,0.2996460245000001,-0.9678023754999985,1.5670944244999987,nominal_90,random_forest,available_weather=672;climatology_fallback=72,0.7408988599528303,97.15716666666667,71.98363401958046
2026-08-03 02:00:00,2026-08-03,3,17.2,0.25981642019602463,0.3253898999999999,0.33396542294379555,0.7462860000000004,0.3253898999999999,-0.9110935400000008,1.5618733400000004,nominal_90,random_forest,available_weather=672;climatology_fallback=72,0.7408988599528303,91.5145,67.80298871915329
2026-08-03 03:00:00,2026-08-03,4,16.7,0.2647390207164105,0.23438511199999998,0.33396542294379555,0.9938249999999993,0.23438511199999998,-0.9531969080000005,1.4219671320000005,nominal_90,random_forest,available_weather=672;climatology_fallback=72,0.7408988599528303,83.86333333333333,62.134248058510856
2026-08-03 04:00:00,2026-08-03,5,16.4,0.2403755802562198,0.24548365749999984,0.21223066959297687,1.1433430000000002,0.24548365749999984,-0.8889971524999996,1.3799644674999993,nominal_90,random_forest,available_weather=672;climatology_fallback=72,0.7408988599528303,83.74,62.04287053245001
2026-08-03 05:00:00,2026-08-03,6,16.2,0.23815373578444282,0.20903989799999995,0.2780375805983523,1.1199129999999997,0.20903989799999995,-1.3002061220000003,1.718285918,nominal_90,random_forest,available_weather=672;climatology_fallback=72,0.7408988599528303,79.10816666666666,58.61115049629183
2026-08-03 06:00:00,2026-08-03,7,16.3,0.18620340325541412,0.31436307099999994,0.19238170593629858,0.32419550000000086,0.31436307099999994,-1.3196668189999987,1.9483929609999984,nominal_90,random_forest,available_weather=672;climatology_fallback=72,0.7408988599528303,61.86933333333333,45.838918532708306
2026-08-03 07:00:00,2026-08-03,8,18.7,0.2000924136846467,0.27124958750000006,0.33396542294379555,-0.6919460000000003,0.27124958750000006,-2.1232258250000005,2.665725000000001,nominal_90,random_forest,available_weather=672;climatology_fallback=72,0.7408988599528303,57.118500000000004,42.319031532215746
2026-08-03 08:00:00,2026-08-03,9,20.6,0.13219047121765665,0.58487276,0.5154906419216079,-1.91186775,0.58487276,-1.477865769999998,2.647611289999998,nominal_90,random_forest,available_weather=672;climatology_fallback=72,0.7408988599528303,52.17933333333334,38.65960857976539
2026-08-03 09:00:00,2026-08-03,10,24.1,0.31012696772448056,0.7565809614999999,0.7056397361261567,-2.225330249999999,0.7565809614999999,-1.8393186909999992,3.352480613999999,nominal_90,random_forest,available_weather=672;climatology_fallback=72,0.7408988599528303,42.06633333333333,31.166898409062412
2026-08-03 10:00:00,2026-08-03,11,27.3,0.48498402765735493,0.6539112260000003,0.588619712616956,-1.003813250000001,0.6539112260000003,-2.331173979000001,3.6389964310000016,nominal_90,random_forest,available_weather=672;climatology_fallback=72,0.7408988599528303,37.932,28.103775555730763
2026-08-03 11:00:00,2026-08-03,12,29.6,0.38045355450776286,0.5183943964999999,0.5371783238877978,-0.5532057499999996,0.5183943964999999,-1.9197266335000012,2.9565154265000007,nominal_90,random_forest,available_weather=672;climatology_fallback=72,0.7408988599528303,34.75566666666667,25.750433810233922
2026-08-03 12:00:00,2026-08-03,13,30.6,0.31079583403026284,0.3040706350000002,0.3922084234677585,0.3048107499999997,0.3040706350000002,-1.7500828849999996,2.3582241550000003,nominal_90,random_forest,available_weather=672;climatology_fallback=72,0.7408988599528303,29.455166666666667,21.823299403053944
2026-08-03 13:00:00,2026-08-03,14,31.0,0.18531091779988823,0.25283980850000004,0.12146538104955702,0.6605949999999994,0.25283980850000004,-2.134822181499999,2.640501798499999,nominal_90,random_forest,available_weather=672;climatology_fallback=72,0.7408988599528303,33.6455,24.927912592542953
2026-08-03 14:00:00,2026-08-03,15,32.3,0.10012433573133456,0.17218215199999995,0.059936335314174916,0.595896000000001,0.17218215199999995,-1.9398830979999997,2.2842474019999996,nominal_90,random_forest,available_weather=672;climatology_fallback=72,0.7408988599528303,32.3995,24.004752613041727
2026-08-03 15:00:00,2026-08-03,16,32.2,0.029814558103440914,-0.025264047499999984,-0.0425932250114138,0.4076405000000006,-0.025264047499999984,-2.0074512174999994,1.9569231224999997,nominal_90,random_forest,available_weather=672;climatology_fallback=72,0.7408988599528303,42.68333333333333,31.624033005653306
2026-08-03 16:00:00,2026-08-03,17,32.2,-0.08262810753469577,-0.059834549000000035,-0.06545705278663688,0.2283850000000005,-0.059834549000000035,-2.4068460889999987,2.2871769909999986,nominal_90,random_forest,available_weather=672;climatology_fallback=72,0.7408988599528303,67.2505,49.825818781257816
2026-08-03 17:00:00,2026-08-03,18,31.7,-0.1283609762705155,-0.005486021999999926,-0.031137962871060305,0.2404232499999993,-0.005486021999999926,-2.2053567120000004,2.1943846680000005,nominal_90,random_forest,available_weather=672;climatology_fallback=72,0.7408988599528303,82.6125,61.20750706785319
2026-08-03 18:00:00,2026-08-03,19,30.9,-0.12374935290185504,0.0755593805,0.20122454510274984,-0.27824500000000013,0.0755593805,-1.6948513294999992,1.8459700904999994,nominal_90,random_forest,available_weather=672;climatology_fallback=72,0.7408988599528303,126.61999999999999,93.81261364722737
2026-08-03 19:00:00,2026-08-03,20,29.5,-0.06673918611632321,0.07089291000000002,0.1346312026226484,-0.5218182500000004,0.07089291000000002,-1.7342664300000024,1.8760522500000023,nominal_90,random_forest,available_weather=672;climatology_fallback=72,0.7408988599528303,127.72533333333334,94.63155385376191
2026-08-03 20:00:00,2026-08-03,21,26.7,-0.05181361345460336,0.07755667599999988,0.16970696497063975,-0.40173599999999926,0.07755667599999988,-1.5566734839999996,1.7117868359999995,nominal_90,random_forest,available_weather=672;climatology_fallback=72,0.7408988599528303,135.485,100.38068204070923
2026-08-03 21:00:00,2026-08-03,22,25.0,-0.03092344715486864,0.16704877249999991,0.18543195109252336,-0.23011199999999832,0.16704877249999991,-1.3484798375000022,1.6825773825000019,nominal_90,random_forest,available_weather=672;climatology_fallback=72,0.7408988599528303,129.78883333333334,96.16039865127458
2026-08-03 22:00:00,2026-08-03,23,23.2,0.028670099691187917,0.16744567,0.20125222012508517,-0.422013999999999,0.16744567,-1.4213223449999983,1.7562136849999983,nominal_90,random_forest,available_weather=672;climatology_fallback=72,0.7408988599528303,114.98150000000001,85.18966226566637
2026-08-03 23:00:00,2026-08-03,24,21.8,0.04904382549747602,0.19417025249999997,0.20125222012508517,-0.6506109999999996,0.19417025249999997,-1.2051380175000002,1.5934785225,nominal_90,random_forest,available_weather=672;climatology_fallback=72,0.7408988599528303,104.29433333333333,77.27155266620713
2026-08-04 00:00:00,2026-08-04,1,20.6,0.05938456886614926,0.2863683249999999,0.22824116942427952,-0.6722439999999992,0.2863683249999999,-0.9428181850000006,1.5155548350000005,nominal_90,random_forest,available_weather=672;climatology_fallback=72,0.7408988599528303,100.29383333333334,74.30758677696585
2026-08-04 01:00:00,2026-08-04,2,19.7,0.13140882778641028,0.2888338815,0.33396542294379555,-0.587515999999999,0.2888338815,-0.9786145184999986,1.5562822814999986,nominal_90,random_forest,available_weather=672;climatology_fallback=72,0.7408988599528303,97.15716666666667,71.98363401958046
2026-08-04 02:00:00,2026-08-04,3,17.2,0.16855366929983362,0.3055683365,0.33396542294379555,-0.5833469999999998,0.3055683365,-0.9309151035000007,1.5420517765000006,nominal_90,random_forest,available_weather=672;climatology_fallback=72,0.7408988599528303,91.5145,67.80298871915329
2026-08-04 03:00:00,2026-08-04,4,17.1,0.1536540741292339,0.6933466195,0.45085762900157805,-0.6181109999999999,0.6933466195,-0.4942354005000005,1.8809286395000004,nominal_90,random_forest,available_weather=672;climatology_fallback=72,0.7408988599528303,83.86333333333333,62.134248058510856
2026-08-04 04:00:00,2026-08-04,5,16.5,0.4703328672956615,0.6327082225000001,0.6163937802906936,-0.6028703999999995,0.6327082225000001,-0.5017725874999993,1.7671890324999997,nominal_90,random_forest,available_weather=672;climatology_fallback=72,0.7408988599528303,83.74,62.04287053245001
2026-08-04 05:00:00,2026-08-04,6,16.2,0.47679152641374245,0.5099184950000001,0.5867907240040628,-0.6526169999999996,0.5099184950000001,-0.9993275250000001,2.0191645150000004,nominal_90,random_forest,available_weather=672;climatology_fallback=72,0.7408988599528303,79.10816666666666,58.61115049629183
2026-08-04 06:00:00,2026-08-04,7,16.3,0.36247871929149866,0.39404350349999995,0.4293315864486352,-0.7991251999999991,0.39404350349999995,-1.2399863864999987,2.0280733934999984,nominal_90,random_forest,available_weather=672;climatology_fallback=72,0.7408988599528303,61.86933333333333,45.838918532708306
2026-08-04 07:00:00,2026-08-04,8,18.7,0.26971972385278264,0.25691010500000006,0.2951322274033881,-0.4554176000000002,0.25691010500000006,-2.1375653075000005,2.651385517500001,nominal_90,random_forest,available_weather=672;climatology_fallback=72,0.7408988599528303,57.118500000000004,42.319031532215746
2026-08-04 08:00:00,2026-08-04,9,19.9,0.22306154011016832,0.28487652350000003,0.24448611818526556,0.5390236000000004,0.28487652350000003,-1.7778620064999981,2.347615053499998,nominal_90,random_forest,available_weather=672;climatology_fallback=72,0.7408988599528303,52.17933333333334,38.65960857976539
2026-08-04 09:00:00,2026-08-04,10,23.7,0.18164257919175447,0.23216151750000008,0.3361302432281784,0.5982064000000007,0.23216151750000008,-2.363738134999999,2.8280611699999993,nominal_90,random_forest,available_weather=672;climatology_fallback=72,0.7408988599528303,42.06633333333333,31.166898409062412
2026-08-04 10:00:00,2026-08-04,11,27.3,0.11143807082661653,0.2483731815,0.2008812310985275,1.0843108000000001,0.2483731815,-2.7367120235000013,3.233458386500001,nominal_90,random_forest,available_weather=672;climatology_fallback=72,0.7408988599528303,37.932,28.103775555730763
2026-08-04 11:00:00,2026-08-04,12,29.7,0.07430664554751079,0.3637330095000001,0.18445914920584044,0.7520999999999998,0.3637330095000001,-2.0743880205000007,2.801854039500001,nominal_90,random_forest,available_weather=672;climatology_fallback=72,0.7408988599528303,34.75566666666667,25.750433810233922
2026-08-04 12:00:00,2026-08-04,13,31.0,0.11879873579189282,0.2923963600000001,0.11410338226772145,0.1152650000000004,0.2923963600000001,-1.7617571599999997,2.34654988,nominal_90,random_forest,available_weather=672;climatology_fallback=72,0.7408988599528303,29.455166666666667,21.823299403053944
2026-08-04 13:00:00,2026-08-04,14,31.8,0.046809944620229665,0.5254532280000003,0.03960698335915186,-0.9252727999999996,0.5254532280000003,-1.8622087619999985,2.9131152179999993,nominal_90,random_forest,available_weather=672;climatology_fallback=72,0.7408988599528303,33.6455,24.927912592542953
2026-08-04 14:00:00,2026-08-04,15,33.3,0.17194473093060705,0.40466392150000013,0.19197852382996863,-1.1893730000000002,0.40466392150000013,-1.7074013284999996,2.5167291714999998,nominal_90,random_forest,available_weather=672;climatology_fallback=72,0.7408988599528303,32.3995,24.004752613041727
2026-08-04 15:00:00,2026-08-04,16,33.2,0.13232837520803994,0.2601412225000001,0.003908802288347206,-0.7706015999999997,0.2601412225000001,-1.7220459474999994,2.2423283924999997,nominal_90,random_forest,available_weather=672;climatology_fallback=72,0.7408988599528303,42.68333333333333,31.624033005653306
2026-08-04 16:00:00,2026-08-04,17,33.1,0.037490631608064595,0.2424442734999999,0.04691224355847588,-0.6919067999999984,0.2424442734999999,-2.104567266499999,2.5894558134999985,nominal_90,random_forest,available_weather=672;climatology_fallback=72,0.7408988599528303,67.2505,49.825818781257816
2026-08-04 17:00:00,2026-08-04,18,32.7,-0.05200280044910591,0.487276205,0.29563097870114025,-2.4695852000000005,0.487276205,-1.7125944850000003,2.6871468950000006,nominal_90,random_forest,available_weather=672;climatology_fallback=72,0.7408988599528303,82.6125,61.20750706785319
2026-08-04 18:00:00,2026-08-04,19,31.9,0.13608649334794146,0.7136935320000002,0.47513554656071527,-2.101274799999999,0.7136935320000002,-1.056717177999999,2.4841042419999995,nominal_90,random_forest,available_weather=672;climatology_fallback=72,0.7408988599528303,126.61999999999999,93.81261364722737
2026-08-04 19:00:00,2026-08-04,20,30.2,0.3623557480282116,0.7807691635000008,0.8148104806450248,-1.7448034000000012,0.7807691635000008,-1.0243901765000016,2.585928503500003,nominal_90,random_forest,available_weather=672;climatology_fallback=72,0.7408988599528303,127.72533333333334,94.63155385376191
2026-08-04 20:00:00,2026-08-04,21,27.0,0.44537374819442477,0.8188569435000009,0.8027911503246757,-1.4769279999999991,0.8188569435000009,-0.8153732164999986,2.4530871035000006,nominal_90,random_forest,available_weather=672;climatology_fallback=72,0.7408988599528303,135.485,100.38068204070923
2026-08-04 21:00:00,2026-08-04,22,25.7,0.45276216304217687,0.7462136435000002,0.7459742787707542,-1.6347900000000006,0.7462136435000002,-0.7693149665000019,2.2617422535000022,nominal_90,random_forest,available_weather=672;climatology_fallback=72,0.7408988599528303,129.78883333333334,96.16039865127458
2026-08-04 22:00:00,2026-08-04,23,24.3,0.42562854459505084,0.7195624845,0.8570244333018685,-1.2991769999999985,0.7195624845,-0.8692055304999983,2.3083304994999985,nominal_90,random_forest,available_weather=672;climatology_fallback=72,0.7408988599528303,114.98150000000001,85.18966226566637
2026-08-04 23:00:00,2026-08-04,24,23.0,0.4173146427618021,0.5890665845000002,0.6092789443757152,-1.2025910000000009,0.5890665845000002,-0.8102416855,1.9883748545000004,nominal_90,random_forest,available_weather=672;climatology_fallback=72,0.7408988599528303,104.29433333333333,77.27155266620713
2026-08-05 00:00:00,2026-08-05,1,21.6,0.39130325657848253,0.35318053050000026,0.430356002536077,-0.4629190000000003,0.35318053050000026,-0.8760059795000004,1.5823670405000008,nominal_90,random_forest,available_weather=672;climatology_fallback=72,0.7408988599528303,100.29383333333334,74.30758677696585
2026-08-05 01:00:00,2026-08-05,2,20.5,0.27197177430025565,0.3639885834999999,0.2891704142403482,-0.402196,0.3639885834999999,-0.9034598164999987,1.6314369834999984,nominal_90,random_forest,available_weather=672;climatology_fallback=72,0.7408988599528303,97.15716666666667,71.98363401958046
2026-08-05 02:00:00,2026-08-05,3,18.6,0.2551553553617544,0.36269083799999974,0.2993211074530508,-0.31491000000000025,0.36269083799999974,-0.8737926020000009,1.5991742780000004,nominal_90,random_forest,available_weather=672;climatology_fallback=72,0.7408988599528303,91.5145,67.80298871915329
2026-08-05 03:00:00,2026-08-05,4,18.2,0.24788960075314942,0.6490248699999998,0.3809848260415884,-0.221347,0.6490248699999998,-0.5385571500000007,1.83660689,nominal_90,random_forest,available_weather=672;climatology_fallback=72,0.7408988599528303,83.86333333333333,62.134248058510856
2026-08-05 04:00:00,2026-08-05,5,17.7,0.4714989129629087,0.5714415700000002,0.5780100099212595,-0.2773501999999993,0.5714415700000002,-0.5630392399999993,1.7059223799999996,nominal_90,random_forest,available_weather=672;climatology_fallback=72,0.7408988599528303,83.74,62.04287053245001
2026-08-05 05:00:00,2026-08-05,6,17.5,0.44922613941970835,0.41395218600000017,0.47939002409523923,-0.2860571999999995,0.41395218600000017,-1.095293834,1.9231982060000004,nominal_90,random_forest,available_weather=672;climatology_fallback=72,0.7408988599528303,79.10816666666666,58.61115049629183
2026-08-05 06:00:00,2026-08-05,7,17.6,0.3296768995042924,0.2509227305000001,0.2891704142403482,-0.23381960000000074,0.2509227305000001,-1.3831071594999984,1.8849526204999987,nominal_90,random_forest,available_weather=672;climatology_fallback=72,0.7408988599528303,61.86933333333333,45.838918532708306
2026-08-05 07:00:00,2026-08-05,8,19.8,0.1976566929191756,0.29285811499999986,0.24339326510760761,-0.0772394000000004,0.29285811499999986,-2.1016172975000007,2.6873335275000008,nominal_90,random_forest,available_weather=672;climatology_fallback=72,0.7408988599528303,57.118500000000004,42.319031532215746
2026-08-05 08:00:00,2026-08-05,9,21.5,0.14325377868116848,0.38103762499999966,0.29445214736766884,-0.9112680000000003,0.38103762499999966,-1.6817009049999985,2.443776154999998,nominal_90,random_forest,available_weather=672;climatology_fallback=72,0.7408988599528303,52.17933333333334,38.65960857976539
2026-08-05 09:00:00,2026-08-05,10,25.1,0.15542826702466525,0.3744599799999998,0.29445214736766884,-0.9982029999999991,0.3744599799999998,-2.2214396724999994,2.970359632499999,nominal_90,random_forest,available_weather=672;climatology_fallback=72,0.7408988599528303,42.06633333333333,31.166898409062412
2026-08-05 10:00:00,2026-08-05,11,28.4,0.14098196448551462,0.33605826499999997,0.27508318210366606,-0.5556273999999994,0.33605826499999997,-2.649026940000001,3.3211434700000013,nominal_90,random_forest,available_weather=672;climatology_fallback=72,0.7408988599528303,37.932,28.103775555730763
2026-08-05 11:00:00,2026-08-05,12,30.7,0.10496098665784054,0.6938222824999998,0.26884132006987627,-0.35108360000000016,0.6938222824999998,-1.7442987475000011,3.1319433125000007,nominal_90,random_forest,available_weather=672;climatology_fallback=72,0.7408988599528303,34.75566666666667,25.750433810233922
2026-08-05 12:00:00,2026-08-05,13,31.9,0.38060781853594994,0.3372796154999999,0.3893317717057057,0.19729500000000044,0.3372796154999999,-1.7168739044999999,2.3914331355,nominal_90,random_forest,available_weather=672;climatology_fallback=72,0.7408988599528303,29.455166666666667,21.823299403053944
2026-08-05 13:00:00,2026-08-05,14,32.4,0.23995054227719842,0.1713888339999999,0.013869578295088229,0.47044659999999916,0.1713888339999999,-2.216273155999999,2.559050823999999,nominal_90,random_forest,available_weather=672;climatology_fallback=72,0.7408988599528303,33.6455,24.927912592542953
2026-08-05 14:00:00,2026-08-05,15,33.7,0.09600728760903202,-0.053206302500000045,-0.10869293131091946,0.5956765999999997,-0.053206302500000045,-2.1652715524999997,2.0588589474999996,nominal_90,random_forest,available_weather=672;climatology_fallback=72,0.7408988599528303,32.3995,24.004752613041727
2026-08-05 15:00:00,2026-08-05,16,33.5,-0.09337610792730319,-0.08120675149999988,-0.11242535273102082,0.44775540000000014,-0.08120675149999988,-2.0633939214999995,1.9009804184999997,nominal_90,random_forest,available_weather=672;climatology_fallback=72,0.7408988599528303,42.68333333333333,31.624033005653306
2026-08-05 16:00:00,2026-08-05,17,33.2,-0.16571837010463322,0.04062574900000004,-0.09309399168507833,0.08620300000000092,0.04062574900000004,-2.3063857909999985,2.387637288999999,nominal_90,random_forest,available_weather=672;climatology_fallback=72,0.7408988599528303,67.2505,49.825818781257816
2026-08-05 17:00:00,2026-08-05,18,32.5,-0.11357203824285703,0.1066722135,-0.09565696292286772,-0.5246611999999999,0.1066722135,-2.0931984765000005,2.3065429035000005,nominal_90,random_forest,available_weather=672;climatology_fallback=72,0.7408988599528303,82.6125,61.20750706785319
2026-08-05 18:00:00,2026-08-05,19,31.2,-0.028723944974579252,0.17687638050000004,-0.11637406253174956,-0.7546250000000002,0.17687638050000004,-1.5935343294999993,1.9472870904999993,nominal_90,random_forest,available_weather=672;climatology_fallback=72,0.7408988599528303,126.61999999999999,93.81261364722737
2026-08-05 19:00:00,2026-08-05,20,29.4,0.00721399232531067,0.2531982035,0.26823145048541264,-1.5181676000000024,0.2531982035,-1.5519611365000023,2.0583575435000023,nominal_90,random_forest,available_weather=672;climatology_fallback=72,0.7408988599528303,127.72533333333334,94.63155385376191
2026-08-05 20:00:00,2026-08-05,21,27.8,0.08193294930805478,0.45307510199999995,0.45486214579439804,-1.3305661999999998,0.45307510199999995,-1.1811550579999996,2.0873052619999997,nominal_90,random_forest,available_weather=672;climatology_fallback=72,0.7408988599528303,135.485,100.38068204070923
2026-08-05 21:00:00,2026-08-05,22,26.4,0.2564028098220398,0.44499225100000006,0.396103627854786,-0.6943870000000008,0.44499225100000006,-1.0705363590000019,1.9605208610000022,nominal_90,random_forest,available_weather=672;climatology_fallback=72,0.7408988599528303,129.78883333333334,96.16039865127458
2026-08-05 22:00:00,2026-08-05,23,25.1,0.2634185772556388,0.42154904349999994,0.3676458590501571,-0.8718849999999989,0.42154904349999994,-1.1672189714999983,2.0103170584999983,nominal_90,random_forest,available_weather=672;climatology_fallback=72,0.7408988599528303,114.98150000000001,85.18966226566637
2026-08-05 23:00:00,2026-08-05,24,23.4,0.2232367335485308,0.6936442599999996,0.3708341328288858,-0.6594549999999995,0.6936442599999996,-0.7056640100000006,2.09295253,nominal_90,random_forest,available_weather=672;climatology_fallback=72,0.7408988599528303,104.29433333333333,77.27155266620713
2026-08-06 00:00:00,2026-08-06,1,22.0,0.4217106387623717,0.6193334625,0.5484988670863671,-0.7937570000000003,0.6193334625,-0.6098530475000006,1.8485199725000006,nominal_90,random_forest,available_weather=672;climatology_fallback=72,0.7408988599528303,100.29383333333334,74.30758677696585
2026-08-06 01:00:00,2026-08-06,2,21.0,0.4133755234423683,0.5632331885,0.5679298323588987,-0.7513019999999999,0.5632331885,-0.7042152114999986,1.8306815884999987,nominal_90,random_forest,available_weather=672;climatology_fallback=72,0.7408988599528303,97.15716666666667,71.98363401958046
2026-08-06 02:00:00,2026-08-06,3,19.7,0.36290184030633876,0.37673696050000005,0.47939002409523923,-0.4852539999999994,0.37673696050000005,-0.8597464795000006,1.6132204005000008,nominal_90,random_forest,available_weather=672;climatology_fallback=72,0.7408988599528303,91.5145,67.80298871915329
2026-08-06 03:00:00,2026-08-06,4,19.4,0.28430015353349974,0.29882775949999985,0.2891704142403482,-0.4752470000000007,0.29882775949999985,-0.8887542605000006,1.4864097795000002,nominal_90,random_forest,available_weather=672;climatology_fallback=72,0.7408988599528303,83.86333333333333,62.134248058510856
2026-08-06 04:00:00,2026-08-06,5,18.6,0.21466151794792326,0.3791493974999999,0.2993211074530508,-0.6257692,0.3791493974999999,-0.7553314124999996,1.5136302074999994,nominal_90,random_forest,available_weather=672;climatology_fallback=72,0.7408988599528303,83.74,62.04287053245001
2026-08-06 05:00:00,2026-08-06,6,18.3,0.2194706908136661,0.3328691809999998,0.2975518424865001,-0.6187661999999999,0.3328691809999998,-1.1763768390000005,1.842115201,nominal_90,random_forest,available_weather=672;climatology_fallback=72,0.7408988599528303,79.10816666666666,58.61115049629183
2026-08-06 06:00:00,2026-08-06,7,18.4,0.20570492180959574,0.3776619134999998,0.34411092873182353,-0.15465659999999953,0.3776619134999998,-1.2563679764999987,2.0116918034999984,nominal_90,random_forest,available_weather=672;climatology_fallback=72,0.7408988599528303,61.86933333333333,45.838918532708306
2026-08-06 07:00:00,2026-08-06,8,20.5,0.22019214578248783,0.5506280424999997,0.4162133135108333,0.3102665999999997,0.5506280424999997,-1.843847370000001,2.9451034550000004,nominal_90,random_forest,available_weather=672;climatology_fallback=72,0.7408988599528303,57.118500000000004,42.319031532215746
2026-08-06 08:00:00,2026-08-06,9,22.4,0.3745045561160436,0.31583658400000014,0.423928054458621,1.0356920000000005,0.31583658400000014,-1.746901945999998,2.3785751139999984,nominal_90,random_forest,available_weather=672;climatology_fallback=72,0.7408988599528303,52.17933333333334,38.65960857976539
2026-08-06 09:00:00,2026-08-06,10,25.8,0.231328379188724,0.2562311595,0.30368119598779203,1.3469299999999989,0.2562311595,-2.339668492999999,2.852130811999999,nominal_90,random_forest,available_weather=672;climatology_fallback=72,0.7408988599528303,42.06633333333333,31.166898409062412
2026-08-06 10:00:00,2026-08-06,11,28.9,0.13277372545183444,0.2211887904999999,0.14485413698397043,0.9777835999999998,0.2211887904999999,-2.7638964145000013,3.206273995500001,nominal_90,random_forest,available_weather=672;climatology_fallback=72,0.7408988599528303,37.932,28.103775555730763
2026-08-06 11:00:00,2026-08-06,12,31.2,0.0654090734166812,0.04065565549999986,-0.08193105799744721,0.5745224000000009,0.04065565549999986,-2.397465374500001,2.4787766855000006,nominal_90,random_forest,available_weather=672;climatology_fallback=72,0.7408988599528303,34.75566666666667,25.750433810233922
2026-08-06 12:00:00,2026-08-06,13,32.5,-0.07110808007106112,0.02003248750000001,-0.1533452254608553,0.23464099999999988,0.02003248750000001,-2.0341210325,2.0741860075,nominal_90,random_forest,available_weather=672;climatology_fallback=72,0.7408988599528303,29.455166666666667,21.823299403053944
2026-08-06 13:00:00,2026-08-06,14,32.6,-0.12647719739077137,0.02381626349999993,-0.15986209949006883,-0.2039944000000007,0.02381626349999993,-2.363845726499999,2.411478253499999,nominal_90,random_forest,available_weather=672;climatology_fallback=72,0.7408988599528303,33.6455,24.927912592542953
2026-08-06 14:00:00,2026-08-06,15,34.1,-0.1827783917740103,0.06737234199999992,-0.041575392374353454,-0.05337039999999982,0.06737234199999992,-2.0446929079999996,2.1794375919999998,nominal_90,random_forest,available_weather=672;climatology_fallback=72,0.7408988599528303,32.3995,24.004752613041727
2026-08-06 15:00:00,2026-08-06,16,34.1,-0.14035701381090107,0.03276579149999991,-0.12962404407750022,0.19116140000000037,0.03276579149999991,-1.9494213784999996,2.0149529614999993,nominal_90,random_forest,available_weather=672;climatology_fallback=72,0.7408988599528303,42.68333333333333,31.624033005653306
2026-08-06 16:00:00,2026-08-06,17,33.6,-0.1450253383691065,0.05624772099999989,-0.07772333959962992,0.024697999999998776,0.05624772099999989,-2.2907638189999986,2.4032592609999988,nominal_90,random_forest,available_weather=672;climatology_fallback=72,0.7408988599528303,67.2505,49.825818781257816
2026-08-06 17:00:00,2026-08-06,18,32.6,-0.14107222277277062,0.09808032099999987,-0.0728543795142479,-0.6246251999999999,0.09808032099999987,-2.1017903690000006,2.2979510110000003,nominal_90,random_forest,available_weather=672;climatology_fallback=72,0.7408988599528303,82.6125,61.20750706785319
2026-08-06 18:00:00,2026-08-06,19,31.7,-0.09743164714313438,0.05816659349999991,-0.0728543795142479,-0.6934999999999997,0.05816659349999991,-1.7122441164999993,1.8285773034999993,nominal_90,random_forest,available_weather=672;climatology_fallback=72,0.7408988599528303,126.61999999999999,93.81261364722737
2026-08-06 19:00:00,2026-08-06,20,30.4,-0.11510013952014261,0.12386316099999992,0.08585012538979801,-1.0020236,0.12386316099999992,-1.6812961790000025,1.9290225010000022,nominal_90,random_forest,available_weather=672;climatology_fallback=72,0.7408988599528303,127.72533333333334,94.63155385376191
2026-08-06 20:00:00,2026-08-06,21,28.8,-0.043210420958851414,0.23630640549999987,0.21989341164385323,-0.7141082000000002,0.23630640549999987,-1.3979237544999996,1.8705365654999995,nominal_90,random_forest,available_weather=672;climatology_fallback=72,0.7408988599528303,135.485,100.38068204070923
2026-08-06 21:00:00,2026-08-06,22,27.5,0.0641599419434219,0.2537141430000001,0.15998665380478008,-0.4626280000000005,0.2537141430000001,-1.261814467000002,1.769242753000002,nominal_90,random_forest,available_weather=672;climatology_fallback=72,0.7408988599528303,129.78883333333334,96.16039865127458
2026-08-06 22:00:00,2026-08-06,23,25.5,0.09830940937802843,0.30038630600000016,0.2627730069404333,-0.3218329999999998,0.30038630600000016,-1.288381708999998,1.8891543209999986,nominal_90,random_forest,available_weather=672;climatology_fallback=72,0.7408988599528303,114.98150000000001,85.18966226566637
2026-08-06 23:00:00,2026-08-06,24,23.9,0.14603504701497522,0.8131847124999997,0.3809848260415884,-0.2633039999999989,0.8131847124999997,-0.5861235575000004,2.2124929824999997,nominal_90,random_forest,available_weather=672;climatology_fallback=72,0.7408988599528303,104.29433333333333,77.27155266620713
2026-08-07 00:00:00,2026-08-07,1,22.4,0.5559499277306957,0.6162954125000003,0.566646621941676,-0.4349191569999998,0.6162954125000003,-0.6128910975000003,1.8454819225000008,nominal_90,random_forest,available_weather=672;climatology_fallback=72,0.7408988599528303,100.29383333333334,74.30758677696585
2026-08-07 01:00:00,2026-08-07,2,21.7,0.4808448581474988,0.5494451974999999,0.5521464085133181,-0.3666860614999999,0.5494451974999999,-0.7180032024999987,1.8168935974999985,nominal_90,random_forest,available_weather=672;climatology_fallback=72,0.7408988599528303,97.15716666666667,71.98363401958046
2026-08-07 02:00:00,2026-08-07,3,21.3,0.3600603622921382,0.35024582650000013,0.41871683698164214,-0.31731604649999995,0.35024582650000013,-0.8862376135000005,1.5867292665000008,nominal_90,random_forest,available_weather=672;climatology_fallback=72,0.7408988599528303,91.5145,67.80298871915329
2026-08-07 03:00:00,2026-08-07,4,20.6,0.2331494861920102,0.30278917699999996,0.2891704142403482,-0.282696796,0.30278917699999996,-0.8847928430000005,1.4903711970000004,nominal_90,random_forest,available_weather=672;climatology_fallback=72,0.7408988599528303,83.86333333333333,62.134248058510856
2026-08-07 04:00:00,2026-08-07,5,19.0,0.20274573199449492,0.3664788885,0.2993211074530508,-0.27611484100000006,0.3664788885,-0.7680019214999995,1.5009596984999996,nominal_90,random_forest,available_weather=672;climatology_fallback=72,0.7408988599528303,83.74,62.04287053245001
2026-08-07 05:00:00,2026-08-07,6,18.5,0.2110152607535857,0.5743795919999998,0.3809848260415884,-0.23115994249999985,0.5743795919999998,-0.9348664280000004,2.083625612,nominal_90,random_forest,available_weather=672;climatology_fallback=72,0.7408988599528303,79.10816666666666,58.61115049629183
2026-08-07 06:00:00,2026-08-07,7,18.6,0.38756598160633693,0.5003833029999999,0.4894702016576,-0.21054944349999993,0.5003833029999999,-1.1336465869999985,2.1344131929999985,nominal_90,random_forest,available_weather=672;climatology_fallback=72,0.7408988599528303,61.86933333333333,45.838918532708306
2026-08-07 07:00:00,2026-08-07,8,20.6,0.3496210327445639,0.3520884025000002,0.41871683698164214,-0.23033452649999994,0.3520884025000002,-2.0423870100000006,2.746563815000001,nominal_90,random_forest,available_weather=672;climatology_fallback=72,0.7408988599528303,57.118500000000004,42.319031532215746
2026-08-07 08:00:00,2026-08-07,9,22.2,0.22451286884604155,0.4132024925,0.2843014541549662,-0.19022769500000006,0.4132024925,-1.649536037499998,2.475941022499998,nominal_90,random_forest,available_weather=672;climatology_fallback=72,0.7408988599528303,52.17933333333334,38.65960857976539
2026-08-07 09:00:00,2026-08-07,10,25.7,0.1965624878978374,0.39322165249999996,0.31383188920049465,-0.0685950790000001,0.39322165249999996,-2.2026779999999992,2.989121304999999,nominal_90,random_forest,available_weather=672;climatology_fallback=72,0.7408988599528303,42.06633333333333,31.166898409062412
2026-08-07 10:00:00,2026-08-07,11,28.0,0.16615556712543003,0.6337954384999999,0.38064478938537,0.17336616300000018,0.6337954384999999,-2.351289766500001,3.618880643500001,nominal_90,random_forest,available_weather=672;climatology_fallback=72,0.7408988599528303,37.932,28.103775555730763
2026-08-07 11:00:00,2026-08-07,12,28.5,0.33850337226830984,0.3092444009999997,0.5603161198098827,0.25072594849999996,0.3092444009999997,-2.1288766290000014,2.7473654310000004,nominal_90,random_forest,available_weather=672;climatology_fallback=72,0.7408988599528303,34.75566666666667,25.750433810233922
2026-08-07 12:00:00,2026-08-07,13,31.2,0.15845091005902195,0.22840056499999992,0.036169876169882265,0.28581956849999995,0.22840056499999992,-1.825752955,2.2825540849999997,nominal_90,random_forest,available_weather=672;climatology_fallback=72,0.7408988599528303,29.455166666666667,21.823299403053944
2026-08-07 13:00:00,2026-08-07,14,32.3,0.07588168141104298,0.16926206749999995,-0.09594521687647702,0.20021072750000005,0.16926206749999995,-2.218399922499999,2.556924057499999,nominal_90,random_forest,available_weather=672;climatology_fallback=72,0.7408988599528303,33.6455,24.927912592542953
2026-08-07 14:00:00,2026-08-07,15,32.4,-0.011003484676223946,-0.004007686500000178,-0.01123174935842983,0.02582896599999984,-0.004007686500000178,-2.1160729364999997,2.1080575634999996,nominal_90,random_forest,available_weather=672;climatology_fallback=72,0.7408988599528303,32.3995,24.004752613041727
2026-08-07 15:00:00,2026-08-07,16,32.1,-0.10407462217915078,0.007506280499999939,-0.10392854123548126,-0.0480450635,0.007506280499999939,-1.9746808894999996,1.9896934504999995,nominal_90,random_forest,available_weather=672;climatology_fallback=72,0.7408988599528303,42.68333333333333,31.624033005653306
2026-08-07 16:00:00,2026-08-07,17,30.4,-0.09888422693593166,0.06789437899999998,0.005950953619081617,0.012386995500000044,0.06789437899999998,-2.2791171609999985,2.414905918999999,nominal_90,random_forest,available_weather=672;climatology_fallback=72,0.7408988599528303,67.2505,49.825818781257816
2026-08-07 17:00:00,2026-08-07,18,30.6,-0.08455478597106661,0.1501190699999999,0.07080143848229101,-0.14247868099999997,0.1501190699999999,-2.0497516200000003,2.3499897600000006,nominal_90,random_forest,available_weather=672;climatology_fallback=72,0.7408988599528303,82.6125,61.20750706785319
2026-08-07 18:00:00,2026-08-07,19,30.2,-0.018038331670538976,0.0588391599999999,0.10579048465351122,-0.1258909204999998,0.0588391599999999,-1.7115715499999993,1.8292498699999993,nominal_90,random_forest,available_weather=672;climatology_fallback=72,0.7408988599528303,126.61999999999999,93.81261364722737
2026-08-07 19:00:00,2026-08-07,20,28.9,-0.057726974602274245,0.07447473599999997,0.038837892628781436,-0.17824666449999996,0.07447473599999997,-1.7306846040000023,1.8796340760000023,nominal_90,random_forest,available_weather=672;climatology_fallback=72,0.7408988599528303,127.72533333333334,94.63155385376191
2026-08-07 20:00:00,2026-08-07,21,26.0,-0.02352598726390595,0.12850362799999993,0.10830596610937512,-0.15897346999999998,0.12850362799999993,-1.5057265319999997,1.7627337879999994,nominal_90,random_forest,available_weather=672;climatology_fallback=72,0.7408988599528303,135.485,100.38068204070923
2026-08-07 21:00:00,2026-08-07,22,25.3,0.012092147297953743,0.31803028999999994,0.2529687150957533,0.01206065450000011,0.31803028999999994,-1.197498320000002,1.833558900000002,nominal_90,random_forest,available_weather=672;climatology_fallback=72,0.7408988599528303,129.78883333333334,96.16039865127458
2026-08-07 22:00:00,2026-08-07,23,24.1,0.1724498458194014,0.40371449300000023,0.2993211074530508,0.06977718100000004,0.40371449300000023,-1.185053521999998,1.9924825079999986,nominal_90,random_forest,available_weather=672;climatology_fallback=72,0.7408988599528303,114.98150000000001,85.18966226566637
2026-08-07 23:00:00,2026-08-07,24,23.0,0.29422799592198895,0.3680861275000001,0.3350373901505204,0.13006615399999993,0.3680861275000001,-1.0312221425,1.7673943975000002,nominal_90,random_forest,available_weather=672;climatology_fallback=72,0.7408988599528303,104.29433333333333,77.27155266620713
2026-08-08 00:00:00,2026-08-08,1,22.1,0.3030179565844381,0.2473791070000001,0.260660754359084,0.1681227799999998,0.2473791070000001,-0.9818074030000005,1.4765656170000008,nominal_90,random_forest,available_weather=672;climatology_fallback=72,0.7408988599528303,100.29383333333334,74.30758677696585
2026-08-08 01:00:00,2026-08-08,2,21.5,0.23084027196756277,0.24588221799999987,0.24339326510760761,0.18517554599999975,0.24588221799999987,-1.0215661819999986,1.5133306179999986,nominal_90,random_forest,available_weather=672;climatology_fallback=72,0.7408988599528303,97.15716666666667,71.98363401958046
2026-08-08 02:00:00,2026-08-08,3,19.8,0.21520218868975738,0.24212196699999983,0.24339326510760761,0.3163397824999999,0.24212196699999983,-0.9943614730000008,1.4786054070000005,nominal_90,random_forest,available_weather=672;climatology_fallback=72,0.7408988599528303,91.5145,67.80298871915329
2026-08-08 03:00:00,2026-08-08,4,19.3,0.18823991374665405,0.3546052109999999,0.29452558809977564,0.26066221650000015,0.3546052109999999,-0.8329768090000005,1.5421872310000004,nominal_90,random_forest,available_weather=672;climatology_fallback=72,0.7408988599528303,83.86333333333333,62.134248058510856
2026-08-08 04:00:00,2026-08-08,5,18.9,0.2839936693949935,0.27444517949999964,0.2993211074530508,0.24369522399999993,0.27444517949999964,-0.8600356304999999,1.408925989499999,nominal_90,random_forest,available_weather=672;climatology_fallback=72,0.7408988599528303,83.74,62.04287053245001
2026-08-08 05:00:00,2026-08-08,6,18.4,0.28476833103550175,0.2823494234999998,0.2993211074530508,0.7046573300000002,0.2823494234999998,-1.2268965965000005,1.7915954434999999,nominal_90,random_forest,available_weather=672;climatology_fallback=72,0.7408988599528303,79.10816666666666,58.61115049629183
2026-08-08 06:00:00,2026-08-08,7,18.3,0.277326222988867,0.22278569200000004,0.2248012908711031,0.7787088425000002,0.22278569200000004,-1.4112441979999986,1.8568155819999985,nominal_90,random_forest,available_weather=672;climatology_fallback=72,0.7408988599528303,61.86933333333333,45.838918532708306
2026-08-08 07:00:00,2026-08-08,8,20.4,0.20507136861120032,0.2441417469999999,0.23048794206095088,0.6816363535000002,0.2441417469999999,-2.1503336655000007,2.6386171595000008,nominal_90,random_forest,available_weather=672;climatology_fallback=72,0.7408988599528303,57.118500000000004,42.319031532215746
2026-08-08 08:00:00,2026-08-08,9,21.9,0.2023128520415622,0.5780701470000001,0.2896566280143937,0.6436145405000003,0.5780701470000001,-1.484668382999998,2.640808676999998,nominal_90,random_forest,available_weather=672;climatology_fallback=72,0.7408988599528303,52.17933333333334,38.65960857976539
2026-08-08 09:00:00,2026-08-08,10,25.7,0.418684928752872,0.29938399700000007,0.5039809834050438,0.5210633330000001,0.29938399700000007,-2.296515655499999,2.895283649499999,nominal_90,random_forest,available_weather=672;climatology_fallback=72,0.7408988599528303,42.06633333333333,31.166898409062412
2026-08-08 10:00:00,2026-08-08,11,27.9,0.2760990855208546,0.1637693479999999,0.26493248889096344,0.2626608620000004,0.1637693479999999,-2.8213158570000014,3.148854553000001,nominal_90,random_forest,available_weather=672;climatology_fallback=72,0.7408988599528303,37.932,28.103775555730763
2026-08-08 11:00:00,2026-08-08,12,28.8,0.1416518881933258,0.1277235469999999,0.12658655543937508,0.21103133400000007,0.1277235469999999,-2.310397483000001,2.565844577000001,nominal_90,random_forest,available_weather=672;climatology_fallback=72,0.7408988599528303,34.75566666666667,25.750433810233922
2026-08-08 12:00:00,2026-08-08,13,29.3,0.059764080902609984,0.1282811019999999,0.12681327881663118,0.09596588249999989,0.1282811019999999,-1.925872418,2.1824346219999997,nominal_90,random_forest,available_weather=672;climatology_fallback=72,0.7408988599528303,29.455166666666667,21.823299403053944
2026-08-08 13:00:00,2026-08-08,14,29.9,0.029329505816779372,0.12218645049999992,0.19532661647275207,0.05613787799999986,0.12218645049999992,-2.265475539499999,2.509848440499999,nominal_90,random_forest,available_weather=672;climatology_fallback=72,0.7408988599528303,33.6455,24.927912592542953
2026-08-08 14:00:00,2026-08-08,15,31.4,-0.0056183292585399724,-0.014416472000000074,-0.01787929578000453,0.0287864824999998,-0.014416472000000074,-2.126481722,2.0976487779999995,nominal_90,random_forest,available_weather=672;climatology_fallback=72,0.7408988599528303,32.3995,24.004752613041727
2026-08-08 15:00:00,2026-08-08,16,31.0,-0.0555715508636859,0.03022386449999992,-0.0653991461863198,-0.009531151500000124,0.03022386449999992,-1.9519633054999996,2.0124110344999995,nominal_90,random_forest,available_weather=672;climatology_fallback=72,0.7408988599528303,42.68333333333333,31.624033005653306
2026-08-08 16:00:00,2026-08-08,17,30.6,-0.03767106118315702,0.08666758999999996,0.005950953619081617,-0.0036263710000001715,0.08666758999999996,-2.260343949999999,2.4336791299999985,nominal_90,random_forest,available_weather=672;climatology_fallback=72,0.7408988599528303,67.2505,49.825818781257816
2026-08-08 17:00:00,2026-08-08,18,29.5,0.014349022805040218,0.10116326049999992,0.038837892628781436,-0.03638177950000017,0.10116326049999992,-2.0987074295000006,2.3010339505000004,nominal_90,random_forest,available_weather=672;climatology_fallback=72,0.7408988599528303,82.6125,61.20750706785319
2026-08-08 18:00:00,2026-08-08,19,28.2,0.02988741866538122,0.012377280499999794,0.18816930708836815,-0.0666321035,0.012377280499999794,-1.7580334294999995,1.782787990499999,nominal_90,random_forest,available_weather=672;climatology_fallback=72,0.7408988599528303,126.61999999999999,93.81261364722737
2026-08-08 19:00:00,2026-08-08,20,26.6,-0.006855998957606746,-0.014547072500000077,0.13522115337406126,-0.1280902365,-0.014547072500000077,-1.8197064125000024,1.7906122675000022,nominal_90,random_forest,available_weather=672;climatology_fallback=72,0.7408988599528303,127.72533333333334,94.63155385376191
2026-08-08 20:00:00,2026-08-08,21,25.6,-0.021540337689828853,0.16088372499999998,0.15188780249986233,-0.08228064099999977,0.16088372499999998,-1.4733464349999996,1.7951138849999995,nominal_90,random_forest,available_weather=672;climatology_fallback=72,0.7408988599528303,135.485,100.38068204070923
2026-08-08 21:00:00,2026-08-08,22,24.7,0.11171919546621294,0.27220038750000003,0.1666079046343404,0.044943794000000155,0.27220038750000003,-1.243328222500002,1.7877289975000021,nominal_90,random_forest,available_weather=672;climatology_fallback=72,0.7408988599528303,129.78883333333334,96.16039865127458
2026-08-08 22:00:00,2026-08-08,23,23.9,0.22505707959949567,0.4456283650000002,0.2993211074530508,0.1349094075,0.4456283650000002,-1.1431396499999982,2.0343963799999987,nominal_90,random_forest,available_weather=672;climatology_fallback=72,0.7408988599528303,114.98150000000001,85.18966226566637
2026-08-08 23:00:00,2026-08-08,24,23.1,0.3429418595441961,0.35166303600000004,0.3676458590501571,0.22134421649999986,0.35166303600000004,-1.047645234,1.7509713060000003,nominal_90,random_forest,available_weather=672;climatology_fallback=72,0.7408988599528303,104.29433333333333,77.27155266620713
2026-08-09 00:00:00,2026-08-09,1,22.2,0.2886480232043893,0.3314407065,0.24812560886182092,0.27398555750000003,0.3314407065,-0.8977458035000005,1.5606272165000006,nominal_90,random_forest,available_weather=672;climatology_fallback=72,0.7408988599528303,100.29383333333334,74.30758677696585
2026-08-09 01:00:00,2026-08-09,2,21.0,0.2656380422352257,0.35638183199999984,0.3073103236336858,0.39547470249999994,0.35638183199999984,-0.9110665679999987,1.6238302319999984,nominal_90,random_forest,available_weather=672;climatology_fallback=72,0.7408988599528303,97.15716666666667,71.98363401958046
2026-08-09 02:00:00,2026-08-09,3,20.0,0.267946761658229,0.6139131559999997,0.4466606608248816,0.3611384925,0.6139131559999997,-0.6225702840000009,1.8503965960000004,nominal_90,random_forest,available_weather=672;climatology_fallback=72,0.7408988599528303,91.5145,67.80298871915329
2026-08-09 03:00:00,2026-08-09,4,19.6,0.48273464894261986,0.4578874849999998,0.5859992261018945,0.36217668900000016,0.4578874849999998,-0.7296945350000006,1.6454695050000003,nominal_90,random_forest,available_weather=672;climatology_fallback=72,0.7408988599528303,83.86333333333333,62.134248058510856
2026-08-09 04:00:00,2026-08-09,5,18.9,0.4233326005554927,0.30277840000000006,0.36555489766843136,0.6748354029999996,0.30277840000000006,-0.8317024099999994,1.4372592099999995,nominal_90,random_forest,available_weather=672;climatology_fallback=72,0.7408988599528303,83.74,62.04287053245001
2026-08-09 05:00:00,2026-08-09,6,18.3,0.32668971915012157,0.44573384800000015,0.3271781147153958,0.6533604969999999,0.44573384800000015,-1.063512172,1.9549798680000003,nominal_90,random_forest,available_weather=672;climatology_fallback=72,0.7408988599528303,79.10816666666666,58.61115049629183
2026-08-09 06:00:00,2026-08-09,7,18.2,0.37551061533290464,0.3310961664999998,0.40565355952520477,0.6766839229999999,0.3310961664999998,-1.3029337234999987,1.9651260564999984,nominal_90,random_forest,available_weather=672;climatology_fallback=72,0.7408988599528303,61.86933333333333,45.838918532708306
2026-08-09 07:00:00,2026-08-09,8,20.4,0.30183763404285724,0.40638350199999995,0.3271781147153958,0.6868032855000002,0.40638350199999995,-1.9880919105000008,2.800858914500001,nominal_90,random_forest,available_weather=672;climatology_fallback=72,0.7408988599528303,57.118500000000004,42.319031532215746
2026-08-09 08:00:00,2026-08-09,9,22.8,0.3302713877016745,0.4505495094999999,0.30244136354830387,0.6971920345000006,0.4505495094999999,-1.6121890204999982,2.513288039499998,nominal_90,random_forest,available_weather=672;climatology_fallback=72,0.7408988599528303,52.17933333333334,38.65960857976539
2026-08-09 09:00:00,2026-08-09,10,25.4,0.32531584927234564,0.34402924850000005,0.390145856978236,0.7111795515000003,0.34402924850000005,-2.251870403999999,2.939928900999999,nominal_90,random_forest,available_weather=672;climatology_fallback=72,0.7408988599528303,42.06633333333333,31.166898409062412
2026-08-09 10:00:00,2026-08-09,11,27.1,0.24368106298798808,0.22286434950000014,0.27292170507159846,0.7004911239999998,0.22286434950000014,-2.762220855500001,3.207949554500001,nominal_90,random_forest,available_weather=672;climatology_fallback=72,0.7408988599528303,37.932,28.103775555730763
2026-08-09 11:00:00,2026-08-09,12,28.2,0.16777976626887856,0.09904934599999989,0.1631069099000331,0.6182369794999997,0.09904934599999989,-2.339071684000001,2.5371703760000006,nominal_90,random_forest,available_weather=672;climatology_fallback=72,0.7408988599528303,34.75566666666667,25.750433810233922
2026-08-09 12:00:00,2026-08-09,13,29.0,0.0772309199072592,0.06950619949999999,0.015622274695821909,0.49682977250000016,0.06950619949999999,-1.9846473205,2.1236597195,nominal_90,random_forest,available_weather=672;climatology_fallback=72,0.7408988599528303,29.455166666666667,21.823299403053944
2026-08-09 13:00:00,2026-08-09,14,29.8,0.02410648374129981,0.06411149349999996,0.009105400666608386,0.331432012,0.06411149349999996,-2.323550496499999,2.451773483499999,nominal_90,random_forest,available_weather=672;climatology_fallback=72,0.7408988599528303,33.6455,24.927912592542953
2026-08-09 14:00:00,2026-08-09,15,31.2,-0.025949944263229247,-0.0025775095000001853,-0.0021569122139715666,0.268041274,-0.0025775095000001853,-2.1146427594999997,2.1094877404999997,nominal_90,random_forest,available_weather=672;climatology_fallback=72,0.7408988599528303,32.3995,24.004752613041727
2026-08-09 15:00:00,2026-08-09,16,31.1,-0.04729186623674639,-0.07313219600000012,-0.02395070750299061,0.3897059820000001,-0.07313219600000012,-2.0553193659999995,1.9090549739999993,nominal_90,random_forest,available_weather=672;climatology_fallback=72,0.7408988599528303,42.68333333333333,31.624033005653306
2026-08-09 16:00:00,2026-08-09,17,30.8,-0.08067702182950429,-0.018229004499999958,-0.005247848508717623,0.3823041575000002,-0.018229004499999958,-2.3652405444999984,2.328782535499999,nominal_90,random_forest,available_weather=672;climatology_fallback=72,0.7408988599528303,67.2505,49.825818781257816
2026-08-09 17:00:00,2026-08-09,18,30.2,-0.05800118350422742,-0.05295145450000003,0.13894363660847353,0.4186148125000001,-0.05295145450000003,-2.2528221445000005,2.1469192355000004,nominal_90,random_forest,available_weather=672;climatology_fallback=72,0.7408988599528303,82.6125,61.20750706785319
2026-08-09 18:00:00,2026-08-09,19,29.1,-0.06425362106459101,-0.09988887699999995,0.1251274333197299,0.6859159399999999,-0.09988887699999995,-1.8702995869999992,1.6705218329999993,nominal_90,random_forest,available_weather=672;climatology_fallback=72,0.7408988599528303,126.61999999999999,93.81261364722737
2026-08-09 19:00:00,2026-08-09,20,27.6,-0.08930297344819535,-0.10804073949999987,0.026347544761921884,0.5030336474999999,-0.10804073949999987,-1.9132000795000021,1.6971186005000025,nominal_90,random_forest,available_weather=672;climatology_fallback=72,0.7408988599528303,127.72533333333334,94.63155385376191
2026-08-09 20:00:00,2026-08-09,21,25.8,-0.08335827015063615,0.0758395250000002,0.14045597095088252,0.31367342899999995,0.0758395250000002,-1.5583906349999994,1.7100696849999997,nominal_90,random_forest,available_weather=672;climatology_fallback=72,0.7408988599528303,135.485,100.38068204070923
2026-08-09 21:00:00,2026-08-09,22,25.0,0.06597194069708348,0.15454836250000004,0.10764452879024548,0.5322678265000002,0.15454836250000004,-1.360980247500002,1.6700769725000022,nominal_90,random_forest,available_weather=672;climatology_fallback=72,0.7408988599528303,129.78883333333334,96.16039865127458
2026-08-09 22:00:00,2026-08-09,23,24.1,0.1516215899307004,0.2041330675000001,0.17459712081497544,0.3040121215000001,0.2041330675000001,-1.3846349474999982,1.7929010824999985,nominal_90,random_forest,available_weather=672;climatology_fallback=72,0.7408988599528303,114.98150000000001,85.18966226566637
2026-08-09 23:00:00,2026-08-09,24,23.3,0.16410141659988803,0.208229925,0.1873448352494179,0.4548791629999998,0.208229925,-1.1910783450000002,1.607538195,nominal_90,random_forest,available_weather=672;climatology_fallback=72,0.7408988599528303,104.29433333333333,77.27155266620713
2026-08-10 00:00:00,2026-08-10,1,22.3,0.061146217227733404,0.261243875,0.22227324045303348,0.4018350344999999,0.261243875,-0.9679426350000006,1.4904303850000007,nominal_90,random_forest,available_weather=672;climatology_fallback=72,0.7408988599528303,100.29383333333334,74.30758677696585
2026-08-10 01:00:00,2026-08-10,2,21.3,0.09641666305887067,0.5656271474999999,0.3809848260415884,0.2996460245000001,0.5656271474999999,-0.7018212524999987,1.8330755474999985,nominal_90,random_forest,available_weather=672;climatology_fallback=72,0.7408988599528303,97.15716666666667,71.98363401958046
2026-08-10 02:00:00,2026-08-10,3,19.2,0.3792719212734451,0.39152493249999987,0.4894702016576,0.3253898999999999,0.39152493249999987,-0.8449585075000008,1.6280083725000005,nominal_90,random_forest,available_weather=672;climatology_fallback=72,0.7408988599528303,91.5145,67.80298871915329
2026-08-10 03:00:00,2026-08-10,4,19.0,0.28237201789809097,0.3584527,0.2891704142403482,0.23438511199999998,0.3584527,-0.8291293200000005,1.5460347200000004,nominal_90,random_forest,available_weather=672;climatology_fallback=72,0.7408988599528303,83.86333333333333,62.134248058510856
2026-08-10 04:00:00,2026-08-10,5,18.7,0.2171129426340469,0.3868719509999999,0.2993211074530508,0.24548365749999984,0.3868719509999999,-0.7476088589999996,1.5213527609999993,nominal_90,random_forest,available_weather=672;climatology_fallback=72,0.7408988599528303,83.74,62.04287053245001
2026-08-10 05:00:00,2026-08-10,6,18.3,0.21742161838408275,0.5375308459999997,0.3809848260415884,0.20903989799999995,0.5375308459999997,-0.9717151740000005,2.046776866,nominal_90,random_forest,available_weather=672;climatology_fallback=72,0.7408988599528303,79.10816666666666,58.61115049629183
2026-08-10 06:00:00,2026-08-10,7,18.2,0.338677724851807,0.36894837799999997,0.42879701454400293,0.31436307099999994,0.36894837799999997,-1.2650815119999985,2.0029782679999983,nominal_90,random_forest,available_weather=672;climatology_fallback=72,0.7408988599528303,61.86933333333333,45.838918532708306
2026-08-10 07:00:00,2026-08-10,8,20.1,0.24046899000194452,0.2839255425,0.2891704142403482,0.27124958750000006,0.2839255425,-2.1105498700000007,2.6784009550000007,nominal_90,random_forest,available_weather=672;climatology_fallback=72,0.7408988599528303,57.118500000000004,42.319031532215746
2026-08-10 08:00:00,2026-08-10,9,22.0,0.17733106701327933,0.43856824599999983,0.29445214736766884,0.58487276,0.43856824599999983,-1.6241702839999983,2.501306775999998,nominal_90,random_forest,available_weather=672;climatology_fallback=72,0.7408988599528303,52.17933333333334,38.65960857976539
2026-08-10 09:00:00,2026-08-10,10,25.1,0.21300088760134278,0.3693393434999999,0.36277689896477516,0.7565809614999999,0.3693393434999999,-2.226560308999999,2.965238995999999,nominal_90,random_forest,available_weather=672;climatology_fallback=72,0.7408988599528303,42.06633333333333,31.166898409062412
2026-08-10 10:00:00,2026-08-10,11,27.6,0.15765141318981102,0.2138375120000001,0.26493248889096344,0.6539112260000003,0.2138375120000001,-2.771247693000001,3.198922717000001,nominal_90,random_forest,available_weather=672;climatology_fallback=72,0.7408988599528303,37.932,28.103775555730763
2026-08-10 11:00:00,2026-08-10,12,29.6,0.0382747137925932,0.043681654499999896,0.08081649094514555,0.5183943964999999,0.043681654499999896,-2.394439375500001,2.4818026845000007,nominal_90,random_forest,available_weather=672;climatology_fallback=72,0.7408988599528303,34.75566666666667,25.750433810233922
2026-08-10 12:00:00,2026-08-10,13,31.0,-0.0850785534419248,-0.0011601775000000519,-0.08536570058149924,0.3040706350000002,-0.0011601775000000519,-2.0553136975,2.0529933424999998,nominal_90,random_forest,available_weather=672;climatology_fallback=72,0.7408988599528303,29.455166666666667,21.823299403053944
2026-08-10 13:00:00,2026-08-10,14,32.1,-0.15585627245828484,-0.04542284800000004,-0.15986209949006883,0.25283980850000004,-0.04542284800000004,-2.4330848379999988,2.342239141999999,nominal_90,random_forest,available_weather=672;climatology_fallback=72,0.7408988599528303,33.6455,24.927912592542953
2026-08-10 14:00:00,2026-08-10,15,33.7,-0.231469918961254,0.021101993999999933,-0.05322193037600512,0.17218215199999995,0.021101993999999933,-2.0909632559999998,2.1331672439999996,nominal_90,random_forest,available_weather=672;climatology_fallback=72,0.7408988599528303,32.3995,24.004752613041727
2026-08-10 15:00:00,2026-08-10,16,33.9,-0.20916773647139983,0.0637117854999999,-0.05834845938034143,-0.025264047499999984,0.0637117854999999,-1.9184753844999998,2.0458989554999993,nominal_90,random_forest,available_weather=672;climatology_fallback=72,0.7408988599528303,42.68333333333333,31.624033005653306
2026-08-10 16:00:00,2026-08-10,17,34.2,-0.16682733469766234,0.09587826949999988,-0.10949705585458332,-0.059834549000000035,0.09587826949999988,-2.2511332704999987,2.4428898094999987,nominal_90,random_forest,available_weather=672;climatology_fallback=72,0.7408988599528303,67.2505,49.825818781257816
2026-08-10 17:00:00,2026-08-10,18,34.0,-0.147330491072705,0.0459441574999998,-0.029597884083866877,-0.005486021999999926,0.0459441574999998,-2.1539265325000008,2.2458148475,nominal_90,random_forest,available_weather=672;climatology_fallback=72,0.7408988599528303,82.6125,61.20750706785319
2026-08-10 18:00:00,2026-08-10,19,32.8,-0.1673998229208015,0.05120062149999983,-0.02062675123753334,0.0755593805,0.05120062149999983,-1.7192100884999995,1.821611331499999,nominal_90,random_forest,available_weather=672;climatology_fallback=72,0.7408988599528303,126.61999999999999,93.81261364722737
2026-08-10 19:00:00,2026-08-10,20,31.0,-0.15369640390546754,0.09499662149999978,0.04735277364182269,0.07089291000000002,0.09499662149999978,-1.7101627185000026,1.900155961500002,nominal_90,random_forest,available_weather=672;climatology_fallback=72,0.7408988599528303,127.72533333333334,94.63155385376191
2026-08-10 20:00:00,2026-08-10,21,29.0,-0.09468645510849935,0.11533482849999993,0.11386810431411583,0.07755667599999988,0.11533482849999993,-1.5188953314999996,1.7495649884999995,nominal_90,random_forest,available_weather=672;climatology_fallback=72,0.7408988599528303,135.485,100.38068204070923
2026-08-10 21:00:00,2026-08-10,22,27.4,-0.05624202698473804,0.15833816999999997,0.22226915105567202,0.16704877249999991,0.15833816999999997,-1.357190440000002,1.673866780000002,nominal_90,random_forest,available_weather=672;climatology_fallback=72,0.7408988599528303,129.78883333333334,96.16039865127458
2026-08-10 22:00:00,2026-08-10,23,25.9,-0.01617009248925172,0.310724675,0.27234845692857906,0.16744567,0.310724675,-1.2780433399999982,1.8994926899999984,nominal_90,random_forest,available_weather=672;climatology_fallback=72,0.7408988599528303,114.98150000000001,85.18966226566637
2026-08-10 23:00:00,2026-08-10,24,24.7,0.10944124551173284,0.43827466499999984,0.2993211074530508,0.19417025249999997,0.43827466499999984,-0.9610336050000003,1.837582935,nominal_90,random_forest,available_weather=672;climatology_fallback=72,0.7408988599528303,104.29433333333333,77.27155266620713
2026-08-11 00:00:00,2026-08-11,1,23.4,0.23763202469027744,0.3442586259999999,0.31861183749099486,0.2863683249999999,0.3442586259999999,-0.8849278840000007,1.5734451360000006,nominal_90,random_forest,available_weather=672;climatology_fallback=72,0.7408988599528303,100.29383333333334,74.30758677696585
2026-08-11 01:00:00,2026-08-11,2,22.4,0.19773626683627143,0.3416005739999999,0.2891704142403482,0.2888338815,0.3416005739999999,-0.9258478259999987,1.6090489739999985,nominal_90,random_forest,available_weather=672;climatology_fallback=72,0.7408988599528303,97.15716666666667,71.98363401958046
2026-08-11 02:00:00,2026-08-11,3,20.5,0.18625802652500587,0.3353453524999999,0.2993211074530508,0.3055683365,0.3353453524999999,-0.9011380875000008,1.5718287925000005,nominal_90,random_forest,available_weather=672;climatology_fallback=72,0.7408988599528303,91.5145,67.80298871915329
2026-08-11 03:00:00,2026-08-11,4,20.1,0.17684661923744632,0.5445309484999997,0.3809848260415884,0.6933466195,0.5445309484999997,-0.6430510715000007,1.7321129685,nominal_90,random_forest,available_weather=672;climatology_fallback=72,0.7408988599528303,83.86333333333333,62.134248058510856
2026-08-11 04:00:00,2026-08-11,5,19.7,0.34370951344018263,0.3488464035000001,0.42879701454400293,0.6327082225000001,0.3488464035000001,-0.7856344064999994,1.4833272134999995,nominal_90,random_forest,available_weather=672;climatology_fallback=72,0.7408988599528303,83.74,62.04287053245001
2026-08-11 05:00:00,2026-08-11,6,19.3,0.26433278707431673,0.30559421749999993,0.2891704142403482,0.5099184950000001,0.30559421749999993,-1.2036518025000003,1.8148402375000001,nominal_90,random_forest,available_weather=672;climatology_fallback=72,0.7408988599528303,79.10816666666666,58.61115049629183
2026-08-11 06:00:00,2026-08-11,7,19.2,0.20559677593852654,0.36434998249999995,0.2993211074530508,0.39404350349999995,0.36434998249999995,-1.2696799074999987,1.9983798724999984,nominal_90,random_forest,available_weather=672;climatology_fallback=72,0.7408988599528303,61.86933333333333,45.838918532708306
2026-08-11 07:00:00,2026-08-11,8,21.4,0.1743941574333543,0.6881783149999998,0.4162133135108333,0.25691010500000006,0.6881783149999998,-1.706297097500001,3.0826537275000003,nominal_90,random_forest,available_weather=672;climatology_fallback=72,0.7408988599528303,57.118500000000004,42.319031532215746
2026-08-11 08:00:00,2026-08-11,9,23.1,0.4345984381518371,0.5574585139999999,0.5768805047145668,0.28487652350000003,0.5574585139999999,-1.5052800159999982,2.620197043999998,nominal_90,random_forest,available_weather=672;climatology_fallback=72,0.7408988599528303,52.17933333333334,38.65960857976539
2026-08-11 09:00:00,2026-08-11,10,26.4,0.34236767665824164,0.2847580780000001,0.38964578233859876,0.23216151750000008,0.2847580780000001,-2.311141574499999,2.8806577304999994,nominal_90,random_forest,available_weather=672;climatology_fallback=72,0.7408988599528303,42.06633333333333,31.166898409062412
2026-08-11 10:00:00,2026-08-11,11,29.3,0.13543469373567166,0.18705485299999997,0.17484786227113042,0.2483731815,0.18705485299999997,-2.7980303520000014,3.172140058000001,nominal_90,random_forest,available_weather=672;climatology_fallback=72,0.7408988599528303,37.932,28.103775555730763
2026-08-11 11:00:00,2026-08-11,12,30.9,0.020524602974823225,0.056374511999999904,0.13335230906147907,0.3637330095000001,0.056374511999999904,-2.381746518000001,2.494495542000001,nominal_90,random_forest,available_weather=672;climatology_fallback=72,0.7408988599528303,34.75566666666667,25.750433810233922
2026-08-11 12:00:00,2026-08-11,13,32.0,-0.10322438633603856,-0.03755195449999997,-0.1533452254608553,0.2923963600000001,-0.03755195449999997,-2.0917054745,2.0166015655,nominal_90,random_forest,available_weather=672;climatology_fallback=72,0.7408988599528303,29.455166666666667,21.823299403053944
2026-08-11 13:00:00,2026-08-11,14,32.8,-0.17364454086848827,-0.11888315199999995,-0.13890878115541386,0.5254532280000003,-0.11888315199999995,-2.506545141999999,2.268778837999999,nominal_90,random_forest,available_weather=672;climatology_fallback=72,0.7408988599528303,33.6455,24.927912592542953
2026-08-11 14:00:00,2026-08-11,15,34.2,-0.2527773929051723,-0.09556521149999994,-0.21478108031515034,0.40466392150000013,-0.09556521149999994,-2.2076304614999995,2.0165000385,nominal_90,random_forest,available_weather=672;climatology_fallback=72,0.7408988599528303,32.3995,24.004752613041727
2026-08-11 15:00:00,2026-08-11,16,34.1,-0.25971149577707486,-0.08453786449999995,-0.1776159278345832,0.2601412225000001,-0.08453786449999995,-2.0667250344999997,1.8976493054999997,nominal_90,random_forest,available_weather=672;climatology_fallback=72,0.7408988599528303,42.68333333333333,31.624033005653306
2026-08-11 16:00:00,2026-08-11,17,33.9,-0.2525796103695055,0.01133453250000017,-0.047513909829938514,0.2424442734999999,0.01133453250000017,-2.3356770074999984,2.358346072499999,nominal_90,random_forest,available_weather=672;climatology_fallback=72,0.7408988599528303,67.2505,49.825818781257816
2026-08-11 17:00:00,2026-08-11,18,33.3,-0.170140407163377,-0.066002116,-0.06620683309267313,0.487276205,-0.066002116,-2.2658728060000004,2.1338685740000005,nominal_90,random_forest,available_weather=672;climatology_fallback=72,0.7408988599528303,82.6125,61.20750706785319
2026-08-11 18:00:00,2026-08-11,19,32.3,-0.19266950936573465,-0.0971794754999999,-0.045253514758018164,0.7136935320000002,-0.0971794754999999,-1.8675901854999992,1.6732312344999993,nominal_90,random_forest,available_weather=672;climatology_fallback=72,0.7408988599528303,126.61999999999999,93.81261364722737
2026-08-11 19:00:00,2026-08-11,20,30.3,-0.1969708527981849,-0.09112714749999991,-0.030370502493377756,0.7807691635000008,-0.09112714749999991,-1.8962864875000023,1.7140321925000024,nominal_90,random_forest,available_weather=672;climatology_fallback=72,0.7408988599528303,127.72533333333334,94.63155385376191
2026-08-11 20:00:00,2026-08-11,21,27.6,-0.1815960722644717,-0.08603413049999985,0.06530113278361771,0.8188569435000009,-0.08603413049999985,-1.7202642904999994,1.5481960294999997,nominal_90,random_forest,available_weather=672;climatology_fallback=72,0.7408988599528303,135.485,100.38068204070923
2026-08-11 21:00:00,2026-08-11,22,26.6,-0.1789354734469921,-0.04343286549999985,0.0871516743688537,0.7462136435000002,-0.04343286549999985,-1.5589614755000019,1.4720957445000022,nominal_90,random_forest,available_weather=672;climatology_fallback=72,0.7408988599528303,129.78883333333334,96.16039865127458
2026-08-11 22:00:00,2026-08-11,23,25.5,-0.13377126489562322,0.026769315000000026,0.15635117414586067,0.7195624845,0.026769315000000026,-1.5619986999999982,1.6155373299999984,nominal_90,random_forest,available_weather=672;climatology_fallback=72,0.7408988599528303,114.98150000000001,85.18966226566637
2026-08-11 23:00:00,2026-08-11,24,24.4,-0.06917565693891231,0.11227693000000002,0.09965531260961044,0.5890665845000002,0.11227693000000002,-1.2870313400000002,1.5115852,nominal_90,random_forest,available_weather=672;climatology_fallback=72,0.7408988599528303,104.29433333333333,77.27155266620713
2026-08-12 00:00:00,2026-08-12,1,23.3,-0.0066994617915466514,0.17222116499999993,0.11757388307517805,0.35318053050000026,0.17222116499999993,-1.0569653450000007,1.4014076750000004,nominal_90,random_forest,available_weather=672;climatology_fallback=72,0.7408988599528303,100.29383333333334,74.30758677696585
2026-08-12 01:00:00,2026-08-12,2,22.3,0.0425649636177359,0.17471190599999997,0.1666079046343404,0.3639885834999999,0.17471190599999997,-1.0927364939999986,1.4421603059999986,nominal_90,random_forest,available_weather=672;climatology_fallback=72,0.7408988599528303,97.15716666666667,71.98363401958046
2026-08-12 02:00:00,2026-08-12,3,20.8,0.05004805080795002,0.25739525950000003,0.21774022762650844,0.36269083799999974,0.25739525950000003,-0.9790881805000007,1.4938786995000006,nominal_90,random_forest,available_weather=672;climatology_fallback=72,0.7408988599528303,91.5145,67.80298871915329
2026-08-12 03:00:00,2026-08-12,4,20.4,0.12929982179289554,0.2317469079999999,0.24339326510760761,0.6490248699999998,0.2317469079999999,-0.9558351120000006,1.4193289280000003,nominal_90,random_forest,available_weather=672;climatology_fallback=72,0.7408988599528303,83.86333333333333,62.134248058510856
2026-08-12 04:00:00,2026-08-12,5,20.0,0.10907155768361712,0.28259507700000003,0.17758635410223209,0.5714415700000002,0.28259507700000003,-0.8518857329999994,1.4170758869999995,nominal_90,random_forest,available_weather=672;climatology_fallback=72,0.7408988599528303,83.74,62.04287053245001
2026-08-12 05:00:00,2026-08-12,6,19.2,0.13509928546152794,0.605683067,0.3809848260415884,0.41395218600000017,0.605683067,-0.9035629530000002,2.114929087,nominal_90,random_forest,available_weather=672;climatology_fallback=72,0.7408988599528303,79.10816666666666,58.61115049629183
2026-08-12 06:00:00,2026-08-12,7,18.9,0.40203905439291177,0.6582113474999999,0.5622265860756789,0.2509227305000001,0.6582113474999999,-0.9758185424999987,2.2922412374999985,nominal_90,random_forest,available_weather=672;climatology_fallback=72,0.7408988599528303,61.86933333333333,45.838918532708306
2026-08-12 07:00:00,2026-08-12,8,21.0,0.4783462516775574,0.561787569,0.5521464085133181,0.29285811499999986,0.561787569,-1.8326878435000007,2.956262981500001,nominal_90,random_forest,available_weather=672;climatology_fallback=72,0.7408988599528303,57.118500000000004,42.319031532215746
2026-08-12 08:00:00,2026-08-12,9,23.5,0.34536343727407404,0.29582812150000015,0.4745210640098573,0.38103762499999966,0.29582812150000015,-1.766910408499998,2.358566651499998,nominal_90,random_forest,available_weather=672;climatology_fallback=72,0.7408988599528303,52.17933333333334,38.65960857976539
2026-08-12 09:00:00,2026-08-12,10,26.4,0.16961136135751095,0.22797905000000004,0.2535553243592968,0.3744599799999998,0.22797905000000004,-2.367920602499999,2.823878702499999,nominal_90,random_forest,available_weather=672;climatology_fallback=72,0.7408988599528303,42.06633333333333,31.166898409062412
2026-08-12 10:00:00,2026-08-12,11,28.5,0.06813541044820473,0.10058073899999993,0.15511769371939804,0.33605826499999997,0.10058073899999993,-2.8845044660000014,3.085665944000001,nominal_90,random_forest,available_weather=672;climatology_fallback=72,0.7408988599528303,37.932,28.103775555730763
2026-08-12 11:00:00,2026-08-12,12,29.8,-0.04492938690679407,0.03669925699999992,0.0011161844859733496,0.6938222824999998,0.03669925699999992,-2.401421773000001,2.474820287000001,nominal_90,random_forest,available_weather=672;climatology_fallback=72,0.7408988599528303,34.75566666666667,25.750433810233922
2026-08-12 12:00:00,2026-08-12,13,30.6,-0.11750282860498482,0.05890535099999984,0.057586907719905114,0.3372796154999999,0.05890535099999984,-1.995248169,2.113058871,nominal_90,random_forest,available_weather=672;climatology_fallback=72,0.7408988599528303,29.455166666666667,21.823299403053944
2026-08-12 13:00:00,2026-08-12,14,31.1,-0.14016976362072261,0.09850972349999974,0.06482539518153069,0.1713888339999999,0.09850972349999974,-2.289152266499999,2.4861717134999988,nominal_90,random_forest,available_weather=672;climatology_fallback=72,0.7408988599528303,33.6455,24.927912592542953
2026-08-12 14:00:00,2026-08-12,15,32.3,-0.12615773536064837,0.08664816099999978,-0.03260425952801989,-0.053206302500000045,0.08664816099999978,-2.025417089,2.1987134109999995,nominal_90,random_forest,available_weather=672;climatology_fallback=72,0.7408988599528303,32.3995,24.004752613041727
2026-08-12 15:00:00,2026-08-12,16,31.0,-0.11015290838459987,0.09828278699999984,-0.04259656277769991,-0.08120675149999988,0.09828278699999984,-1.8839043829999997,2.0804699569999996,nominal_90,random_forest,available_weather=672;climatology_fallback=72,0.7408988599528303,42.68333333333333,31.624033005653306
2026-08-12 16:00:00,2026-08-12,17,30.4,-0.08831744003352668,0.10063084349999986,0.080981165304416,0.04062574900000004,0.10063084349999986,-2.246380696499999,2.4476423834999985,nominal_90,random_forest,available_weather=672;climatology_fallback=72,0.7408988599528303,67.2505,49.825818781257816
2026-08-12 17:00:00,2026-08-12,18,29.9,-0.08359457546373747,0.06311536349999984,0.11386810431411583,0.1066722135,0.06311536349999984,-2.1367553265000008,2.2629860535,nominal_90,random_forest,available_weather=672;climatology_fallback=72,0.7408988599528303,82.6125,61.20750706785319
2026-08-12 18:00:00,2026-08-12,19,28.7,-0.0902222478168341,-0.0004941745000000946,0.18816930708836815,0.17687638050000004,-0.0004941745000000946,-1.7709048844999993,1.7699165354999993,nominal_90,random_forest,available_weather=672;climatology_fallback=72,0.7408988599528303,126.61999999999999,93.81261364722737
2026-08-12 19:00:00,2026-08-12,20,27.1,-0.10679498109469712,-0.06881847450000003,0.11313909540303375,0.2531982035,-0.06881847450000003,-1.8739778145000023,1.7363408655000023,nominal_90,random_forest,available_weather=672;climatology_fallback=72,0.7408988599528303,127.72533333333334,94.63155385376191
2026-08-12 20:00:00,2026-08-12,21,25.9,-0.1380141893022939,0.09226332900000013,0.13807159921111867,0.45307510199999995,0.09226332900000013,-1.5419668309999994,1.7264934889999997,nominal_90,random_forest,available_weather=672;climatology_fallback=72,0.7408988599528303,135.485,100.38068204070923
2026-08-12 21:00:00,2026-08-12,22,25.2,-0.041297435263630694,0.1880954949999999,0.09965531260961044,0.44499225100000006,0.1880954949999999,-1.327433115000002,1.703624105000002,nominal_90,random_forest,available_weather=672;climatology_fallback=72,0.7408988599528303,129.78883333333334,96.16039865127458
2026-08-12 22:00:00,2026-08-12,23,24.3,0.05891133704625659,0.21371694500000005,0.17935561906878283,0.42154904349999994,0.21371694500000005,-1.3750510699999983,1.8024849599999984,nominal_90,random_forest,available_weather=672;climatology_fallback=72,0.7408988599528303,114.98150000000001,85.18966226566637
2026-08-12 23:00:00,2026-08-12,24,23.5,0.07906482198750793,0.1871742825,0.17935561906878283,0.6936442599999996,0.1871742825,-1.2121339875000001,1.5864825525000001,nominal_90,random_forest,available_weather=672;climatology_fallback=72,0.7408988599528303,104.29433333333333,77.27155266620713
2026-08-13 00:00:00,2026-08-13,1,23.9,0.04286068182498273,0.3081804225,0.22882534140277966,0.6193334625,0.3081804225,-0.9210060875000006,1.5373669325000006,nominal_90,random_forest,available_weather=672;climatology_fallback=72,0.7408988599528303,100.29383333333334,74.30758677696585
2026-08-13 01:00:00,2026-08-13,2,23.5,0.12347890147037499,0.37355459849999995,0.2993211074530508,0.5632331885,0.37355459849999995,-0.8938938014999986,1.6410029984999985,nominal_90,random_forest,available_weather=672;climatology_fallback=72,0.7408988599528303,97.15716666666667,71.98363401958046
2026-08-13 02:00:00,2026-08-13,3,22.7,0.19229886489336762,0.37605247749999987,0.2993211074530508,0.37673696050000005,0.37605247749999987,-0.8604309625000008,1.6125359175000005,nominal_90,random_forest,available_weather=672;climatology_fallback=72,0.7408988599528303,91.5145,67.80298871915329
2026-08-13 03:00:00,2026-08-13,4,22.2,0.1818279870179368,1.0391061345000003,0.3706332310069568,0.29882775949999985,1.0391061345000003,-0.14847588550000013,2.2266881545000006,nominal_90,random_forest,available_weather=672;climatology_fallback=72,0.7408988599528303,83.86333333333333,62.134248058510856
2026-08-13 04:00:00,2026-08-13,5,21.8,0.7044682532903858,0.8375080224999999,0.8281865704146293,0.3791493974999999,0.8375080224999999,-0.29697278749999956,1.9719888324999992,nominal_90,random_forest,available_weather=672;climatology_fallback=72,0.7408988599528303,83.74,62.04287053245001
2026-08-13 05:00:00,2026-08-13,6,20.7,0.688197903245409,0.6869653954999998,0.6365715049748084,0.3328691809999998,0.6869653954999998,-0.8222806245000004,2.1962114155,nominal_90,random_forest,available_weather=672;climatology_fallback=72,0.7408988599528303,79.10816666666666,58.61115049629183
2026-08-13 06:00:00,2026-08-13,7,20.5,0.5280846580097219,0.6994150814999999,0.5874527110831687,0.3776619134999998,0.6994150814999999,-0.9346148084999987,2.3334449714999983,nominal_90,random_forest,available_weather=672;climatology_fallback=72,0.7408988599528303,61.86933333333333,45.838918532708306
2026-08-13 07:00:00,2026-08-13,8,21.1,0.48698542316936977,0.6120315259999998,0.5874527110831687,0.5506280424999997,0.6120315259999998,-1.782443886500001,3.0065069385000003,nominal_90,random_forest,available_weather=672;climatology_fallback=72,0.7408988599528303,57.118500000000004,42.319031532215746
2026-08-13 08:00:00,2026-08-13,9,22.3,0.39164251163048835,0.5486840045000002,0.5965200947762107,0.31583658400000014,0.5486840045000002,-1.514054525499998,2.611422534499998,nominal_90,random_forest,available_weather=672;climatology_fallback=72,0.7408988599528303,52.17933333333334,38.65960857976539
2026-08-13 09:00:00,2026-08-13,10,24.0,0.33349059055263663,0.21836143300000008,0.4138478768962602,0.2562311595,0.21836143300000008,-2.377538219499999,2.814261085499999,nominal_90,random_forest,available_weather=672;climatology_fallback=72,0.7408988599528303,42.06633333333333,31.166898409062412
2026-08-13 10:00:00,2026-08-13,11,25.7,0.14827966337431744,0.20303250899999994,0.16793228375794345,0.2211887904999999,0.20303250899999994,-2.7820526960000014,3.188117714000001,nominal_90,random_forest,available_weather=672;climatology_fallback=72,0.7408988599528303,37.932,28.103775555730763
2026-08-13 11:00:00,2026-08-13,12,27.1,0.07654277546948726,0.08972348849999989,0.15511769371939804,0.04065565549999986,0.08972348849999989,-2.348397541500001,2.5278445185000007,nominal_90,random_forest,available_weather=672;climatology_fallback=72,0.7408988599528303,34.75566666666667,25.750433810233922
2026-08-13 12:00:00,2026-08-13,13,28.4,-0.03760936610971752,0.1094495869999999,0.12672154700709198,0.02003248750000001,0.1094495869999999,-1.944703933,2.1636031069999997,nominal_90,random_forest,available_weather=672;climatology_fallback=72,0.7408988599528303,29.455166666666667,21.823299403053944
2026-08-13 13:00:00,2026-08-13,14,29.3,-0.04220031732466267,0.1316803824999999,0.14974653461761234,0.02381626349999993,0.1316803824999999,-2.255981607499999,2.519342372499999,nominal_90,random_forest,available_weather=672;climatology_fallback=72,0.7408988599528303,33.6455,24.927912592542953
2026-08-13 14:00:00,2026-08-13,15,29.9,-0.03844764590114133,0.08215344299999988,0.2247767463029467,0.06737234199999992,0.08215344299999988,-2.029911807,2.1942186929999994,nominal_90,random_forest,available_weather=672;climatology_fallback=72,0.7408988599528303,32.3995,24.004752613041727
2026-08-13 15:00:00,2026-08-13,16,30.1,-0.06326091875737713,0.08284073799999982,0.15782415427821678,0.03276579149999991,0.08284073799999982,-1.8993464319999998,2.0650279079999994,nominal_90,random_forest,available_weather=672;climatology_fallback=72,0.7408988599528303,42.68333333333333,31.624033005653306
2026-08-13 16:00:00,2026-08-13,17,29.9,-0.06301237880251312,0.11447748099999984,0.16122677250544826,0.05624772099999989,0.11447748099999984,-2.232534058999999,2.4614890209999984,nominal_90,random_forest,available_weather=672;climatology_fallback=72,0.7408988599528303,67.2505,49.825818781257816
2026-08-13 17:00:00,2026-08-13,18,29.0,-0.03821560597557097,0.10214889999999992,0.2624984544457548,0.09808032099999987,0.10214889999999992,-2.0977217900000005,2.3020195900000004,nominal_90,random_forest,available_weather=672;climatology_fallback=72,0.7408988599528303,82.6125,61.20750706785319
2026-08-13 18:00:00,2026-08-13,19,27.7,-0.036160076773835065,-0.009484727000000167,0.23295659280602105,0.05816659349999991,-0.009484727000000167,-1.7798954369999995,1.760925982999999,nominal_90,random_forest,available_weather=672;climatology_fallback=72,0.7408988599528303,126.61999999999999,93.81261364722737
2026-08-13 19:00:00,2026-08-13,20,26.1,-0.07823498403598914,0.05437984199999994,0.14654921658902004,0.12386316099999992,0.05437984199999994,-1.7507794980000024,1.8595391820000022,nominal_90,random_forest,available_weather=672;climatology_fallback=72,0.7408988599528303,127.72533333333334,94.63155385376191
2026-08-13 20:00:00,2026-08-13,21,24.0,-0.023402770833593822,0.13001794999999994,0.1772953463846894,0.23630640549999987,0.13001794999999994,-1.5042122099999995,1.7642481099999996,nominal_90,random_forest,available_weather=672;climatology_fallback=72,0.7408988599528303,135.485,100.38068204070923
2026-08-13 21:00:00,2026-08-13,22,22.8,0.04797291005323431,0.2278548239999999,0.21139519035199317,0.2537141430000001,0.2278548239999999,-1.2876737860000023,1.7433834340000018,nominal_90,random_forest,available_weather=672;climatology_fallback=72,0.7408988599528303,129.78883333333334,96.16039865127458
2026-08-13 22:00:00,2026-08-13,23,22.0,0.12434497738472916,0.29195185749999997,0.21508238436016863,0.30038630600000016,0.29195185749999997,-1.2968161574999983,1.8807198724999983,nominal_90,random_forest,available_weather=672;climatology_fallback=72,0.7408988599528303,114.98150000000001,85.18966226566637
2026-08-13 23:00:00,2026-08-13,24,21.2,0.18696255609059928,0.4963978354999999,0.2993211074530508,0.8131847124999997,0.4963978354999999,-0.9029104345000003,1.8957061055,nominal_90,random_forest,available_weather=672;climatology_fallback=72,0.7408988599528303,104.29433333333333,77.27155266620713
2026-08-14 00:00:00,2026-08-14,1,20.1,0.3513490512168284,0.36205791800000015,0.3797629929848407,0.6162954125000003,0.36205791800000015,-0.8671285920000005,1.5912444280000007,nominal_90,random_forest,available_weather=672;climatology_fallback=72,0.7408988599528303,100.29383333333334,74.30758677696585
2026-08-14 01:00:00,2026-08-14,2,19.3,0.28708556781166195,0.3746611259999999,0.2891704142403482,0.5494451974999999,0.3746611259999999,-0.8927872739999987,1.6421095259999985,nominal_90,random_forest,available_weather=672;climatology_fallback=72,0.7408988599528303,97.15716666666667,71.98363401958046
2026-08-14 02:00:00,2026-08-14,3,18.6,0.2636031932744425,0.37913371949999974,0.2993211074530508,0.35024582650000013,0.37913371949999974,-0.8573497205000009,1.6156171595000004,nominal_90,random_forest,available_weather=672;climatology_fallback=72,0.7408988599528303,91.5145,67.80298871915329
2026-08-14 03:00:00,2026-08-14,4,18.0,0.29730033190071226,0.5105690709999995,0.416701108739058,0.30278917699999996,0.5105690709999995,-0.677012949000001,1.698151091,nominal_90,random_forest,available_weather=672;climatology_fallback=72,0.7408988599528303,83.86333333333333,62.134248058510856
2026-08-14 04:00:00,2026-08-14,5,17.4,0.393793803200124,0.35644661450000004,0.46451329724147256,0.3664788885,0.35644661450000004,-0.7780341954999994,1.4909274244999995,nominal_90,random_forest,available_weather=672;climatology_fallback=72,0.7408988599528303,83.74,62.04287053245001
2026-08-14 05:00:00,2026-08-14,6,16.8,0.32407911538100387,0.2750487909999998,0.2891704142403482,0.5743795919999998,0.2750487909999998,-1.2341972290000003,1.784294811,nominal_90,random_forest,available_weather=672;climatology_fallback=72,0.7408988599528303,79.10816666666666,58.61115049629183
2026-08-14 06:00:00,2026-08-14,7,16.4,0.27450543147416295,0.28056164899999997,0.2993211074530508,0.5003833029999999,0.28056164899999997,-1.3534682409999985,1.9145915389999986,nominal_90,random_forest,available_weather=672;climatology_fallback=72,0.7408988599528303,61.86933333333333,45.838918532708306
2026-08-14 07:00:00,2026-08-14,8,17.9,0.22115409340273848,0.33045939499999993,0.2975518424865001,0.3520884025000002,0.33045939499999993,-2.0640160175000006,2.724934807500001,nominal_90,random_forest,available_weather=672;climatology_fallback=72,0.7408988599528303,57.118500000000004,42.319031532215746
2026-08-14 08:00:00,2026-08-14,9,20.1,0.22533190413982104,0.4787177919999999,0.37611586595620644,0.4132024925,0.4787177919999999,-1.5840207379999982,2.541456321999998,nominal_90,random_forest,available_weather=672;climatology_fallback=72,0.7408988599528303,52.17933333333334,38.65960857976539
2026-08-14 09:00:00,2026-08-14,10,21.8,0.3091273042800876,0.3367031035000001,0.423928054458621,0.39322165249999996,0.3367031035000001,-2.259196548999999,2.932602755999999,nominal_90,random_forest,available_weather=672;climatology_fallback=72,0.7408988599528303,42.06633333333333,31.166898409062412
2026-08-14 10:00:00,2026-08-14,11,23.7,0.22839720675397127,0.3301285270000001,0.2843014541549662,0.6337954384999999,0.3301285270000001,-2.654956678000001,3.3152137320000015,nominal_90,random_forest,available_weather=672;climatology_fallback=72,0.7408988599528303,37.932,28.103775555730763
2026-08-14 11:00:00,2026-08-14,12,25.3,0.1786825012766189,0.434321976,0.3301789126590547,0.3092444009999997,0.434321976,-2.003799054000001,2.872443006000001,nominal_90,random_forest,available_weather=672;climatology_fallback=72,0.7408988599528303,34.75566666666667,25.750433810233922
2026-08-14 12:00:00,2026-08-14,13,26.5,0.22895729819221794,0.3256008560000002,0.1671049993155834,0.22840056499999992,0.3256008560000002,-1.7285526639999995,2.379754376,nominal_90,random_forest,available_weather=672;climatology_fallback=72,0.7408988599528303,29.455166666666667,21.823299403053944
2026-08-14 13:00:00,2026-08-14,14,27.3,0.17637193107111837,0.3192704205000002,0.26493248889096344,0.16926206749999995,0.3192704205000002,-2.068391569499999,2.706932410499999,nominal_90,random_forest,available_weather=672;climatology_fallback=72,0.7408988599528303,33.6455,24.927912592542953
2026-08-14 14:00:00,2026-08-14,15,27.8,0.15163029149427637,0.30782431550000006,0.27508318210366606,-0.004007686500000178,0.30782431550000006,-1.8042409344999997,2.4198895654999997,nominal_90,random_forest,available_weather=672;climatology_fallback=72,0.7408988599528303,32.3995,24.004752613041727
2026-08-14 15:00:00,2026-08-14,16,28.4,0.12463033136631674,0.795669951,0.38064478938537,0.007506280499999939,0.795669951,-1.1865172189999995,2.7778571209999994,nominal_90,random_forest,available_weather=672;climatology_fallback=72,0.7408988599528303,42.68333333333333,31.624033005653306
2026-08-14 16:00:00,2026-08-14,17,28.5,0.5113694863972297,0.6255951624999999,0.6339976701902958,0.06789437899999998,0.6255951624999999,-1.7214163774999989,2.9726067024999985,nominal_90,random_forest,available_weather=672;climatology_fallback=72,0.7408988599528303,67.2505,49.825818781257816
2026-08-14 17:00:00,2026-08-14,18,28.0,0.46646498441009254,0.43175729799999985,0.5721742265447495,0.1501190699999999,0.43175729799999985,-1.7681133920000005,2.6316279880000004,nominal_90,random_forest,available_weather=672;climatology_fallback=72,0.7408988599528303,82.6125,61.20750706785319
2026-08-14 18:00:00,2026-08-14,19,27.0,0.3025250832184331,0.2845436770000001,0.23526307003952782,0.0588391599999999,0.2845436770000001,-1.4858670329999992,2.0549543869999995,nominal_90,random_forest,available_weather=672;climatology_fallback=72,0.7408988599528303,126.61999999999999,93.81261364722737
2026-08-14 19:00:00,2026-08-14,20,25.6,0.20434020290934338,0.44107239800000003,0.3861901898482529,0.07447473599999997,0.44107239800000003,-1.3640869420000024,2.2462317380000023,nominal_90,random_forest,available_weather=672;climatology_fallback=72,0.7408988599528303,127.72533333333334,94.63155385376191
2026-08-14 20:00:00,2026-08-14,21,23.4,0.2842401972217881,0.388127384,0.4004986071075832,0.12850362799999993,0.388127384,-1.2461027759999994,2.0223575439999997,nominal_90,random_forest,available_weather=672;climatology_fallback=72,0.7408988599528303,135.485,100.38068204070923
2026-08-14 21:00:00,2026-08-14,22,22.0,0.2917069908882384,0.4004803939999999,0.2891704142403482,0.31803028999999994,0.4004803939999999,-1.1150482160000021,1.916009004000002,nominal_90,random_forest,available_weather=672;climatology_fallback=72,0.7408988599528303,129.78883333333334,96.16039865127458
2026-08-14 22:00:00,2026-08-14,23,20.9,0.28599690556396173,0.5402257699999998,0.4162133135108333,0.40371449300000023,0.5402257699999998,-1.0485422449999984,2.1289937849999983,nominal_90,random_forest,available_weather=672;climatology_fallback=72,0.7408988599528303,114.98150000000001,85.18966226566637
2026-08-14 23:00:00,2026-08-14,24,19.9,0.4067226094077971,0.3415178315,0.42879701454400293,0.3680861275000001,0.3415178315,-1.0577904385,1.7408261015000002,nominal_90,random_forest,available_weather=672;climatology_fallback=72,0.7408988599528303,104.29433333333333,77.27155266620713
2026-08-15 00:00:00,2026-08-15,1,19.0,0.36100847524885366,0.2667668055,0.2401363926811859,0.2473791070000001,0.2667668055,-0.9624197045000006,1.4959533155000004,nominal_90,random_forest,available_weather=672;climatology_fallback=72,0.7408988599528303,100.29383333333334,74.30758677696585
2026-08-15 01:00:00,2026-08-15,2,18.5,0.30075035027812685,0.2900447624999999,0.2993211074530508,0.24588221799999987,0.2900447624999999,-0.9774036374999987,1.5574931624999984,nominal_90,random_forest,available_weather=672;climatology_fallback=72,0.7408988599528303,97.15716666666667,71.98363401958046
2026-08-15 02:00:00,2026-08-15,3,17.8,0.27555884899175853,0.9365280550000001,0.3659361391340814,0.24212196699999983,0.9365280550000001,-0.2999553850000005,2.173011495000001,nominal_90,random_forest,available_weather=672;climatology_fallback=72,0.7408988599528303,91.5145,67.80298871915329
2026-08-15 03:00:00,2026-08-15,4,16.9,0.8030664147231064,0.6584042929999998,0.6519597024560174,0.3546052109999999,0.6584042929999998,-0.5291777270000007,1.8459863130000003,nominal_90,random_forest,available_weather=672;climatology_fallback=72,0.7408988599528303,83.86333333333333,62.134248058510856
2026-08-15 04:00:00,2026-08-15,5,16.3,0.6885702059647728,0.49831562650000016,0.5892357559576158,0.27444517949999964,0.49831562650000016,-0.6361651834999993,1.6327964364999996,nominal_90,random_forest,available_weather=672;climatology_fallback=72,0.7408988599528303,83.74,62.04287053245001
2026-08-15 05:00:00,2026-08-15,6,15.9,0.5216713241947789,0.3164315650000001,0.4029334131360616,0.2823494234999998,0.3164315650000001,-1.1928144550000002,1.8256775850000002,nominal_90,random_forest,available_weather=672;climatology_fallback=72,0.7408988599528303,79.10816666666666,58.61115049629183
2026-08-15 06:00:00,2026-08-15,7,15.6,0.3840198708477886,0.30270327699999994,0.2891704142403482,0.22278569200000004,0.30270327699999994,-1.3313266129999985,1.9367331669999985,nominal_90,random_forest,available_weather=672;climatology_fallback=72,0.7408988599528303,61.86933333333333,45.838918532708306
2026-08-15 07:00:00,2026-08-15,8,17.3,0.3236438570831012,0.34550205900000003,0.2993211074530508,0.2441417469999999,0.34550205900000003,-2.0489733535000005,2.739977471500001,nominal_90,random_forest,available_weather=672;climatology_fallback=72,0.7408988599528303,57.118500000000004,42.319031532215746
2026-08-15 08:00:00,2026-08-15,9,20.4,0.3113775036021269,0.5235220469999997,0.37611586595620644,0.5780701470000001,0.5235220469999997,-1.5392164829999984,2.586260576999998,nominal_90,random_forest,available_weather=672;climatology_fallback=72,0.7408988599528303,52.17933333333334,38.65960857976539
2026-08-15 09:00:00,2026-08-15,10,22.1,0.42461563779162004,0.29485408000000013,0.423928054458621,0.29938399700000007,0.29485408000000013,-2.3010455724999987,2.8907537324999995,nominal_90,random_forest,available_weather=672;climatology_fallback=72,0.7408988599528303,42.06633333333333,31.166898409062412
2026-08-15 10:00:00,2026-08-15,11,23.5,0.2969233283833208,0.27458322499999976,0.2843014541549662,0.1637693479999999,0.27458322499999976,-2.7105019800000014,3.259668430000001,nominal_90,random_forest,available_weather=672;climatology_fallback=72,0.7408988599528303,37.932,28.103775555730763
2026-08-15 11:00:00,2026-08-15,12,24.9,0.26030691366432035,0.39109806849999984,0.29445214736766884,0.1277235469999999,0.39109806849999984,-2.047022961500001,2.8292190985000008,nominal_90,random_forest,available_weather=672;climatology_fallback=72,0.7408988599528303,34.75566666666667,25.750433810233922
2026-08-15 12:00:00,2026-08-15,13,26.2,0.291286388271025,0.39344289500000007,0.27022289160121293,0.1282811019999999,0.39344289500000007,-1.6607106249999997,2.447596415,nominal_90,random_forest,available_weather=672;climatology_fallback=72,0.7408988599528303,29.455166666666667,21.823299403053944
2026-08-15 13:00:00,2026-08-15,14,27.2,0.3049009273705462,0.3430025655000003,0.27508318210366606,0.12218645049999992,0.3430025655000003,-2.0446594244999985,2.7306645554999993,nominal_90,random_forest,available_weather=672;climatology_fallback=72,0.7408988599528303,33.6455,24.927912592542953
2026-08-15 14:00:00,2026-08-15,15,27.8,0.25512768673756925,0.5927349105,0.3454163019161251,-0.014416472000000074,0.5927349105,-1.5193303394999997,2.7048001604999996,nominal_90,random_forest,available_weather=672;climatology_fallback=72,0.7408988599528303,32.3995,24.004752613041727
2026-08-15 15:00:00,2026-08-15,16,28.1,0.47161620627983125,0.31234153100000006,0.5074925942436929,0.03022386449999992,0.31234153100000006,-1.6698456389999996,2.2945287009999995,nominal_90,random_forest,available_weather=672;climatology_fallback=72,0.7408988599528303,42.68333333333333,31.624033005653306
2026-08-15 16:00:00,2026-08-15,17,28.1,0.32943416647317825,0.27507150549999987,0.29778523694838954,0.08666758999999996,0.27507150549999987,-2.071940034499999,2.6220830454999984,nominal_90,random_forest,available_weather=672;climatology_fallback=72,0.7408988599528303,67.2505,49.825818781257816
2026-08-15 17:00:00,2026-08-15,18,27.6,0.2671174165892666,0.282748797,0.3128048902464741,0.10116326049999992,0.282748797,-1.9171218930000005,2.4826194870000005,nominal_90,random_forest,available_weather=672;climatology_fallback=72,0.7408988599528303,82.6125,61.20750706785319
2026-08-15 18:00:00,2026-08-15,19,26.8,0.21057916982858538,0.7016549194999999,0.44271609828789726,0.012377280499999794,0.7016549194999999,-1.0687557904999994,2.4720656294999994,nominal_90,random_forest,available_weather=672;climatology_fallback=72,0.7408988599528303,126.61999999999999,93.81261364722737
2026-08-15 19:00:00,2026-08-15,20,25.4,0.5606187484247196,0.6769335910000001,0.6339819546902007,-0.014547072500000077,0.6769335910000001,-1.1282257490000023,2.482092931000002,nominal_90,random_forest,available_weather=672;climatology_fallback=72,0.7408988599528303,127.72533333333334,94.63155385376191
2026-08-15 20:00:00,2026-08-15,21,22.5,0.6248580572491497,0.577975742,0.6045220352950141,0.16088372499999998,0.577975742,-1.0562544179999995,2.2122059019999996,nominal_90,random_forest,available_weather=672;climatology_fallback=72,0.7408988599528303,135.485,100.38068204070923
2026-08-15 21:00:00,2026-08-15,22,20.2,0.5288042964297128,0.2900983565000002,0.47939002409523923,0.27220038750000003,0.2900983565000002,-1.225430253500002,1.8056269665000022,nominal_90,random_forest,available_weather=672;climatology_fallback=72,0.7408988599528303,129.78883333333334,96.16039865127458
2026-08-15 22:00:00,2026-08-15,23,18.8,0.4072328700338437,0.3364189994999998,0.27338699039476766,0.4456283650000002,0.3364189994999998,-1.2523490154999986,1.925187014499998,nominal_90,random_forest,available_weather=672;climatology_fallback=72,0.7408988599528303,114.98150000000001,85.18966226566637
2026-08-15 23:00:00,2026-08-15,24,17.8,0.369304258267141,0.35981746250000013,0.2993211074530508,0.35166303600000004,0.35981746250000013,-1.0394908075,1.7591257325000003,nominal_90,random_forest,available_weather=672;climatology_fallback=72,0.7408988599528303,104.29433333333333,77.27155266620713
2026-08-16 00:00:00,2026-08-16,1,17.0,0.3527426514365373,0.5735275799999998,0.4097695726974655,0.3314407065,0.5735275799999998,-0.6556589300000008,1.8027140900000003,nominal_90,random_forest,available_weather=672;climatology_fallback=72,0.7408988599528303,100.29383333333334,74.30758677696585
2026-08-16 01:00:00,2026-08-16,2,16.4,0.5180477257813495,0.42190233199999994,0.49745941783823505,0.35638183199999984,0.42190233199999994,-0.8455460679999987,1.6893507319999985,nominal_90,random_forest,available_weather=672;climatology_fallback=72,0.7408988599528303,97.15716666666667,71.98363401958046
2026-08-16 02:00:00,2026-08-16,3,15.8,0.5018228976616298,0.30927361449999996,0.3328759131184528,0.6139131559999997,0.30927361449999996,-0.9272098255000008,1.5457570545000006,nominal_90,random_forest,available_weather=672;climatology_fallback=72,0.7408988599528303,91.5145,67.80298871915329
2026-08-16 03:00:00,2026-08-16,4,15.3,0.3977593993947727,0.4456548904999997,0.3073103236336858,0.4578874849999998,0.4456548904999997,-0.7419271295000007,1.6332369105000002,nominal_90,random_forest,available_weather=672;climatology_fallback=72,0.7408988599528303,83.86333333333333,62.134248058510856
2026-08-16 04:00:00,2026-08-16,5,14.7,0.4376381452015986,0.33135713399999994,0.37563507523079215,0.30277840000000006,0.33135713399999994,-0.8031236759999996,1.4658379439999993,nominal_90,random_forest,available_weather=672;climatology_fallback=72,0.7408988599528303,83.74,62.04287053245001
2026-08-16 05:00:00,2026-08-16,6,14.2,0.38473969357124604,0.33792341999999986,0.3271781147153958,0.44573384800000015,0.33792341999999986,-1.1713226000000003,1.84716944,nominal_90,random_forest,available_weather=672;climatology_fallback=72,0.7408988599528303,79.10816666666666,58.61115049629183
2026-08-16 06:00:00,2026-08-16,7,13.8,0.3762213033831705,0.34926269149999994,0.3373288079280985,0.3310961664999998,0.34926269149999994,-1.2847671984999987,1.9832925814999984,nominal_90,random_forest,available_weather=672;climatology_fallback=72,0.7408988599528303,61.86933333333333,45.838918532708306
2026-08-16 07:00:00,2026-08-16,8,15.5,0.3579449864358999,0.6910042444999996,0.4414506576500493,0.40638350199999995,0.6910042444999996,-1.703471168000001,3.0854796570000005,nominal_90,random_forest,available_weather=672;climatology_fallback=72,0.7408988599528303,57.118500000000004,42.319031532215746
2026-08-16 08:00:00,2026-08-16,9,19.9,0.5960955385169238,0.5649156199999998,0.5848697208952017,0.4505495094999999,0.5649156199999998,-1.4978229099999982,2.627654149999998,nominal_90,random_forest,available_weather=672;climatology_fallback=72,0.7408988599528303,52.17933333333334,38.65960857976539
2026-08-16 09:00:00,2026-08-16,10,22.1,0.5150493827383895,0.28293731750000023,0.4825102801904923,0.34402924850000005,0.28293731750000023,-2.312962334999999,2.878836969999999,nominal_90,random_forest,available_weather=672;climatology_fallback=72,0.7408988599528303,42.06633333333333,31.166898409062412
2026-08-16 10:00:00,2026-08-16,11,24.3,0.31561805985621916,0.39526335299999993,0.27650724649002073,0.22286434950000014,0.39526335299999993,-2.5898218520000014,3.380348558000001,nominal_90,random_forest,available_weather=672;climatology_fallback=72,0.7408988599528303,37.932,28.103775555730763
2026-08-16 11:00:00,2026-08-16,12,26.2,0.32032472109550736,0.41157861350000013,0.27169523375263444,0.09904934599999989,0.41157861350000013,-2.0265424165000008,2.849699643500001,nominal_90,random_forest,available_weather=672;climatology_fallback=72,0.7408988599528303,34.75566666666667,25.750433810233922
2026-08-16 12:00:00,2026-08-16,13,27.8,0.3115913248968638,0.38192068450000016,0.2895892723135146,0.06950619949999999,0.38192068450000016,-1.6722328354999996,2.4360742045,nominal_90,random_forest,available_weather=672;climatology_fallback=72,0.7408988599528303,29.455166666666667,21.823299403053944
2026-08-16 13:00:00,2026-08-16,14,29.1,0.2655601409126158,0.6285903635,0.301562446455921,0.06411149349999996,0.6285903635,-1.759071626499999,3.0162523534999988,nominal_90,random_forest,available_weather=672;climatology_fallback=72,0.7408988599528303,33.6455,24.927912592542953
2026-08-16 14:00:00,2026-08-16,15,30.0,0.46190722217903357,0.44243989499999953,0.5314148636012614,-0.0025775095000001853,0.44243989499999953,-1.6696253550000002,2.5545051449999994,nominal_90,random_forest,available_weather=672;climatology_fallback=72,0.7408988599528303,32.3995,24.004752613041727
2026-08-16 15:00:00,2026-08-16,16,30.5,0.35363859134975595,0.2606551850000001,0.28295255624348054,-0.07313219600000012,0.2606551850000001,-1.7215319849999995,2.2428423549999996,nominal_90,random_forest,available_weather=672;climatology_fallback=72,0.7408988599528303,42.68333333333333,31.624033005653306
2026-08-16 16:00:00,2026-08-16,17,30.7,0.23365158774634823,0.3665704365000002,0.1980834564107636,-0.018229004499999958,0.3665704365000002,-1.9804411034999985,2.7135819764999987,nominal_90,random_forest,available_weather=672;climatology_fallback=72,0.7408988599528303,67.2505,49.825818781257816
2026-08-16 17:00:00,2026-08-16,18,30.2,0.25089270867509017,0.4308807095,0.2411210886331661,-0.05295145450000003,0.4308807095,-1.7689899805000004,2.6307513995000003,nominal_90,random_forest,available_weather=672;climatology_fallback=72,0.7408988599528303,82.6125,61.20750706785319
2026-08-16 18:00:00,2026-08-16,19,28.6,0.3473624236953682,0.40733172950000024,0.21230439912178906,-0.09988887699999995,0.40733172950000024,-1.363078980499999,2.1777424394999993,nominal_90,random_forest,available_weather=672;climatology_fallback=72,0.7408988599528303,126.61999999999999,93.81261364722737
2026-08-16 19:00:00,2026-08-16,20,26.4,0.3421692204618655,0.6092013075000001,0.38668568460892155,-0.10804073949999987,0.6092013075000001,-1.1959580325000023,2.4143606475000023,nominal_90,random_forest,available_weather=672;climatology_fallback=72,0.7408988599528303,127.72533333333334,94.63155385376191
2026-08-16 20:00:00,2026-08-16,21,24.3,0.5027783592928027,0.501496243,0.6134801591396299,0.0758395250000002,0.501496243,-1.1327339169999995,2.1357264029999996,nominal_90,random_forest,available_weather=672;climatology_fallback=72,0.7408988599528303,135.485,100.38068204070923
2026-08-16 21:00:00,2026-08-16,22,22.6,0.45224841058040466,0.30476038400000005,0.42670605316227717,0.15454836250000004,0.30476038400000005,-1.2107682260000021,1.820288994000002,nominal_90,random_forest,available_weather=672;climatology_fallback=72,0.7408988599528303,129.78883333333334,96.16039865127458
2026-08-16 22:00:00,2026-08-16,23,21.0,0.34989678601299645,0.47105925150000005,0.2971596304209832,0.2041330675000001,0.47105925150000005,-1.1177087634999983,2.0598272664999984,nominal_90,random_forest,available_weather=672;climatology_fallback=72,0.7408988599528303,114.98150000000001,85.18966226566637
2026-08-16 23:00:00,2026-08-16,24,19.7,0.4187266916471519,0.3436565925000002,0.43678623072463796,0.208229925,0.3436565925000002,-1.0556516775,1.7429648625000003,nominal_90,random_forest,available_weather=672;climatology_fallback=72,0.7408988599528303,104.29433333333333,77.27155266620713
2026-08-17 00:00:00,2026-08-17,1,18.9,0.2750472602743428,0.27808251999999994,0.30080147301712706,0.261243875,0.27808251999999994,-0.9511039900000007,1.5072690300000005,nominal_90,random_forest,available_weather=672;climatology_fallback=72,0.7408988599528303,100.29383333333334,74.30758677696585
2026-08-17 01:00:00,2026-08-17,2,18.3,0.21852739603519572,0.3215496974999999,0.2993211074530508,0.5656271474999999,0.3215496974999999,-0.9458987024999987,1.5889980974999984,nominal_90,random_forest,available_weather=672;climatology_fallback=72,0.7408988599528303,97.15716666666667,71.98363401958046
2026-08-17 02:00:00,2026-08-17,3,18.0,0.20112946972840773,0.4233488574999998,0.3809848260415884,0.39152493249999987,0.4233488574999998,-0.8131345825000009,1.6598322975000004,nominal_90,random_forest,available_weather=672;climatology_fallback=72,0.7408988599528303,91.5145,67.80298871915329
2026-08-17 03:00:00,2026-08-17,4,17.6,0.29151293835447467,0.292038694,0.2993211074530508,0.3584527,0.292038694,-0.8955433260000005,1.4796207140000004,nominal_90,random_forest,available_weather=672;climatology_fallback=72,0.7408988599528303,83.86333333333333,62.134248058510856
2026-08-17 04:00:00,2026-08-17,5,17.5,0.2139189872366154,0.3972572819999997,0.2993211074530508,0.3868719509999999,0.3972572819999997,-0.7372235279999997,1.5317380919999992,nominal_90,random_forest,available_weather=672;climatology_fallback=72,0.7408988599528303,83.74,62.04287053245001
2026-08-17 05:00:00,2026-08-17,6,17.8,0.26417846938885664,0.31913400599999997,0.2993211074530508,0.5375308459999997,0.31913400599999997,-1.1901120140000003,1.828380026,nominal_90,random_forest,available_weather=672;climatology_fallback=72,0.7408988599528303,79.10816666666666,58.61115049629183
2026-08-17 06:00:00,2026-08-17,7,18.7,0.21410854831095041,0.28831186599999975,0.2993211074530508,0.36894837799999997,0.28831186599999975,-1.3457180239999988,1.9223417559999982,nominal_90,random_forest,available_weather=672;climatology_fallback=72,0.7408988599528303,61.86933333333333,45.838918532708306
2026-08-17 07:00:00,2026-08-17,8,20.2,0.1951472460627254,0.3080925424999999,0.2993211074530508,0.2839255425,0.3080925424999999,-2.086382870000001,2.7025679550000006,nominal_90,random_forest,available_weather=672;climatology_fallback=72,0.7408988599528303,57.118500000000004,42.319031532215746
2026-08-17 08:00:00,2026-08-17,9,21.9,0.17375417943130805,0.8559879645000003,0.37611586595620644,0.43856824599999983,0.8559879645000003,-1.206750565499998,2.918726494499998,nominal_90,random_forest,available_weather=672;climatology_fallback=72,0.7408988599528303,52.17933333333334,38.65960857976539
2026-08-17 09:00:00,2026-08-17,10,23.9,0.5688853720722378,0.5154946009999997,0.6139698521588645,0.3693393434999999,0.5154946009999997,-2.0804050514999997,3.1113942534999985,nominal_90,random_forest,available_weather=672;climatology_fallback=72,0.7408988599528303,42.06633333333333,31.166898409062412
2026-08-17 10:00:00,2026-08-17,11,26.2,0.400930916081534,0.3005703925000001,0.41095170593731584,0.2138375120000001,0.3005703925000001,-2.684514812500001,3.2856555975000012,nominal_90,random_forest,available_weather=672;climatology_fallback=72,0.7408988599528303,37.932,28.103775555730763
2026-08-17 11:00:00,2026-08-17,12,28.3,0.20617188614197224,0.37936636749999997,0.2862384124896805,0.043681654499999896,0.37936636749999997,-2.058754662500001,2.8174873975000008,nominal_90,random_forest,available_weather=672;climatology_fallback=72,0.7408988599528303,34.75566666666667,25.750433810233922
2026-08-17 12:00:00,2026-08-17,13,30.2,0.15662550143797668,0.37470144450000015,0.20729885335862713,-0.0011601775000000519,0.37470144450000015,-1.6794520754999998,2.4288549645,nominal_90,random_forest,available_weather=672;climatology_fallback=72,0.7408988599528303,29.455166666666667,21.823299403053944
2026-08-17 13:00:00,2026-08-17,14,31.8,0.14855694395420196,0.28628930750000026,0.0380344303868206,-0.04542284800000004,0.28628930750000026,-2.1013726824999988,2.673951297499999,nominal_90,random_forest,available_weather=672;climatology_fallback=72,0.7408988599528303,33.6455,24.927912592542953
2026-08-17 14:00:00,2026-08-17,15,32.9,0.07747083355993886,0.2449565485,0.039803695353371346,0.021101993999999933,0.2449565485,-1.8671087014999996,2.3570217984999995,nominal_90,random_forest,available_weather=672;climatology_fallback=72,0.7408988599528303,32.3995,24.004752613041727
2026-08-17 15:00:00,2026-08-17,16,33.2,0.03298067699284332,0.16046865849999992,-0.04186834684439332,0.0637117854999999,0.16046865849999992,-1.8217185114999996,2.1426558284999997,nominal_90,random_forest,available_weather=672;climatology_fallback=72,0.7408988599528303,42.68333333333333,31.624033005653306
2026-08-17 16:00:00,2026-08-17,17,32.9,-0.010551415179573392,0.05351145249999992,-0.08580095926023437,0.09587826949999988,0.05351145249999992,-2.2935000874999987,2.4005229924999987,nominal_90,random_forest,available_weather=672;climatology_fallback=72,0.7408988599528303,67.2505,49.825818781257816
2026-08-17 17:00:00,2026-08-17,18,32.1,-0.06575338278740547,0.046777249,-0.14788459119958228,0.0459441574999998,0.046777249,-2.1530934410000007,2.2466479390000003,nominal_90,random_forest,available_weather=672;climatology_fallback=72,0.7408988599528303,82.6125,61.20750706785319
2026-08-17 18:00:00,2026-08-17,19,30.7,-0.08212063912997994,0.04031937699999995,0.01081991370446363,0.05120062149999983,0.04031937699999995,-1.7300913329999994,1.8107300869999992,nominal_90,random_forest,available_weather=672;climatology_fallback=72,0.7408988599528303,126.61999999999999,93.81261364722737
2026-08-17 19:00:00,2026-08-17,20,28.7,-0.07212165828940337,0.10400234249999998,0.15294081961912329,0.09499662149999978,0.10400234249999998,-1.7011569975000023,1.9091616825000024,nominal_90,random_forest,available_weather=672;climatology_fallback=72,0.7408988599528303,127.72533333333334,94.63155385376191
2026-08-17 20:00:00,2026-08-17,21,27.0,-0.02144443271253993,0.10366273299999998,0.15294081961912329,0.11533482849999993,0.10366273299999998,-1.5305674269999996,1.7378928929999995,nominal_90,random_forest,available_weather=672;climatology_fallback=72,0.7408988599528303,135.485,100.38068204070923
2026-08-17 21:00:00,2026-08-17,22,25.8,-0.02347218184242031,0.19966791249999996,0.17016737743460433,0.15833816999999997,0.19966791249999996,-1.315860697500002,1.715196522500002,nominal_90,random_forest,available_weather=672;climatology_fallback=72,0.7408988599528303,129.78883333333334,96.16039865127458
2026-08-17 22:00:00,2026-08-17,23,24.8,0.0582574608681333,0.22209097000000014,0.17935561906878283,0.310724675,0.22209097000000014,-1.366677044999998,1.8108589849999985,nominal_90,random_forest,available_weather=672;climatology_fallback=72,0.7408988599528303,114.98150000000001,85.18966226566637
2026-08-17 23:00:00,2026-08-17,24,24.0,0.07926062682307072,0.1281395925,0.17935561906878283,0.43827466499999984,0.1281395925,-1.2711686775000002,1.5274478625,nominal_90,random_forest,available_weather=672;climatology_fallback=72,0.7408988599528303,104.29433333333333,77.27155266620713
2026-08-18 00:00:00,2026-08-18,1,23.1,0.019601664127199964,0.17747803499999992,0.11757388307517805,0.3442586259999999,0.17747803499999992,-1.0517084750000008,1.4066645450000004,nominal_90,random_forest,available_weather=672;climatology_fallback=72,0.7408988599528303,100.29383333333334,74.30758677696585
2026-08-18 01:00:00,2026-08-18,2,22.4,0.03939808687899882,0.18559958000000004,0.16483863966778964,0.3416005739999999,0.18559958000000004,-1.0818488199999985,1.4530479799999987,nominal_90,random_forest,available_weather=672;climatology_fallback=72,0.7408988599528303,97.15716666666667,71.98363401958046
2026-08-18 02:00:00,2026-08-18,3,21.8,0.053083986412454195,0.32632616999999997,0.23048794206095088,0.3353453524999999,0.32632616999999997,-0.9101572700000007,1.5628096100000006,nominal_90,random_forest,available_weather=672;climatology_fallback=72,0.7408988599528303,91.5145,67.80298871915329
2026-08-18 03:00:00,2026-08-18,4,21.3,0.15568962556280286,0.31750913849999995,0.2993211074530508,0.5445309484999997,0.31750913849999995,-0.8700728815000005,1.5050911585000004,nominal_90,random_forest,available_weather=672;climatology_fallback=72,0.7408988599528303,83.86333333333333,62.134248058510856
2026-08-18 04:00:00,2026-08-18,5,21.1,0.1686235196848765,0.3667922159999999,0.2993211074530508,0.3488464035000001,0.3667922159999999,-0.7676885939999996,1.5012730259999993,nominal_90,random_forest,available_weather=672;climatology_fallback=72,0.7408988599528303,83.74,62.04287053245001
2026-08-18 05:00:00,2026-08-18,6,21.1,0.17442298856870256,0.6914930784999997,0.3809848260415884,0.30559421749999993,0.6914930784999997,-0.8177529415000004,2.2007390984999997,nominal_90,random_forest,available_weather=672;climatology_fallback=72,0.7408988599528303,79.10816666666666,58.61115049629183
2026-08-18 06:00:00,2026-08-18,7,21.3,0.4365909996874241,0.6503389319999997,0.5817494647999488,0.36434998249999995,0.6503389319999997,-0.9836909579999988,2.2843688219999985,nominal_90,random_forest,available_weather=672;climatology_fallback=72,0.7408988599528303,61.86933333333333,45.838918532708306
2026-08-18 07:00:00,2026-08-18,8,21.8,0.4568192148407997,0.5154857819999998,0.5679298323588987,0.6881783149999998,0.5154857819999998,-1.878989630500001,2.9099611945000006,nominal_90,random_forest,available_weather=672;climatology_fallback=72,0.7408988599528303,57.118500000000004,42.319031532215746
2026-08-18 08:00:00,2026-08-18,9,22.5,0.37655026505635325,0.2786183595000002,0.4495641595937298,0.5574585139999999,0.2786183595000002,-1.7841201704999978,2.3413568894999983,nominal_90,random_forest,available_weather=672;climatology_fallback=72,0.7408988599528303,52.17933333333334,38.65960857976539
2026-08-18 09:00:00,2026-08-18,10,23.6,0.20975602003006594,0.3244541825,0.2843014541549662,0.2847580780000001,0.3244541825,-2.271445469999999,2.9203538349999993,nominal_90,random_forest,available_weather=672;climatology_fallback=72,0.7408988599528303,42.06633333333333,31.166898409062412
2026-08-18 10:00:00,2026-08-18,11,24.9,0.16502448205026407,0.35803138749999996,0.29445214736766884,0.18705485299999997,0.35803138749999996,-2.627053817500001,3.3431165925000013,nominal_90,random_forest,available_weather=672;climatology_fallback=72,0.7408988599528303,37.932,28.103775555730763
2026-08-18 11:00:00,2026-08-18,12,26.1,0.16252534263926793,0.5701000300000001,0.2619367526054487,0.056374511999999904,0.5701000300000001,-1.8680210000000008,3.0082210600000012,nominal_90,random_forest,available_weather=672;climatology_fallback=72,0.7408988599528303,34.75566666666667,25.750433810233922
2026-08-18 12:00:00,2026-08-18,13,27.3,0.31706797708760304,0.34149167749999987,0.47913784108307456,-0.03755195449999997,0.34149167749999987,-1.7126618425,2.3956451974999995,nominal_90,random_forest,available_weather=672;climatology_fallback=72,0.7408988599528303,29.455166666666667,21.823299403053944
2026-08-18 13:00:00,2026-08-18,14,28.3,0.19008047448655402,0.3225948900000001,0.26493248889096344,-0.11888315199999995,0.3225948900000001,-2.065067099999999,2.710256879999999,nominal_90,random_forest,available_weather=672;climatology_fallback=72,0.7408988599528303,33.6455,24.927912592542953
2026-08-18 14:00:00,2026-08-18,15,28.7,0.15151780306052862,0.32559977250000016,0.27508318210366606,-0.09556521149999994,0.32559977250000016,-1.7864654774999995,2.4376650225,nominal_90,random_forest,available_weather=672;climatology_fallback=72,0.7408988599528303,32.3995,24.004752613041727
2026-08-18 15:00:00,2026-08-18,16,28.3,0.1147488605067068,0.6188987825000001,0.38064478938537,-0.08453786449999995,0.6188987825000001,-1.3632883874999995,2.6010859524999996,nominal_90,random_forest,available_weather=672;climatology_fallback=72,0.7408988599528303,42.68333333333333,31.624033005653306
2026-08-18 16:00:00,2026-08-18,17,27.4,0.35434212830195055,0.40996241999999955,0.5931688678673088,0.01133453250000017,0.40996241999999955,-1.937049119999999,2.756973959999998,nominal_90,random_forest,available_weather=672;climatology_fallback=72,0.7408988599528303,67.2505,49.825818781257816
2026-08-18 17:00:00,2026-08-18,18,26.1,0.27140340175197375,0.33337970749999996,0.29127703250210485,-0.066002116,0.33337970749999996,-1.8664909825000005,2.5332503975000003,nominal_90,random_forest,available_weather=672;climatology_fallback=72,0.7408988599528303,82.6125,61.20750706785319
2026-08-18 18:00:00,2026-08-18,19,24.4,0.21360150667544656,0.4154310774999999,0.3405738984123317,-0.0971794754999999,0.4154310774999999,-1.3549796324999994,2.1858417874999994,nominal_90,random_forest,available_weather=672;climatology_fallback=72,0.7408988599528303,126.61999999999999,93.81261364722737
2026-08-18 19:00:00,2026-08-18,20,22.4,0.24803848860640515,0.43926998949999957,0.3740331209150259,-0.09112714749999991,0.43926998949999957,-1.3658893505000027,2.2444293295000017,nominal_90,random_forest,available_weather=672;climatology_fallback=72,0.7408988599528303,127.72533333333334,94.63155385376191
2026-08-18 20:00:00,2026-08-18,21,20.8,0.28893963162008834,0.32131940699999995,0.4004986071075832,-0.08603413049999985,0.32131940699999995,-1.3129107529999997,1.9555495669999994,nominal_90,random_forest,available_weather=672;climatology_fallback=72,0.7408988599528303,135.485,100.38068204070923
2026-08-18 21:00:00,2026-08-18,22,20.2,0.22794444691608068,0.316651529,0.2891704142403482,-0.04343286549999985,0.316651529,-1.198877081000002,1.832180139000002,nominal_90,random_forest,available_weather=672;climatology_fallback=72,0.7408988599528303,129.78883333333334,96.16039865127458
2026-08-18 22:00:00,2026-08-18,23,20.1,0.20720997170647096,0.3113239949999999,0.2993211074530508,0.026769315000000026,0.3113239949999999,-1.2774440199999983,1.9000920099999983,nominal_90,random_forest,available_weather=672;climatology_fallback=72,0.7408988599528303,114.98150000000001,85.18966226566637
2026-08-18 23:00:00,2026-08-18,24,19.9,0.17051757695617983,0.6306997734999998,0.4162133135108333,0.11227693000000002,0.6306997734999998,-0.7686084965000003,2.0300080435,nominal_90,random_forest,available_weather=672;climatology_fallback=72,0.7408988599528303,104.29433333333333,77.27155266620713
2026-08-19 00:00:00,2026-08-19,1,19.4,0.4306659883870072,0.4297123414999999,0.5289759883620972,0.17222116499999993,0.4297123414999999,-0.7994741685000006,1.6588988515000005,nominal_90,random_forest,available_weather=672;climatology_fallback=72,0.7408988599528303,100.29383333333334,74.30758677696585
2026-08-19 01:00:00,2026-08-19,2,18.9,0.3407113276845879,0.2941976449999999,0.2891704142403482,0.17471190599999997,0.2941976449999999,-0.9732507549999987,1.5616460449999985,nominal_90,random_forest,available_weather=672;climatology_fallback=72,0.7408988599528303,97.15716666666667,71.98363401958046
2026-08-19 02:00:00,2026-08-19,3,18.1,0.2513813935983685,0.3444160154999998,0.2993211074530508,0.25739525950000003,0.3444160154999998,-0.8920674245000009,1.5808994555000004,nominal_90,random_forest,available_weather=672;climatology_fallback=72,0.7408988599528303,91.5145,67.80298871915329
2026-08-19 03:00:00,2026-08-19,4,16.8,0.24471993063405542,0.2990390709999998,0.2993211074530508,0.2317469079999999,0.2990390709999998,-0.8885429490000006,1.4866210910000004,nominal_90,random_forest,available_weather=672;climatology_fallback=72,0.7408988599528303,83.86333333333333,62.134248058510856
2026-08-19 04:00:00,2026-08-19,5,15.4,0.23311932448806152,0.6437400249999997,0.3809848260415884,0.28259507700000003,0.6437400249999997,-0.49074078499999974,1.778220834999999,nominal_90,random_forest,available_weather=672;climatology_fallback=72,0.7408988599528303,83.74,62.04287053245001
2026-08-19 05:00:00,2026-08-19,6,14.7,0.532632802805399,0.5659234659999997,0.5780100099212595,0.605683067,0.5659234659999997,-0.9433225540000005,2.075169486,nominal_90,random_forest,available_weather=672;climatology_fallback=72,0.7408988599528303,79.10816666666666,58.61115049629183
2026-08-19 06:00:00,2026-08-19,7,15.4,0.5204285800314605,0.41030222599999994,0.47939002409523923,0.6582113474999999,0.41030222599999994,-1.2237276639999985,2.0443321159999983,nominal_90,random_forest,available_weather=672;climatology_fallback=72,0.7408988599528303,61.86933333333333,45.838918532708306
2026-08-19 07:00:00,2026-08-19,8,17.0,0.3679292429629297,0.24129840449999995,0.2891704142403482,0.561787569,0.24129840449999995,-2.153177008000001,2.6357738170000005,nominal_90,random_forest,available_weather=672;climatology_fallback=72,0.7408988599528303,57.118500000000004,42.319031532215746
2026-08-19 08:00:00,2026-08-19,9,18.9,0.21997658891485344,0.29087906749999987,0.23852430502222557,0.29582812150000015,0.29087906749999987,-1.7718594624999982,2.3536175974999978,nominal_90,random_forest,available_weather=672;climatology_fallback=72,0.7408988599528303,52.17933333333334,38.65960857976539
2026-08-19 09:00:00,2026-08-19,10,21.1,0.1886026507686941,0.2619891949999999,0.29445214736766884,0.22797905000000004,0.2619891949999999,-2.333910457499999,2.857888847499999,nominal_90,random_forest,available_weather=672;climatology_fallback=72,0.7408988599528303,42.06633333333333,31.166898409062412
2026-08-19 10:00:00,2026-08-19,11,23.7,0.1336891417369971,0.6667124500000002,0.37611586595620644,0.10058073899999993,0.6667124500000002,-2.318372755000001,3.6517976550000015,nominal_90,random_forest,available_weather=672;climatology_fallback=72,0.7408988599528303,37.932,28.103775555730763
2026-08-19 11:00:00,2026-08-19,12,26.0,0.43578810112474664,0.4443042164999998,0.5526784101569054,0.03669925699999992,0.4443042164999998,-1.9938168135000012,2.882425246500001,nominal_90,random_forest,available_weather=672;climatology_fallback=72,0.7408988599528303,34.75566666666667,25.750433810233922
2026-08-19 12:00:00,2026-08-19,13,27.6,0.31744346606035134,0.2770130645,0.3306052415600526,0.05890535099999984,0.2770130645,-1.7771404554999999,2.3311665845,nominal_90,random_forest,available_weather=672;climatology_fallback=72,0.7408988599528303,29.455166666666667,21.823299403053944
2026-08-19 13:00:00,2026-08-19,14,28.9,0.17530340604533146,0.3353992584999999,0.19063128611671099,0.09850972349999974,0.3353992584999999,-2.052262731499999,2.7230612484999988,nominal_90,random_forest,available_weather=672;climatology_fallback=72,0.7408988599528303,33.6455,24.927912592542953
2026-08-19 14:00:00,2026-08-19,15,29.9,0.14950452543218676,0.3173245595000001,0.2007819793294136,0.08664816099999978,0.3173245595000001,-1.7947406904999996,2.4293898095,nominal_90,random_forest,available_weather=672;climatology_fallback=72,0.7408988599528303,32.3995,24.004752613041727
2026-08-19 15:00:00,2026-08-19,16,30.6,0.145415183987737,0.5317417475000001,0.24309712021755472,0.09828278699999984,0.5317417475000001,-1.4504454224999994,2.5139289174999995,nominal_90,random_forest,available_weather=672;climatology_fallback=72,0.7408988599528303,42.68333333333333,31.624033005653306
2026-08-19 16:00:00,2026-08-19,17,31.1,0.28116957998387127,0.3185240630000001,0.28832244115178834,0.10063084349999986,0.3185240630000001,-2.0284874769999988,2.6655356029999986,nominal_90,random_forest,available_weather=672;climatology_fallback=72,0.7408988599528303,67.2505,49.825818781257816
2026-08-19 17:00:00,2026-08-19,18,30.7,0.17607888146365844,0.28026375299999995,0.20033501533520123,0.06311536349999984,0.28026375299999995,-1.9196069370000006,2.4801344430000003,nominal_90,random_forest,available_weather=672;climatology_fallback=72,0.7408988599528303,82.6125,61.20750706785319
2026-08-19 18:00:00,2026-08-19,19,29.2,0.1473993100399789,0.3197865470000001,0.2385036874722217,-0.0004941745000000946,0.3197865470000001,-1.4506241629999992,2.0901972569999994,nominal_90,random_forest,available_weather=672;climatology_fallback=72,0.7408988599528303,126.61999999999999,93.81261364722737
2026-08-19 19:00:00,2026-08-19,20,27.0,0.15195499721622235,0.572153292,0.38313801005893316,-0.06881847450000003,0.572153292,-1.2330060480000022,2.3773126320000024,nominal_90,random_forest,available_weather=672;climatology_fallback=72,0.7408988599528303,127.72533333333334,94.63155385376191
2026-08-19 20:00:00,2026-08-19,21,24.8,0.3698249196258441,0.4156395099999999,0.522322949715026,0.09226332900000013,0.4156395099999999,-1.2185906499999997,2.0498696699999996,nominal_90,random_forest,available_weather=672;climatology_fallback=72,0.7408988599528303,135.485,100.38068204070923
2026-08-19 21:00:00,2026-08-19,22,22.7,0.3154065570666992,0.3610202584999999,0.2891704142403482,0.1880954949999999,0.3610202584999999,-1.154508351500002,1.876548868500002,nominal_90,random_forest,available_weather=672;climatology_fallback=72,0.7408988599528303,129.78883333333334,96.16039865127458
2026-08-19 22:00:00,2026-08-19,23,20.6,0.2719479321568583,0.3664700289999999,0.2993211074530508,0.21371694500000005,0.3664700289999999,-1.2222979859999983,1.9552380439999983,nominal_90,random_forest,available_weather=672;climatology_fallback=72,0.7408988599528303,114.98150000000001,85.18966226566637
2026-08-19 23:00:00,2026-08-19,24,18.8,0.2777547110439311,0.4720026874999997,0.3809848260415884,0.1871742825,0.4720026874999997,-0.9273055825000005,1.8713109574999998,nominal_90,random_forest,available_weather=672;climatology_fallback=72,0.7408988599528303,104.29433333333333,77.27155266620713
2026-08-20 00:00:00,2026-08-20,1,17.6,0.3541388513102089,0.3430087275000001,0.3797629929848407,0.3081804225,0.3430087275000001,-0.8861777825000005,1.5721952375000008,nominal_90,random_forest,available_weather=672;climatology_fallback=72,0.7408988599528303,100.29383333333334,74.30758677696585
2026-08-20 01:00:00,2026-08-20,2,16.7,0.28537382557884783,0.28552761849999986,0.2891704142403482,0.37355459849999995,0.28552761849999986,-0.9819207814999987,1.5529760184999986,nominal_90,random_forest,available_weather=672;climatology_fallback=72,0.7408988599528303,97.15716666666667,71.98363401958046
2026-08-20 02:00:00,2026-08-20,3,16.1,0.24736455364363485,0.30204793749999975,0.2993211074530508,0.37605247749999987,0.30204793749999975,-0.9344355025000008,1.5385313775000005,nominal_90,random_forest,available_weather=672;climatology_fallback=72,0.7408988599528303,91.5145,67.80298871915329
2026-08-20 03:00:00,2026-08-20,4,15.5,0.25095673899395254,0.5626197724999997,0.4162133135108333,1.0391061345000003,0.5626197724999997,-0.6249622475000007,1.7502017925000002,nominal_90,random_forest,available_weather=672;climatology_fallback=72,0.7408988599528303,83.86333333333333,62.134248058510856
2026-08-20 04:00:00,2026-08-20,5,15.1,0.47528801404599175,0.36659957700000007,0.4894702016576,0.8375080224999999,0.36659957700000007,-0.7678812329999993,1.5010803869999996,nominal_90,random_forest,available_weather=672;climatology_fallback=72,0.7408988599528303,83.74,62.04287053245001
2026-08-20 05:00:00,2026-08-20,6,15.6,0.3673378431379022,0.2638462719999999,0.2891704142403482,0.6869653954999998,0.2638462719999999,-1.2453997480000003,1.773092292,nominal_90,random_forest,available_weather=672;climatology_fallback=72,0.7408988599528303,79.10816666666666,58.61115049629183
2026-08-20 06:00:00,2026-08-20,7,17.5,0.2527389043581912,0.3034614419999999,0.2993211074530508,0.6994150814999999,0.3034614419999999,-1.3305684479999986,1.9374913319999985,nominal_90,random_forest,available_weather=672;climatology_fallback=72,0.7408988599528303,61.86933333333333,45.838918532708306
2026-08-20 07:00:00,2026-08-20,8,20.2,0.18980008648394409,0.31860052399999994,0.2993211074530508,0.6120315259999998,0.31860052399999994,-2.075874888500001,2.7130759365000006,nominal_90,random_forest,available_weather=672;climatology_fallback=72,0.7408988599528303,57.118500000000004,42.319031532215746
2026-08-20 08:00:00,2026-08-20,9,22.9,0.17285849976155807,0.8067893925000004,0.41134435342545134,0.5486840045000002,0.8067893925000004,-1.2559491374999978,2.8695279224999983,nominal_90,random_forest,available_weather=672;climatology_fallback=72,0.7408988599528303,52.17933333333334,38.65960857976539
2026-08-20 09:00:00,2026-08-20,10,25.2,0.5228550814497318,0.5074024774999997,0.6139698521588645,0.21836143300000008,0.5074024774999997,-2.0884971749999997,3.1033021299999985,nominal_90,random_forest,available_weather=672;climatology_fallback=72,0.7408988599528303,42.06633333333333,31.166898409062412
2026-08-20 10:00:00,2026-08-20,11,27.5,0.399910361736727,0.2996310000000001,0.3852395230246849,0.20303250899999994,0.2996310000000001,-2.685454205000001,3.2847162050000014,nominal_90,random_forest,available_weather=672;climatology_fallback=72,0.7408988599528303,37.932,28.103775555730763
2026-08-20 11:00:00,2026-08-20,12,29.4,0.20370669833537677,0.3505747285,0.17484786227113042,0.08972348849999989,0.3505747285,-2.087546301500001,2.7886957585000007,nominal_90,random_forest,available_weather=672;climatology_fallback=72,0.7408988599528303,34.75566666666667,25.750433810233922
2026-08-20 12:00:00,2026-08-20,13,31.2,0.1385517749723895,0.3385841560000001,0.04632056938258487,0.1094495869999999,0.3385841560000001,-1.7155693639999998,2.392737676,nominal_90,random_forest,available_weather=672;climatology_fallback=72,0.7408988599528303,29.455166666666667,21.823299403053944
2026-08-20 13:00:00,2026-08-20,14,33.0,0.1034625200549237,0.6999697184999999,0.11013681516583047,0.1316803824999999,0.6999697184999999,-1.6876922714999991,3.0876317084999987,nominal_90,random_forest,available_weather=672;climatology_fallback=72,0.7408988599528303,33.6455,24.927912592542953
2026-08-20 14:00:00,2026-08-20,15,34.2,0.3675797711250003,0.2967523929999998,0.409443313753655,0.08215344299999988,0.2967523929999998,-1.815312857,2.4088176429999995,nominal_90,random_forest,available_weather=672;climatology_fallback=72,0.7408988599528303,32.3995,24.004752613041727
2026-08-20 15:00:00,2026-08-20,16,34.6,0.18787146717756092,0.12534033349999987,-0.12652114694926425,0.08284073799999982,0.12534033349999987,-1.8568468364999997,2.1075275034999996,nominal_90,random_forest,available_weather=672;climatology_fallback=72,0.7408988599528303,42.68333333333333,31.624033005653306
2026-08-20 16:00:00,2026-08-20,17,34.0,0.047717521536800755,0.05524713850000004,-0.08901118403335671,0.11447748099999984,0.05524713850000004,-2.2917644014999987,2.4022586784999986,nominal_90,random_forest,available_weather=672;climatology_fallback=72,0.7408988599528303,67.2505,49.825818781257816
2026-08-20 17:00:00,2026-08-20,18,33.0,-0.062481065845292894,0.003799054000000002,-0.14788459119958228,0.10214889999999992,0.003799054000000002,-2.1960716360000005,2.2036697440000004,nominal_90,random_forest,available_weather=672;climatology_fallback=72,0.7408988599528303,82.6125,61.20750706785319
2026-08-20 18:00:00,2026-08-20,19,31.7,-0.11193973828972373,-0.01771891950000001,-0.14788459119958228,-0.009484727000000167,-0.01771891950000001,-1.7881296294999993,1.7526917904999992,nominal_90,random_forest,available_weather=672;climatology_fallback=72,0.7408988599528303,126.61999999999999,93.81261364722737
2026-08-20 19:00:00,2026-08-20,20,30.4,-0.11080635907785788,0.08060642349999998,0.05062163792055312,0.05437984199999994,0.08060642349999998,-1.7245529165000024,1.8857657635000022,nominal_90,random_forest,available_weather=672;climatology_fallback=72,0.7408988599528303,127.72533333333334,94.63155385376191
2026-08-20 20:00:00,2026-08-20,21,29.3,-0.05505520834970895,0.17156467399999997,0.038837892628781436,0.13001794999999994,0.17156467399999997,-1.4626654859999997,1.8057948339999994,nominal_90,random_forest,available_weather=672;climatology_fallback=72,0.7408988599528303,135.485,100.38068204070923
2026-08-20 21:00:00,2026-08-20,22,28.4,0.025278453233460868,0.14734463800000008,0.14723893937033763,0.2278548239999999,0.14734463800000008,-1.368183972000002,1.6628732480000021,nominal_90,random_forest,available_weather=672;climatology_fallback=72,0.7408988599528303,129.78883333333334,96.16039865127458
2026-08-20 22:00:00,2026-08-20,23,27.4,0.008836321191776353,0.11716429550000002,0.14546967440378689,0.29195185749999997,0.11716429550000002,-1.4716037194999982,1.7059323104999984,nominal_90,random_forest,available_weather=672;climatology_fallback=72,0.7408988599528303,114.98150000000001,85.18966226566637
2026-08-20 23:00:00,2026-08-20,24,26.3,-0.0028918564791403645,0.03460376850000001,0.1756634990547605,0.4963978354999999,0.03460376850000001,-1.3647045015000001,1.4339120385000002,nominal_90,random_forest,available_weather=672;climatology_fallback=72,0.7408988599528303,104.29433333333333,77.27155266620713
2026-08-21 00:00:00,2026-08-21,1,25.4,-0.05463338792918604,0.22265574000000002,0.07000103288327392,0.36205791800000015,0.22265574000000002,-1.0065307700000006,1.4518422500000006,nominal_90,random_forest,available_weather=672;climatology_fallback=72,0.7408988599528303,100.29383333333334,74.30758677696585
2026-08-21 01:00:00,2026-08-21,2,24.6,0.05785092104850774,0.3082309825,0.17935561906878283,0.3746611259999999,0.3082309825,-0.9592174174999986,1.5756793824999986,nominal_90,random_forest,available_weather=672;climatology_fallback=72,0.7408988599528303,97.15716666666667,71.98363401958046
2026-08-21 02:00:00,2026-08-21,3,24.2,0.14806349181616765,0.3789407849999998,0.2993211074530508,0.37913371949999974,0.3789407849999998,-0.8575426550000009,1.6154242250000004,nominal_90,random_forest,available_weather=672;climatology_fallback=72,0.7408988599528303,91.5145,67.80298871915329
2026-08-21 03:00:00,2026-08-21,4,24.0,0.20204844195501748,0.32322948599999984,0.2993211074530508,0.5105690709999995,0.32322948599999984,-0.8643525340000007,1.5108115060000002,nominal_90,random_forest,available_weather=672;climatology_fallback=72,0.7408988599528303,83.86333333333333,62.134248058510856
2026-08-21 04:00:00,2026-08-21,5,23.9,0.14466112425576383,0.9592583610000004,0.3809848260415884,0.35644661450000004,0.9592583610000004,-0.17522244899999906,2.0937391709999997,nominal_90,random_forest,available_weather=672;climatology_fallback=72,0.7408988599528303,83.74,62.04287053245001
2026-08-21 05:00:00,2026-08-21,6,24.0,0.614908518859567,0.7213182149999998,0.6778495984285203,0.2750487909999998,0.7213182149999998,-0.7879278050000004,2.230564235,nominal_90,random_forest,available_weather=672;climatology_fallback=72,0.7408988599528303,79.10816666666666,58.61115049629183
2026-08-21 06:00:00,2026-08-21,7,24.4,0.5424694948534307,0.6440806305,0.6365715049748084,0.28056164899999997,0.6440806305,-0.9899492594999986,2.2781105204999985,nominal_90,random_forest,available_weather=672;climatology_fallback=72,0.7408988599528303,61.86933333333333,45.838918532708306
2026-08-21 07:00:00,2026-08-21,8,24.9,0.4157463248979713,0.3799102074999996,0.5679298323588987,0.33045939499999993,0.3799102074999996,-2.014565205000001,2.7743856200000003,nominal_90,random_forest,available_weather=672;climatology_fallback=72,0.7408988599528303,57.118500000000004,42.319031532215746
2026-08-21 08:00:00,2026-08-21,9,25.7,0.291095225656557,0.3229771895,0.33939747868526166,0.4787177919999999,0.3229771895,-1.739761340499998,2.385715719499998,nominal_90,random_forest,available_weather=672;climatology_fallback=72,0.7408988599528303,52.17933333333334,38.65960857976539
2026-08-21 09:00:00,2026-08-21,10,27.1,0.18770105952636243,0.22744151199999998,0.27508318210366606,0.3367031035000001,0.22744151199999998,-2.368458140499999,2.823341164499999,nominal_90,random_forest,available_weather=672;climatology_fallback=72,0.7408988599528303,42.06633333333333,31.166898409062412
2026-08-21 10:00:00,2026-08-21,11,29.2,0.06317449172163153,0.10026399899999992,0.08081649094514555,0.3301285270000001,0.10026399899999992,-2.884821206000001,3.0853492040000012,nominal_90,random_forest,available_weather=672;climatology_fallback=72,0.7408988599528303,37.932,28.103775555730763
2026-08-21 11:00:00,2026-08-21,12,31.5,-0.027005776983616087,-0.04208332999999997,-0.15986209949006883,0.434321976,-0.04208332999999997,-2.480204360000001,2.396037700000001,nominal_90,random_forest,available_weather=672;climatology_fallback=72,0.7408988599528303,34.75566666666667,25.750433810233922
2026-08-21 12:00:00,2026-08-21,13,33.5,-0.14289650715688787,-0.02827605699999993,-0.13239190712620033,0.3256008560000002,-0.02827605699999993,-2.0824295769999996,2.025877463,nominal_90,random_forest,available_weather=672;climatology_fallback=72,0.7408988599528303,29.455166666666667,21.823299403053944
2026-08-21 13:00:00,2026-08-21,14,35.0,-0.15550501542962727,-0.017031835499999915,-0.25355530654744485,0.3192704205000002,-0.017031835499999915,-2.404693825499999,2.370630154499999,nominal_90,random_forest,available_weather=672;climatology_fallback=72,0.7408988599528303,33.6455,24.927912592542953
2026-08-21 14:00:00,2026-08-21,15,35.4,-0.19701867707565643,-0.08130546199999987,-0.19947841319676546,0.30782431550000006,-0.08130546199999987,-2.1933707119999997,2.0307597879999997,nominal_90,random_forest,available_weather=672;climatology_fallback=72,0.7408988599528303,32.3995,24.004752613041727
2026-08-21 15:00:00,2026-08-21,16,34.4,-0.20857523189425817,-0.058519951999999875,-0.17606110822872761,0.795669951,-0.058519951999999875,-2.0407071219999993,1.9236672179999996,nominal_90,random_forest,available_weather=672;climatology_fallback=72,0.7408988599528303,42.68333333333333,31.624033005653306
2026-08-21 16:00:00,2026-08-21,17,32.3,-0.18661502474200262,-0.10007061549999989,-0.05677002126497489,0.6255951624999999,-0.10007061549999989,-2.4470821554999986,2.2469409244999987,nominal_90,random_forest,available_weather=672;climatology_fallback=72,0.7408988599528303,67.2505,49.825818781257816
2026-08-21 17:00:00,2026-08-21,18,29.6,-0.18996869916861767,-0.06938145299999977,-0.009000069990634747,0.43175729799999985,-0.06938145299999977,-2.269252143,2.130489237000001,nominal_90,random_forest,available_weather=672;climatology_fallback=72,0.7408988599528303,82.6125,61.20750706785319
2026-08-21 18:00:00,2026-08-21,19,26.7,-0.14999128774272988,-0.03917144449999985,0.1629759392679579,0.2845436770000001,-0.03917144449999985,-1.809582154499999,1.7312392654999995,nominal_90,random_forest,available_weather=672;climatology_fallback=72,0.7408988599528303,126.61999999999999,93.81261364722737
2026-08-21 19:00:00,2026-08-21,20,24.2,-0.08710278524567924,-0.011619496999999947,0.21345271074156064,0.44107239800000003,-0.011619496999999947,-1.8167788370000022,1.7935398430000025,nominal_90,random_forest,available_weather=672;climatology_fallback=72,0.7408988599528303,127.72533333333334,94.63155385376191
2026-08-21 20:00:00,2026-08-21,21,22.4,-0.049275364801606075,0.0884127714999999,0.21886887112844955,0.388127384,0.0884127714999999,-1.5458173884999997,1.7226429314999994,nominal_90,random_forest,available_weather=672;climatology_fallback=72,0.7408988599528303,135.485,100.38068204070923
2026-08-21 21:00:00,2026-08-21,22,21.5,0.02604749805339418,0.1429903839999999,0.09965531260961044,0.4004803939999999,0.1429903839999999,-1.372538226000002,1.658518994000002,nominal_90,random_forest,available_weather=672;climatology_fallback=72,0.7408988599528303,129.78883333333334,96.16039865127458
2026-08-21 22:00:00,2026-08-21,23,20.9,0.07355364577192691,0.19955108749999986,0.1666079046343404,0.5402257699999998,0.19955108749999986,-1.3892169274999984,1.7883191024999983,nominal_90,random_forest,available_weather=672;climatology_fallback=72,0.7408988599528303,114.98150000000001,85.18966226566637
2026-08-21 23:00:00,2026-08-21,24,20.7,0.0861869042736686,0.21879193499999983,0.17935561906878283,0.3415178315,0.21879193499999983,-1.1805163350000003,1.618100205,nominal_90,random_forest,available_weather=672;climatology_fallback=72,0.7408988599528303,104.29433333333333,77.27155266620713
2026-08-22 00:00:00,2026-08-22,1,20.7,0.1652035153257401,0.2284001799999998,0.18725435222013942,0.2667668055,0.2284001799999998,-1.0007863300000008,1.4575866900000003,nominal_90,random_forest,available_weather=672;climatology_fallback=72,0.7408988599528303,100.29383333333334,74.30758677696585
2026-08-22 01:00:00,2026-08-22,2,20.7,0.16285088542251486,0.35661862,0.23048794206095088,0.2900447624999999,0.35661862,-0.9108297799999986,1.6240670199999987,nominal_90,random_forest,available_weather=672;climatology_fallback=72,0.7408988599528303,97.15716666666667,71.98363401958046
2026-08-22 02:00:00,2026-08-22,3,20.7,0.28071784647343656,0.2645223969999998,0.2993211074530508,0.9365280550000001,0.2645223969999998,-0.9719610430000009,1.5010058370000006,nominal_90,random_forest,available_weather=672;climatology_fallback=72,0.7408988599528303,91.5145,67.80298871915329
2026-08-22 03:00:00,2026-08-22,4,20.6,0.22173373904138893,0.27086792199999965,0.2993211074530508,0.6584042929999998,0.27086792199999965,-0.9167140980000008,1.458449942,nominal_90,random_forest,available_weather=672;climatology_fallback=72,0.7408988599528303,83.86333333333333,62.134248058510856
2026-08-22 04:00:00,2026-08-22,5,20.3,0.25146683160003824,0.2623624099999999,0.3350373901505204,0.49831562650000016,0.2623624099999999,-0.8721183999999995,1.3968432199999994,nominal_90,random_forest,available_weather=672;climatology_fallback=72,0.7408988599528303,83.74,62.04287053245001
2026-08-22 05:00:00,2026-08-22,6,20.2,0.21262250074978614,0.48222620249999976,0.3809848260415884,0.3164315650000001,0.48222620249999976,-1.0270198175000005,1.9914722224999999,nominal_90,random_forest,available_weather=672;climatology_fallback=72,0.7408988599528303,79.10816666666666,58.61115049629183
2026-08-22 06:00:00,2026-08-22,7,20.2,0.3826549867418111,0.45287614100000007,0.42879701454400293,0.30270327699999994,0.45287614100000007,-1.1811537489999986,2.0869060309999985,nominal_90,random_forest,available_weather=672;climatology_fallback=72,0.7408988599528303,61.86933333333333,45.838918532708306
2026-08-22 07:00:00,2026-08-22,8,20.6,0.3750510969830668,0.36270352550000007,0.3676458590501571,0.34550205900000003,0.36270352550000007,-2.0317718870000006,2.757178938000001,nominal_90,random_forest,available_weather=672;climatology_fallback=72,0.7408988599528303,57.118500000000004,42.319031532215746
2026-08-22 08:00:00,2026-08-22,9,21.4,0.29872593043135887,0.32640691950000017,0.2843014541549662,0.5235220469999997,0.32640691950000017,-1.736331610499998,2.389145449499998,nominal_90,random_forest,available_weather=672;climatology_fallback=72,0.7408988599528303,52.17933333333334,38.65960857976539
2026-08-22 09:00:00,2026-08-22,10,23.0,0.24195354577434416,0.36792678999999995,0.29445214736766884,0.29485408000000013,0.36792678999999995,-2.2279728624999993,2.963826442499999,nominal_90,random_forest,available_weather=672;climatology_fallback=72,0.7408988599528303,42.06633333333333,31.166898409062412
2026-08-22 10:00:00,2026-08-22,11,25.4,0.2200189727520416,0.7999967760000004,0.43072409525827715,0.27458322499999976,0.7999967760000004,-2.1850884290000008,3.7850819810000016,nominal_90,random_forest,available_weather=672;climatology_fallback=72,0.7408988599528303,37.932,28.103775555730763
2026-08-22 11:00:00,2026-08-22,12,28.2,0.5339743414860242,0.4343495459999997,0.564055574688572,0.39109806849999984,0.4343495459999997,-2.0037714840000014,2.8724705760000004,nominal_90,random_forest,available_weather=672;climatology_fallback=72,0.7408988599528303,34.75566666666667,25.750433810233922
2026-08-22 12:00:00,2026-08-22,13,30.8,0.3354603565401385,0.23994541550000012,0.07597306494271806,0.39344289500000007,0.23994541550000012,-1.8142081044999998,2.2940989355,nominal_90,random_forest,available_weather=672;climatology_fallback=72,0.7408988599528303,29.455166666666667,21.823299403053944
2026-08-22 13:00:00,2026-08-22,14,32.8,0.17089528537992377,0.14368068200000003,-0.07447475459627721,0.3430025655000003,0.14368068200000003,-2.243981307999999,2.5313426719999987,nominal_90,random_forest,available_weather=672;climatology_fallback=72,0.7408988599528303,33.6455,24.927912592542953
2026-08-22 14:00:00,2026-08-22,15,33.8,0.04391485650387189,-0.11141900000000003,-0.09290950746533892,0.5927349105,-0.11141900000000003,-2.22348425,2.0006462499999995,nominal_90,random_forest,available_weather=672;climatology_fallback=72,0.7408988599528303,32.3995,24.004752613041727
2026-08-22 15:00:00,2026-08-22,16,33.5,-0.1106180659117432,-0.10942041349999997,-0.2737049520237422,0.31234153100000006,-0.10942041349999997,-2.0916075834999996,1.8727667564999997,nominal_90,random_forest,available_weather=672;climatology_fallback=72,0.7408988599528303,42.68333333333333,31.624033005653306
2026-08-22 16:00:00,2026-08-22,17,32.3,-0.13941259518955787,-0.04263300749999999,-0.24085220396631613,0.27507150549999987,-0.04263300749999999,-2.3896445474999988,2.3043785324999986,nominal_90,random_forest,available_weather=672;climatology_fallback=72,0.7408988599528303,67.2505,49.825818781257816
2026-08-22 17:00:00,2026-08-22,18,30.5,-0.1074336730380713,-0.03501691499999997,0.08269056119512866,0.282748797,-0.03501691499999997,-2.2348876050000004,2.1648537750000005,nominal_90,random_forest,available_weather=672;climatology_fallback=72,0.7408988599528303,82.6125,61.20750706785319
2026-08-22 18:00:00,2026-08-22,19,28.5,-0.057045899340565226,-0.08969598699999999,0.16850887990837016,0.7016549194999999,-0.08969598699999999,-1.8601066969999993,1.6807147229999992,nominal_90,random_forest,available_weather=672;climatology_fallback=72,0.7408988599528303,126.61999999999999,93.81261364722737
2026-08-22 19:00:00,2026-08-22,20,26.5,-0.07348772823809888,-0.0841128194999998,0.05392396825195109,0.6769335910000001,-0.0841128194999998,-1.8892721595000022,1.7210465205000025,nominal_90,random_forest,available_weather=672;climatology_fallback=72,0.7408988599528303,127.72533333333334,94.63155385376191
2026-08-22 20:00:00,2026-08-22,21,25.1,-0.06406710225447357,0.05567784750000011,0.16208115099802767,0.577975742,0.05567784750000011,-1.5785523124999994,1.6899080074999997,nominal_90,random_forest,available_weather=672;climatology_fallback=72,0.7408988599528303,135.485,100.38068204070923
2026-08-22 21:00:00,2026-08-22,22,24.0,0.036678707569040125,0.128495145,0.09965531260961044,0.2900983565000002,0.128495145,-1.387033465000002,1.644023755000002,nominal_90,random_forest,available_weather=672;climatology_fallback=72,0.7408988599528303,129.78883333333334,96.16039865127458
2026-08-22 22:00:00,2026-08-22,23,23.0,0.11323043522245399,0.14593930500000002,0.1666079046343404,0.3364189994999998,0.14593930500000002,-1.4428287099999983,1.7347073199999983,nominal_90,random_forest,available_weather=672;climatology_fallback=72,0.7408988599528303,114.98150000000001,85.18966226566637
2026-08-22 23:00:00,2026-08-22,24,22.1,0.11456555597849806,0.17037549249999992,0.20233466992572618,0.35981746250000013,0.17037549249999992,-1.2289327775000003,1.5696837625,nominal_90,random_forest,available_weather=672;climatology_fallback=72,0.7408988599528303,104.29433333333333,77.27155266620713
2026-08-23 00:00:00,2026-08-23,1,21.4,0.13539388449123876,0.23660951249999976,0.24652497428238546,0.5735275799999998,0.23660951249999976,-0.9925769975000008,1.4657960225000004,nominal_90,random_forest,available_weather=672;climatology_fallback=72,0.7408988599528303,100.29383333333334,74.30758677696585
2026-08-23 01:00:00,2026-08-23,2,20.9,0.1889273214774701,0.31495185499999984,0.18557557028286714,0.42190233199999994,0.31495185499999984,-0.9524965449999987,1.5824002549999985,nominal_90,random_forest,available_weather=672;climatology_fallback=72,0.7408988599528303,97.15716666666667,71.98363401958046
2026-08-23 02:00:00,2026-08-23,3,20.6,0.23958713020036382,0.4217973974999999,0.3073103236336858,0.30927361449999996,0.4217973974999999,-0.8146860425000008,1.6582808375000004,nominal_90,random_forest,available_weather=672;climatology_fallback=72,0.7408988599528303,91.5145,67.80298871915329
2026-08-23 03:00:00,2026-08-23,4,20.6,0.3211630266013409,0.3494580949999998,0.3073103236336858,0.4456548904999997,0.3494580949999998,-0.8381239250000007,1.5370401150000004,nominal_90,random_forest,available_weather=672;climatology_fallback=72,0.7408988599528303,83.86333333333333,62.134248058510856
2026-08-23 04:00:00,2026-08-23,5,20.7,0.2725028450896074,0.3583079284999997,0.3073103236336858,0.33135713399999994,0.3583079284999997,-0.7761728814999997,1.4927887384999992,nominal_90,random_forest,available_weather=672;climatology_fallback=72,0.7408988599528303,83.74,62.04287053245001
2026-08-23 05:00:00,2026-08-23,6,21.0,0.27706506899539796,0.6022828369999997,0.34689014173762633,0.33792341999999986,0.6022828369999997,-0.9069631830000005,2.1115288569999997,nominal_90,random_forest,available_weather=672;climatology_fallback=72,0.7408988599528303,79.10816666666666,58.61115049629183
2026-08-23 06:00:00,2026-08-23,7,21.6,0.45516021350684377,0.6020136805,0.8972171177344611,0.34926269149999994,0.6020136805,-1.0320162094999985,2.236043570499999,nominal_90,random_forest,available_weather=672;climatology_fallback=72,0.7408988599528303,61.86933333333333,45.838918532708306
2026-08-23 07:00:00,2026-08-23,8,22.3,0.48631317660149376,0.5236956604999999,0.8871369401721003,0.6910042444999996,0.5236956604999999,-1.8707797520000007,2.918171073000001,nominal_90,random_forest,available_weather=672;climatology_fallback=72,0.7408988599528303,57.118500000000004,42.319031532215746
2026-08-23 08:00:00,2026-08-23,9,23.3,0.3965945112292816,0.32086028300000025,0.4200678281103445,0.5649156199999998,0.32086028300000025,-1.7418782469999978,2.383598812999998,nominal_90,random_forest,available_weather=672;climatology_fallback=72,0.7408988599528303,52.17933333333334,38.65960857976539
2026-08-23 09:00:00,2026-08-23,10,24.8,0.2811143724489915,0.34143051499999993,0.29229067033560124,0.28293731750000023,0.34143051499999993,-2.254469137499999,2.937330167499999,nominal_90,random_forest,available_weather=672;climatology_fallback=72,0.7408988599528303,42.06633333333333,31.166898409062412
2026-08-23 10:00:00,2026-08-23,11,26.8,0.2781993719519731,0.27165811000000006,0.30741151645010406,0.39526335299999993,0.27165811000000006,-2.713427095000001,3.2567433150000014,nominal_90,random_forest,available_weather=672;climatology_fallback=72,0.7408988599528303,37.932,28.103775555730763
2026-08-23 11:00:00,2026-08-23,12,29.1,0.1704615240086925,0.8717945719999999,0.38324020456283003,0.41157861350000013,0.8717945719999999,-1.5663264580000011,3.3099156020000007,nominal_90,random_forest,available_weather=672;climatology_fallback=72,0.7408988599528303,34.75566666666667,25.750433810233922
2026-08-23 12:00:00,2026-08-23,13,31.2,0.5884907739428418,0.3452276549999999,0.4948364776405714,0.38192068450000016,0.3452276549999999,-1.7089258649999999,2.399381175,nominal_90,random_forest,available_weather=672;climatology_fallback=72,0.7408988599528303,29.455166666666667,21.823299403053944
2026-08-23 13:00:00,2026-08-23,14,32.9,0.3315282565260921,0.25354016649999994,0.10570757824534015,0.6285903635,0.25354016649999994,-2.134121823499999,2.641202156499999,nominal_90,random_forest,available_weather=672;climatology_fallback=72,0.7408988599528303,33.6455,24.927912592542953
2026-08-23 14:00:00,2026-08-23,15,33.7,0.1819400840870911,0.23589012049999997,0.08938055894279427,0.44243989499999953,0.23589012049999997,-1.8761751294999998,2.3479553705,nominal_90,random_forest,available_weather=672;climatology_fallback=72,0.7408988599528303,32.3995,24.004752613041727
2026-08-23 15:00:00,2026-08-23,16,33.6,0.0763329529400312,0.16762374999999985,-0.01623901859567389,0.2606551850000001,0.16762374999999985,-1.8145634199999998,2.1498109199999993,nominal_90,random_forest,available_weather=672;climatology_fallback=72,0.7408988599528303,42.68333333333333,31.624033005653306
2026-08-23 16:00:00,2026-08-23,17,32.8,0.05031856462199,0.10476544449999987,0.03195342251031323,0.3665704365000002,0.10476544449999987,-2.2422460954999988,2.4517769844999986,nominal_90,random_forest,available_weather=672;climatology_fallback=72,0.7408988599528303,67.2505,49.825818781257816
2026-08-23 17:00:00,2026-08-23,18,31.5,0.028987665986154515,-0.03658761250000004,-0.06358943193172871,0.4308807095,-0.03658761250000004,-2.2364583025000004,2.1632830775000005,nominal_90,random_forest,available_weather=672;climatology_fallback=72,0.7408988599528303,82.6125,61.20750706785319
2026-08-23 18:00:00,2026-08-23,19,30.0,-0.041470692371683354,-0.07910300449999999,0.10931684860789123,0.40733172950000024,-0.07910300449999999,-1.8495137144999994,1.6913077054999992,nominal_90,random_forest,available_weather=672;climatology_fallback=72,0.7408988599528303,126.61999999999999,93.81261364722737
2026-08-23 19:00:00,2026-08-23,20,28.5,-0.06788887733138374,-0.07235300899999991,0.09469554172494218,0.6092013075000001,-0.07235300899999991,-1.8775123490000023,1.7328063310000024,nominal_90,random_forest,available_weather=672;climatology_fallback=72,0.7408988599528303,127.72533333333334,94.63155385376191
2026-08-23 20:00:00,2026-08-23,21,27.3,-0.07861001204884474,-0.09766619049999989,0.1994286360939822,0.501496243,-0.09766619049999989,-1.7318963504999993,1.5365639694999997,nominal_90,random_forest,available_weather=672;climatology_fallback=72,0.7408988599528303,135.485,100.38068204070923
2026-08-23 21:00:00,2026-08-23,22,26.2,-0.09442444011260867,-0.06602485999999991,0.051518567508573324,0.30476038400000005,-0.06602485999999991,-1.581553470000002,1.449503750000002,nominal_90,random_forest,available_weather=672;climatology_fallback=72,0.7408988599528303,129.78883333333334,96.16039865127458
2026-08-23 22:00:00,2026-08-23,23,25.1,-0.06894919019983137,-0.004038904999999981,0.20264726709632808,0.47105925150000005,-0.004038904999999981,-1.5928069199999983,1.5847291099999983,nominal_90,random_forest,available_weather=672;climatology_fallback=72,0.7408988599528303,114.98150000000001,85.18966226566637
2026-08-23 23:00:00,2026-08-23,24,24.0,-0.01756556194067105,0.09986718999999995,0.14110375129293962,0.3436565925000002,0.09986718999999995,-1.2994410800000002,1.49917546,nominal_90,random_forest,available_weather=672;climatology_fallback=72,0.7408988599528303,104.29433333333333,77.27155266620713
2026-08-24 00:00:00,2026-08-24,1,23.0,-0.029077799168866297,0.14723166999999993,0.11128637138638928,0.27808251999999994,0.14723166999999993,-1.0819548400000008,1.3764181800000004,nominal_90,random_forest,available_weather=672;climatology_fallback=72,0.7408988599528303,100.29383333333334,74.30758677696585
2026-08-24 01:00:00,2026-08-24,2,22.2,0.018322799847433374,0.215003095,0.1666079046343404,0.3215496974999999,0.215003095,-1.0524453049999987,1.4824514949999985,nominal_90,random_forest,available_weather=672;climatology_fallback=72,0.7408988599528303,97.15716666666667,71.98363401958046
2026-08-24 02:00:00,2026-08-24,3,21.7,0.0684050256297021,0.1600988175,0.17935561906878283,0.4233488574999998,0.1600988175,-1.0763846225000007,1.3965822575000006,nominal_90,random_forest,available_weather=672;climatology_fallback=72,0.7408988599528303,91.5145,67.80298871915329
2026-08-24 03:00:00,2026-08-24,4,21.5,0.02432530683299619,0.20967570499999993,0.21774022762650844,0.292038694,0.20967570499999993,-0.9779063150000005,1.3972577250000005,nominal_90,random_forest,available_weather=672;climatology_fallback=72,0.7408988599528303,83.86333333333333,62.134248058510856
2026-08-24 04:00:00,2026-08-24,5,21.4,0.04892921460738789,0.2823695625,0.23048794206095088,0.3972572819999997,0.2823695625,-0.8521112474999994,1.4168503724999995,nominal_90,random_forest,available_weather=672;climatology_fallback=72,0.7408988599528303,83.74,62.04287053245001
2026-08-24 05:00:00,2026-08-24,6,21.6,0.12409877694275381,0.4311440534999999,0.2993211074530508,0.31913400599999997,0.4311440534999999,-1.0781019665000002,1.9403900735000001,nominal_90,random_forest,available_weather=672;climatology_fallback=72,0.7408988599528303,79.10816666666666,58.61115049629183
2026-08-24 06:00:00,2026-08-24,7,22.0,0.23791253299739093,0.4585189719999999,0.2993211074530508,0.28831186599999975,0.4585189719999999,-1.1755109179999987,2.0925488619999983,nominal_90,random_forest,available_weather=672;climatology_fallback=72,0.7408988599528303,61.86933333333333,45.838918532708306
2026-08-24 07:00:00,2026-08-24,8,22.6,0.26086061532011995,0.4075914250000001,0.3676458590501571,0.3080925424999999,0.4075914250000001,-1.9868839875000006,2.802066837500001,nominal_90,random_forest,available_weather=672;climatology_fallback=72,0.7408988599528303,57.118500000000004,42.319031532215746
2026-08-24 08:00:00,2026-08-24,9,23.5,0.2105015937166261,0.7165799294999998,0.3659651727435038,0.8559879645000003,0.7165799294999998,-1.3461586004999981,2.779318459499998,nominal_90,random_forest,available_weather=672;climatology_fallback=72,0.7408988599528303,52.17933333333334,38.65960857976539
2026-08-24 09:00:00,2026-08-24,10,25.0,0.4192226753345954,0.5708030469999997,0.5926639285601474,0.5154946009999997,0.5708030469999997,-2.0250966054999995,3.1667026994999987,nominal_90,random_forest,available_weather=672;climatology_fallback=72,0.7408988599528303,42.06633333333333,31.166898409062412
2026-08-24 10:00:00,2026-08-24,11,27.1,0.33955627979213554,0.2839060165,0.4616961339838625,0.3005703925000001,0.2839060165,-2.701179188500001,3.268991221500001,nominal_90,random_forest,available_weather=672;climatology_fallback=72,0.7408988599528303,37.932,28.103775555730763
2026-08-24 11:00:00,2026-08-24,12,29.5,0.19200628534936584,0.20493236300000003,0.21056414496860015,0.37936636749999997,0.20493236300000003,-2.2331886670000007,2.643053393000001,nominal_90,random_forest,available_weather=672;climatology_fallback=72,0.7408988599528303,34.75566666666667,25.750433810233922
2026-08-24 12:00:00,2026-08-24,13,31.7,0.04391690668419704,0.04024098499999988,-0.07364491900168295,0.37470144450000015,0.04024098499999988,-2.013912535,2.094394505,nominal_90,random_forest,available_weather=672;climatology_fallback=72,0.7408988599528303,29.455166666666667,21.823299403053944
2026-08-24 13:00:00,2026-08-24,14,33.4,-0.1097348967451213,-0.04054537700000002,-0.15986209949006883,0.28628930750000026,-0.04054537700000002,-2.428207366999999,2.347116612999999,nominal_90,random_forest,available_weather=672;climatology_fallback=72,0.7408988599528303,33.6455,24.927912592542953
2026-08-24 14:00:00,2026-08-24,15,34.4,-0.18891698454074893,-0.041737309499999986,-0.1718775484405357,0.2449565485,-0.041737309499999986,-2.1538025595,2.0703279404999995,nominal_90,random_forest,available_weather=672;climatology_fallback=72,0.7408988599528303,32.3995,24.004752613041727
2026-08-24 15:00:00,2026-08-24,16,34.3,-0.2270614880943634,0.015489579999999989,-0.1641625257901631,0.16046865849999992,0.015489579999999989,-1.9666975899999997,1.9976767499999994,nominal_90,random_forest,available_weather=672;climatology_fallback=72,0.7408988599528303,42.68333333333333,31.624033005653306
2026-08-24 16:00:00,2026-08-24,17,33.6,-0.19466495817242804,0.025970993999999897,0.003954418507279251,0.05351145249999992,0.025970993999999897,-2.321040545999999,2.3729825339999984,nominal_90,random_forest,available_weather=672;climatology_fallback=72,0.7408988599528303,67.2505,49.825818781257816
2026-08-24 17:00:00,2026-08-24,18,32.4,-0.17696581548345633,0.07315602949999989,0.008823378592661253,0.046777249,0.07315602949999989,-2.1267146605000007,2.2730267195000002,nominal_90,random_forest,available_weather=672;climatology_fallback=72,0.7408988599528303,82.6125,61.20750706785319
2026-08-24 18:00:00,2026-08-24,19,30.9,-0.1372867440835762,0.057754480999999795,0.2223374806850369,0.04031937699999995,0.057754480999999795,-1.7126562289999996,1.828165190999999,nominal_90,random_forest,available_weather=672;climatology_fallback=72,0.7408988599528303,126.61999999999999,93.81261364722737
2026-08-24 19:00:00,2026-08-24,20,29.4,-0.12758768122905514,0.0651732699999998,0.19554586242102495,0.10400234249999998,0.0651732699999998,-1.7399860700000025,1.8703326100000022,nominal_90,random_forest,available_weather=672;climatology_fallback=72,0.7408988599528303,127.72533333333334,94.63155385376191
2026-08-24 20:00:00,2026-08-24,21,28.2,-0.1251058401529089,0.1011895054999999,0.18816930708836815,0.10366273299999998,0.1011895054999999,-1.5330406544999997,1.7354196654999994,nominal_90,random_forest,available_weather=672;climatology_fallback=72,0.7408988599528303,135.485,100.38068204070923
2026-08-24 21:00:00,2026-08-24,22,27.0,-0.08592777796728904,0.028152833499999926,0.15531655903094208,0.19966791249999996,0.028152833499999926,-1.4873757765000022,1.543681443500002,nominal_90,random_forest,available_weather=672;climatology_fallback=72,0.7408988599528303,129.78883333333334,96.16039865127458
2026-08-24 22:00:00,2026-08-24,23,25.7,-0.11052533239267862,0.18184547249999994,0.2053958649038492,0.22209097000000014,0.18184547249999994,-1.4069225424999985,1.7706134874999981,nominal_90,random_forest,available_weather=672;climatology_fallback=72,0.7408988599528303,114.98150000000001,85.18966226566637
2026-08-24 23:00:00,2026-08-24,24,24.4,-0.002701699720422668,0.16626241749999993,0.1666079046343404,0.1281395925,0.16626241749999993,-1.2330458525,1.5655706875000002,nominal_90,random_forest,available_weather=672;climatology_fallback=72,0.7408988599528303,104.29433333333333,77.27155266620713
2026-08-25 00:00:00,2026-08-25,1,23.2,0.026742379159422708,0.18706968249999992,0.11757388307517805,0.17747803499999992,0.18706968249999992,-1.0421168275000006,1.4162561925000006,nominal_90,random_forest,available_weather=672;climatology_fallback=72,0.7408988599528303,100.29383333333334,74.30758677696585
2026-08-25 01:00:00,2026-08-25,2,22.3,0.02085374851554686,0.33218089749999996,0.26571642953019575,0.18559958000000004,0.33218089749999996,-0.9352675024999986,1.5996292974999986,nominal_90,random_forest,available_weather=672;climatology_fallback=72,0.7408988599528303,97.15716666666667,71.98363401958046
2026-08-25 02:00:00,2026-08-25,3,21.8,0.13786037298644413,0.3924781899999998,0.2993211074530508,0.32632616999999997,0.3924781899999998,-0.8440052500000008,1.6289616300000005,nominal_90,random_forest,available_weather=672;climatology_fallback=72,0.7408988599528303,91.5145,67.80298871915329
2026-08-25 03:00:00,2026-08-25,4,21.6,0.19931526204043454,0.3992333999999997,0.2993211074530508,0.31750913849999995,0.3992333999999997,-0.7883486200000007,1.5868154200000002,nominal_90,random_forest,available_weather=672;climatology_fallback=72,0.7408988599528303,83.86333333333333,62.134248058510856
2026-08-25 04:00:00,2026-08-25,5,21.7,0.1926763428682103,0.8777631925000006,0.4162133135108333,0.3667922159999999,0.8777631925000006,-0.2567176174999989,2.0122440025,nominal_90,random_forest,available_weather=672;climatology_fallback=72,0.7408988599528303,83.74,62.04287053245001
2026-08-25 05:00:00,2026-08-25,6,22.1,0.5795199825023871,0.7578784404999999,0.6466516825371692,0.6914930784999997,0.7578784404999999,-0.7513675795000003,2.2671244605,nominal_90,random_forest,available_weather=672;climatology_fallback=72,0.7408988599528303,79.10816666666666,58.61115049629183
2026-08-25 06:00:00,2026-08-25,7,22.7,0.5542169670134794,0.768482557,0.571669287237588,0.6503389319999997,0.768482557,-0.8655473329999985,2.4025124469999986,nominal_90,random_forest,available_weather=672;climatology_fallback=72,0.7408988599528303,61.86933333333333,45.838918532708306
2026-08-25 07:00:00,2026-08-25,8,23.5,0.47330568319136124,0.6406509455,0.5874527110831687,0.5154857819999998,0.6406509455,-1.7538244670000007,3.0351263580000007,nominal_90,random_forest,available_weather=672;climatology_fallback=72,0.7408988599528303,57.118500000000004,42.319031532215746
2026-08-25 08:00:00,2026-08-25,9,24.4,0.4114903593855713,0.42815742200000023,0.5630608722735166,0.2786183595000002,0.42815742200000023,-1.634581107999998,2.4908959519999985,nominal_90,random_forest,available_weather=672;climatology_fallback=72,0.7408988599528303,52.17933333333334,38.65960857976539
2026-08-25 09:00:00,2026-08-25,10,25.8,0.28240898065311537,0.27817542500000014,0.2557266135753516,0.3244541825,0.27817542500000014,-2.317724227499999,2.8740750774999992,nominal_90,random_forest,available_weather=672;climatology_fallback=72,0.7408988599528303,42.06633333333333,31.166898409062412
2026-08-25 10:00:00,2026-08-25,11,27.6,0.13695029558280253,0.2159535295,0.27508318210366606,0.35803138749999996,0.2159535295,-2.769131675500001,3.2010387345000013,nominal_90,random_forest,available_weather=672;climatology_fallback=72,0.7408988599528303,37.932,28.103775555730763
2026-08-25 11:00:00,2026-08-25,12,29.6,0.04620970463399268,0.06534459149999997,0.08081649094514555,0.5701000300000001,0.06534459149999997,-2.3727764385000008,2.503465621500001,nominal_90,random_forest,available_weather=672;climatology_fallback=72,0.7408988599528303,34.75566666666667,25.750433810233922
2026-08-25 12:00:00,2026-08-25,13,31.5,-0.08675881489062107,-0.011459919000000006,-0.1533452254608553,0.34149167749999987,-0.011459919000000006,-2.065613439,2.042693601,nominal_90,random_forest,available_weather=672;climatology_fallback=72,0.7408988599528303,29.455166666666667,21.823299403053944
2026-08-25 13:00:00,2026-08-25,14,33.0,-0.1668041488398607,-0.05995058400000005,-0.15986209949006883,0.3225948900000001,-0.05995058400000005,-2.447612573999999,2.327711405999999,nominal_90,random_forest,available_weather=672;climatology_fallback=72,0.7408988599528303,33.6455,24.927912592542953
2026-08-25 14:00:00,2026-08-25,15,33.7,-0.2239925237647876,-0.05544431149999995,-0.13890878115541386,0.32559977250000016,-0.05544431149999995,-2.1675095614999997,2.0566209384999996,nominal_90,random_forest,available_weather=672;climatology_fallback=72,0.7408988599528303,32.3995,24.004752613041727
2026-08-25 15:00:00,2026-08-25,16,33.6,-0.21969685496440225,-0.11376657049999993,-0.08962276932240101,0.6188987825000001,-0.11376657049999993,-2.0959537404999993,1.8684205994999996,nominal_90,random_forest,available_weather=672;climatology_fallback=72,0.7408988599528303,42.68333333333333,31.624033005653306
2026-08-25 16:00:00,2026-08-25,17,32.9,-0.24878716065547443,-0.05896208099999984,-0.16582199228098177,0.40996241999999955,-0.05896208099999984,-2.4059736209999985,2.288049458999999,nominal_90,random_forest,available_weather=672;climatology_fallback=72,0.7408988599528303,67.2505,49.825818781257816
2026-08-25 17:00:00,2026-08-25,18,31.8,-0.20995012312910447,-0.07643250199999989,0.029776696927316222,0.33337970749999996,-0.07643250199999989,-2.2763031920000003,2.1234381880000006,nominal_90,random_forest,available_weather=672;climatology_fallback=72,0.7408988599528303,82.6125,61.20750706785319
2026-08-25 18:00:00,2026-08-25,19,30.5,-0.20215108155114683,-0.08321008999999986,0.1537116802079634,0.4154310774999999,-0.08321008999999986,-1.8536207999999992,1.6872006199999994,nominal_90,random_forest,available_weather=672;climatology_fallback=72,0.7408988599528303,126.61999999999999,93.81261364722737
2026-08-25 19:00:00,2026-08-25,20,29.2,-0.20354927715388646,-0.08449352999999987,0.13875814229060307,0.43926998949999957,-0.08449352999999987,-1.8896528700000021,1.7206658100000025,nominal_90,random_forest,available_weather=672;climatology_fallback=72,0.7408988599528303,127.72533333333334,94.63155385376191
2026-08-25 20:00:00,2026-08-25,21,28.0,-0.20347446921023635,-0.08573241349999983,0.17616887267559916,0.32131940699999995,-0.08573241349999983,-1.7199625734999993,1.5484977464999998,nominal_90,random_forest,available_weather=672;climatology_fallback=72,0.7408988599528303,135.485,100.38068204070923
2026-08-25 21:00:00,2026-08-25,22,26.9,-0.2081692125845088,-0.05654391599999983,0.13193896008650643,0.316651529,-0.05654391599999983,-1.572072526000002,1.4589846940000022,nominal_90,random_forest,available_weather=672;climatology_fallback=72,0.7408988599528303,129.78883333333334,96.16039865127458
2026-08-25 22:00:00,2026-08-25,23,25.7,-0.1710733050293002,0.034878242499999976,0.22730642690649133,0.3113239949999999,0.034878242499999976,-1.5538897724999983,1.6236462574999984,nominal_90,random_forest,available_weather=672;climatology_fallback=72,0.7408988599528303,114.98150000000001,85.18966226566637
2026-08-25 23:00:00,2026-08-25,24,24.5,-0.08430770323741812,0.08232867249999996,0.09965531260961044,0.6306997734999998,0.08232867249999996,-1.3169795975000003,1.4816369425,nominal_90,random_forest,available_weather=672;climatology_fallback=72,0.7408988599528303,104.29433333333333,77.27155266620713
2026-08-26 00:00:00,2026-08-26,1,23.3,-0.03535561680658747,0.12052786749999994,0.05062129105044814,0.4297123414999999,0.12052786749999994,-1.1086586425000007,1.3497143775000005,nominal_90,random_forest,available_weather=672;climatology_fallback=72,0.7408988599528303,100.29383333333334,74.30758677696585
2026-08-26 01:00:00,2026-08-26,2,22.5,-0.0083867348557769,0.20733735999999983,0.16483863966778964,0.2941976449999999,0.20733735999999983,-1.0601110399999987,1.4747857599999985,nominal_90,random_forest,available_weather=672;climatology_fallback=72,0.7408988599528303,97.15716666666667,71.98363401958046
2026-08-26 02:00:00,2026-08-26,3,22.0,0.06057890097090568,0.15660838,0.17935561906878283,0.3444160154999998,0.15660838,-1.0798750600000007,1.3930918200000006,nominal_90,random_forest,available_weather=672;climatology_fallback=72,0.7408988599528303,91.5145,67.80298871915329
2026-08-26 03:00:00,2026-08-26,4,21.9,0.029245266615758075,0.15255964999999988,0.16483863966778964,0.2990390709999998,0.15255964999999988,-1.0350223700000005,1.3401416700000004,nominal_90,random_forest,available_weather=672;climatology_fallback=72,0.7408988599528303,83.86333333333333,62.134248058510856
2026-08-26 04:00:00,2026-08-26,5,22.1,0.056798474490662776,0.2811024549999999,0.25345651032397803,0.6437400249999997,0.2811024549999999,-0.8533783549999996,1.4155832649999993,nominal_90,random_forest,available_weather=672;climatology_fallback=72,0.7408988599528303,83.74,62.04287053245001
2026-08-26 05:00:00,2026-08-26,6,22.6,0.13272745824280285,0.44927415350000005,0.3350373901505204,0.5659234659999997,0.44927415350000005,-1.0599718665000002,1.9585201735000002,nominal_90,random_forest,available_weather=672;climatology_fallback=72,0.7408988599528303,79.10816666666666,58.61115049629183
2026-08-26 06:00:00,2026-08-26,7,23.2,0.2680694641182876,0.48415278349999985,0.40336214174762675,0.41030222599999994,0.48415278349999985,-1.1498771064999986,2.1181826734999984,nominal_90,random_forest,available_weather=672;climatology_fallback=72,0.7408988599528303,61.86933333333333,45.838918532708306
2026-08-26 07:00:00,2026-08-26,8,24.0,0.27894675722267426,0.38675434000000003,0.42879701454400293,0.24129840449999995,0.38675434000000003,-2.0077210725000008,2.7812297525000007,nominal_90,random_forest,available_weather=672;climatology_fallback=72,0.7408988599528303,57.118500000000004,42.319031532215746
2026-08-26 08:00:00,2026-08-26,9,24.9,0.18899248012191802,0.4155921449999999,0.2843014541549662,0.29087906749999987,0.4155921449999999,-1.647146384999998,2.478330674999998,nominal_90,random_forest,available_weather=672;climatology_fallback=72,0.7408988599528303,52.17933333333334,38.65960857976539
2026-08-26 09:00:00,2026-08-26,10,26.1,0.177708183931486,0.2661425100000001,0.2637060175719994,0.2619891949999999,0.2661425100000001,-2.329757142499999,2.862042162499999,nominal_90,random_forest,available_weather=672;climatology_fallback=72,0.7408988599528303,42.06633333333333,31.166898409062412
2026-08-26 10:00:00,2026-08-26,11,27.7,0.09908914420724077,0.16089696299999987,0.27508318210366606,0.6667124500000002,0.16089696299999987,-2.8241882420000013,3.145982168000001,nominal_90,random_forest,available_weather=672;climatology_fallback=72,0.7408988599528303,37.932,28.103775555730763
2026-08-26 11:00:00,2026-08-26,12,29.5,0.0022776984550723633,0.05696563449999991,0.06806877651070313,0.4443042164999998,0.05696563449999991,-2.381155395500001,2.495086664500001,nominal_90,random_forest,available_weather=672;climatology_fallback=72,0.7408988599528303,34.75566666666667,25.750433810233922
2026-08-26 12:00:00,2026-08-26,13,31.1,-0.10172909660204768,0.0068414629999999695,-0.08536570058149924,0.2770130645,0.0068414629999999695,-2.047312057,2.0609949829999996,nominal_90,random_forest,available_weather=672;climatology_fallback=72,0.7408988599528303,29.455166666666667,21.823299403053944
2026-08-26 13:00:00,2026-08-26,14,32.3,-0.16087868980722989,-0.04588188250000012,-0.07818434138315969,0.3353992584999999,-0.04588188250000012,-2.433543872499999,2.3417801074999987,nominal_90,random_forest,available_weather=672;climatology_fallback=72,0.7408988599528303,33.6455,24.927912592542953
2026-08-26 14:00:00,2026-08-26,15,32.9,-0.20818059116840834,-0.027900970500000035,-0.05723102304850471,0.3173245595000001,-0.027900970500000035,-2.1399662205,2.0841642794999995,nominal_90,random_forest,available_weather=672;climatology_fallback=72,0.7408988599528303,32.3995,24.004752613041727
2026-08-26 15:00:00,2026-08-26,16,32.7,-0.2016129912570178,-0.06936332900000006,-0.037395141045686434,0.5317417475000001,-0.06936332900000006,-2.0515504989999997,1.9128238409999996,nominal_90,random_forest,available_weather=672;climatology_fallback=72,0.7408988599528303,42.68333333333333,31.624033005653306
2026-08-26 16:00:00,2026-08-26,17,31.9,-0.21698047308759336,-0.024680386499999943,-0.004542392988260334,0.3185240630000001,-0.024680386499999943,-2.3716919264999987,2.3223311534999986,nominal_90,random_forest,available_weather=672;climatology_fallback=72,0.7408988599528303,67.2505,49.825818781257816
2026-08-26 17:00:00,2026-08-26,18,30.7,-0.1820872066851024,-0.04538267100000001,0.07203392210105436,0.28026375299999995,-0.04538267100000001,-2.2452533610000005,2.1544880190000004,nominal_90,random_forest,available_weather=672;climatology_fallback=72,0.7408988599528303,82.6125,61.20750706785319
2026-08-26 18:00:00,2026-08-26,19,29.3,-0.17529009584830077,-0.04584814749999989,0.10005190102537219,0.3197865470000001,-0.04584814749999989,-1.8162588574999992,1.7245625624999994,nominal_90,random_forest,available_weather=672;climatology_fallback=72,0.7408988599528303,126.61999999999999,93.81261364722737
2026-08-26 19:00:00,2026-08-26,20,28.0,-0.16389480323909908,-0.11381948449999997,0.17435310379962454,0.572153292,-0.11381948449999997,-1.9189788245000023,1.6913398555000023,nominal_90,random_forest,available_weather=672;climatology_fallback=72,0.7408988599528303,127.72533333333334,94.63155385376191
2026-08-26 20:00:00,2026-08-26,21,26.9,-0.19649983247773914,-0.07612687949999987,0.012352979069310849,0.4156395099999999,-0.07612687949999987,-1.7103570394999994,1.5581032804999997,nominal_90,random_forest,available_weather=672;climatology_fallback=72,0.7408988599528303,135.485,100.38068204070923
2026-08-26 21:00:00,2026-08-26,22,26.0,-0.18257083276853456,0.03462345000000014,0.17239399173992564,0.3610202584999999,0.03462345000000014,-1.4809051600000018,1.5501520600000023,nominal_90,random_forest,available_weather=672;climatology_fallback=72,0.7408988599528303,129.78883333333334,96.16039865127458
2026-08-26 22:00:00,2026-08-26,23,25.0,-0.08737593493026594,0.18018484500000007,0.09965531260961044,0.3664700289999999,0.18018484500000007,-1.4085831699999982,1.7689528599999984,nominal_90,random_forest,available_weather=672;climatology_fallback=72,0.7408988599528303,114.98150000000001,85.18966226566637
2026-08-26 23:00:00,2026-08-26,24,24.1,0.038493435909503576,0.15296746249999998,0.1666079046343404,0.4720026874999997,0.15296746249999998,-1.2463408075000002,1.5522757325,nominal_90,random_forest,available_weather=672;climatology_fallback=72,0.7408988599528303,104.29433333333333,77.27155266620713
2026-08-27 00:00:00,2026-08-27,1,23.2,0.02959521972925852,0.20835984999999993,0.11757388307517805,0.3430087275000001,0.20835984999999993,-1.0208266600000007,1.4375463600000005,nominal_90,random_forest,available_weather=672;climatology_fallback=72,0.7408988599528303,100.29383333333334,74.30758677696585
2026-08-27 01:00:00,2026-08-27,2,22.6,0.04677001372430881,0.34586490750000004,0.26571642953019575,0.28552761849999986,0.34586490750000004,-0.9215834924999986,1.6133133074999986,nominal_90,random_forest,available_weather=672;climatology_fallback=72,0.7408988599528303,97.15716666666667,71.98363401958046
2026-08-27 02:00:00,2026-08-27,3,22.2,0.155842844056961,0.4018656899999998,0.2993211074530508,0.30204793749999975,0.4018656899999998,-0.8346177500000009,1.6383491300000004,nominal_90,random_forest,available_weather=672;climatology_fallback=72,0.7408988599528303,91.5145,67.80298871915329
2026-08-27 03:00:00,2026-08-27,4,22.1,0.2121556074589572,0.43154398499999985,0.2993211074530508,0.5626197724999997,0.43154398499999985,-0.7560380350000007,1.6191260050000003,nominal_90,random_forest,available_weather=672;climatology_fallback=72,0.7408988599528303,83.86333333333333,62.134248058510856
2026-08-27 04:00:00,2026-08-27,5,22.2,0.22040291643404084,0.4358438034999996,0.33278032995574497,0.36659957700000007,0.4358438034999996,-0.6986370064999998,1.570324613499999,nominal_90,random_forest,available_weather=672;climatology_fallback=72,0.7408988599528303,83.74,62.04287053245001
2026-08-27 05:00:00,2026-08-27,6,22.5,0.22494700681421267,0.8570881199999999,0.44930957763869467,0.2638462719999999,0.8570881199999999,-0.6521579000000003,2.36633414,nominal_90,random_forest,available_weather=672;climatology_fallback=72,0.7408988599528303,79.10816666666666,58.61115049629183
2026-08-27 06:00:00,2026-08-27,7,22.9,0.5564535123691545,0.7976345174999997,0.5817494647999488,0.3034614419999999,0.7976345174999997,-0.8363953724999988,2.4316644074999982,nominal_90,random_forest,available_weather=672;climatology_fallback=72,0.7408988599528303,61.86933333333333,45.838918532708306
2026-08-27 07:00:00,2026-08-27,8,23.6,0.5583171464893613,0.6452119979999996,0.571669287237588,0.31860052399999994,0.6452119979999996,-1.749263414500001,3.0396874105000005,nominal_90,random_forest,available_weather=672;climatology_fallback=72,0.7408988599528303,57.118500000000004,42.319031532215746
2026-08-27 08:00:00,2026-08-27,9,24.4,0.4341424240963724,0.5014782315000003,0.5630608722735166,0.8067893925000004,0.5014782315000003,-1.561260298499998,2.564216761499998,nominal_90,random_forest,available_weather=672;climatology_fallback=72,0.7408988599528303,52.17933333333334,38.65960857976539
2026-08-27 09:00:00,2026-08-27,10,25.7,0.3144340895090577,0.2544310685000002,0.3852730363166455,0.5074024774999997,0.2544310685000002,-2.341468583999999,2.8503307209999993,nominal_90,random_forest,available_weather=672;climatology_fallback=72,0.7408988599528303,42.06633333333333,31.166898409062412
2026-08-27 10:00:00,2026-08-27,11,27.5,0.13743740909150062,0.18859276799999988,0.2090046465455202,0.2996310000000001,0.18859276799999988,-2.7964924370000013,3.173677973000001,nominal_90,random_forest,available_weather=672;climatology_fallback=72,0.7408988599528303,37.932,28.103775555730763
2026-08-27 11:00:00,2026-08-27,12,29.5,0.036779890843678525,0.06146378749999986,0.08081649094514555,0.3505747285,0.06146378749999986,-2.376657242500001,2.4995848175000006,nominal_90,random_forest,available_weather=672;climatology_fallback=72,0.7408988599528303,34.75566666666667,25.750433810233922
2026-08-27 12:00:00,2026-08-27,13,31.4,-0.08663178445229222,-0.0014437670000000797,-0.10111759718414078,0.3385841560000001,-0.0014437670000000797,-2.055597287,2.052709753,nominal_90,random_forest,available_weather=672;climatology_fallback=72,0.7408988599528303,29.455166666666667,21.823299403053944
2026-08-27 13:00:00,2026-08-27,14,32.9,-0.14327379694183132,-0.08980001950000005,-0.07818434138315969,0.6999697184999999,-0.08980001950000005,-2.477462009499999,2.2978619704999987,nominal_90,random_forest,available_weather=672;climatology_fallback=72,0.7408988599528303,33.6455,24.927912592542953
2026-08-27 14:00:00,2026-08-27,15,33.7,-0.22573835106537024,-0.05457926050000005,-0.1662829940645116,0.2967523929999998,-0.05457926050000005,-2.1666445105,2.0574859894999995,nominal_90,random_forest,available_weather=672;climatology_fallback=72,0.7408988599528303,32.3995,24.004752613041727
2026-08-27 15:00:00,2026-08-27,16,33.7,-0.22946606119581445,0.010741678499999949,-0.04951600039813209,0.12534033349999987,0.010741678499999949,-1.9714454914999997,1.9929288484999994,nominal_90,random_forest,available_weather=672;climatology_fallback=72,0.7408988599528303,42.68333333333333,31.624033005653306
2026-08-27 16:00:00,2026-08-27,17,33.0,-0.17090759453461166,0.030096898499999906,-0.07107579317805514,0.05524713850000004,0.030096898499999906,-2.3169146414999986,2.3771084384999988,nominal_90,random_forest,available_weather=672;climatology_fallback=72,0.7408988599528303,67.2505,49.825818781257816
2026-08-27 17:00:00,2026-08-27,18,32.0,-0.14509483256448943,0.03784019149999986,-0.03274761058997898,0.003799054000000002,0.03784019149999986,-2.1620304985000005,2.2377108815000004,nominal_90,random_forest,available_weather=672;climatology_fallback=72,0.7408988599528303,82.6125,61.20750706785319
2026-08-27 18:00:00,2026-08-27,19,30.8,-0.1375853341453673,0.05603776849999987,0.1675278834967071,-0.01771891950000001,0.05603776849999987,-1.7143729414999993,1.8264484784999993,nominal_90,random_forest,available_weather=672;climatology_fallback=72,0.7408988599528303,126.61999999999999,93.81261364722737
2026-08-27 19:00:00,2026-08-27,20,29.6,-0.11886240162294068,0.07799089249999983,0.19554586242102495,0.08060642349999998,0.07799089249999983,-1.7271684475000024,1.8831502325000022,nominal_90,random_forest,available_weather=672;climatology_fallback=72,0.7408988599528303,127.72533333333334,94.63155385376191
2026-08-27 20:00:00,2026-08-27,21,28.6,-0.09087286252999136,0.12381345799999982,0.23295659280602105,0.17156467399999997,0.12381345799999982,-1.5104167019999997,1.7580436179999994,nominal_90,random_forest,available_weather=672;climatology_fallback=72,0.7408988599528303,135.485,100.38068204070923
2026-08-27 21:00:00,2026-08-27,22,27.6,-0.04530794027044899,0.1657410609999999,0.2670564367733248,0.14734463800000008,0.1657410609999999,-1.3497875490000022,1.681269671000002,nominal_90,random_forest,available_weather=672;climatology_fallback=72,0.7408988599528303,129.78883333333334,96.16039865127458
2026-08-27 22:00:00,2026-08-27,23,26.6,0.0004260032467385544,0.1300221194999999,0.20504776263275093,0.11716429550000002,0.1300221194999999,-1.4587458954999983,1.7187901344999983,nominal_90,random_forest,available_weather=672;climatology_fallback=72,0.7408988599528303,114.98150000000001,85.18966226566637
2026-08-27 23:00:00,2026-08-27,24,25.6,-0.02644753129354621,0.2997380375,0.27234845692857906,0.03460376850000001,0.2997380375,-1.0995702325,1.6990463075000002,nominal_90,random_forest,available_weather=672;climatology_fallback=72,0.7408988599528303,104.29433333333333,77.27155266620713
2026-08-28 00:00:00,2026-08-28,1,23.9,0.12204654009436641,0.37245547200000007,0.25028708589388854,0.22265574000000002,0.37245547200000007,-0.8567310380000005,1.6016419820000007,nominal_90,random_forest,available_weather=672;climatology_fallback=72,0.7408988599528303,100.29383333333334,74.30758677696585
2026-08-28 01:00:00,2026-08-28,2,22.4,0.22227288149206853,0.38679767699999973,0.2993211074530508,0.3082309825,0.38679767699999973,-0.8806507229999989,1.6542460769999983,nominal_90,random_forest,available_weather=672;climatology_fallback=72,0.7408988599528303,97.15716666666667,71.98363401958046
2026-08-28 02:00:00,2026-08-28,3,21.1,0.23015233523727915,0.4515044629999997,0.2975518424865001,0.3789407849999998,0.4515044629999997,-0.784978977000001,1.6879879030000002,nominal_90,random_forest,available_weather=672;climatology_fallback=72,0.7408988599528303,91.5145,67.80298871915329
2026-08-28 03:00:00,2026-08-28,4,19.5,0.28620979270631575,0.386185896,0.3658765940836064,0.32322948599999984,0.386185896,-0.8013961240000005,1.5737679160000004,nominal_90,random_forest,available_weather=672;climatology_fallback=72,0.7408988599528303,83.86333333333333,62.134248058510856
2026-08-28 04:00:00,2026-08-28,5,18.8,0.2814696999597189,0.6261285229999999,0.3708341328288858,0.9592583610000004,0.6261285229999999,-0.5083522869999996,1.7606093329999992,nominal_90,random_forest,available_weather=672;climatology_fallback=72,0.7408988599528303,83.74,62.04287053245001
2026-08-28 05:00:00,2026-08-28,6,18.8,0.471724892701342,0.5990179649999997,0.6137262926187294,0.7213182149999998,0.5990179649999997,-0.9102280550000005,2.108263985,nominal_90,random_forest,available_weather=672;climatology_fallback=72,0.7408988599528303,79.10816666666666,58.61115049629183
2026-08-28 06:00:00,2026-08-28,7,20.3,0.4664318821895279,0.6193211925000003,0.6036461150563686,0.6440806305,0.6193211925000003,-1.0147086974999984,2.2533510824999987,nominal_90,random_forest,available_weather=672;climatology_fallback=72,0.7408988599528303,61.86933333333333,45.838918532708306
2026-08-28 07:00:00,2026-08-28,8,22.6,0.39432876514933013,0.6379598390000002,0.6495935509474361,0.3799102074999996,0.6379598390000002,-1.7565155735000006,3.032435251500001,nominal_90,random_forest,available_weather=672;climatology_fallback=72,0.7408988599528303,57.118500000000004,42.319031532215746
2026-08-28 08:00:00,2026-08-28,9,25.1,0.37494522347326475,0.5872175655,0.644724590862054,0.3229771895,0.5872175655,-1.475520964499998,2.649956095499998,nominal_90,random_forest,available_weather=672;climatology_fallback=72,0.7408988599528303,52.17933333333334,38.65960857976539
2026-08-28 09:00:00,2026-08-28,10,27.8,0.30309304469612663,0.36743059150000007,0.567257741265566,0.22744151199999998,0.36743059150000007,-2.228469060999999,2.9633302439999993,nominal_90,random_forest,available_weather=672;climatology_fallback=72,0.7408988599528303,42.06633333333333,31.166898409062412
2026-08-28 10:00:00,2026-08-28,11,30.8,0.16533054249649468,0.20763432,0.1883575070447147,0.10026399899999992,0.20763432,-2.7774508850000013,3.192719525000001,nominal_90,random_forest,available_weather=672;climatology_fallback=72,0.7408988599528303,37.932,28.103775555730763
2026-08-28 11:00:00,2026-08-28,12,33.3,0.02178032045889053,0.0944701344999999,-0.08016179303089646,-0.04208332999999997,0.0944701344999999,-2.343650895500001,2.5325911645000008,nominal_90,random_forest,available_weather=672;climatology_fallback=72,0.7408988599528303,34.75566666666667,25.750433810233922
2026-08-28 12:00:00,2026-08-28,13,35.3,-0.10187116070675897,0.07715125999999993,-0.21576412257617175,-0.02827605699999993,0.07715125999999993,-1.97700226,2.13130478,nominal_90,random_forest,available_weather=672;climatology_fallback=72,0.7408988599528303,29.455166666666667,21.823299403053944
2026-08-28 13:00:00,2026-08-28,14,36.9,-0.16406704692897464,0.07018271049999984,-0.1928308667751907,-0.017031835499999915,0.07018271049999984,-2.317479279499999,2.4578447004999986,nominal_90,random_forest,available_weather=672;climatology_fallback=72,0.7408988599528303,33.6455,24.927912592542953
2026-08-28 14:00:00,2026-08-28,15,37.7,-0.19047250853541117,0.027003638999999788,-0.11780065508985633,-0.08130546199999987,0.027003638999999788,-2.085061611,2.1390688889999994,nominal_90,random_forest,available_weather=672;climatology_fallback=72,0.7408988599528303,32.3995,24.004752613041727
2026-08-28 15:00:00,2026-08-28,16,37.3,-0.19748243480970482,0.030411512999999783,-0.14354485494217784,-0.058519951999999875,0.030411512999999783,-1.9517756569999998,2.0125986829999993,nominal_90,random_forest,available_weather=672;climatology_fallback=72,0.7408988599528303,42.68333333333333,31.624033005653306
2026-08-28 16:00:00,2026-08-28,17,36.0,-0.1833505787665584,0.05245617299999979,-0.14014223671494636,-0.10007061549999989,0.05245617299999979,-2.2945553669999987,2.3994677129999986,nominal_90,random_forest,available_weather=672;climatology_fallback=72,0.7408988599528303,67.2505,49.825818781257816
2026-08-28 17:00:00,2026-08-28,18,34.6,-0.1546214474869602,0.05682243049999979,-0.10582314679936973,-0.06938145299999977,0.05682243049999979,-2.143048259500001,2.2566931205,nominal_90,random_forest,available_weather=672;climatology_fallback=72,0.7408988599528303,82.6125,61.20750706785319
2026-08-28 18:00:00,2026-08-28,19,33.1,-0.13205716088521333,0.0026944824999998117,0.008823378592661253,-0.03917144449999985,0.0026944824999998117,-1.7677162274999996,1.773105192499999,nominal_90,random_forest,available_weather=672;climatology_fallback=72,0.7408988599528303,126.61999999999999,93.81261364722737
2026-08-28 19:00:00,2026-08-28,20,31.5,-0.14399506295369172,-0.059773252000000124,0.008823378592661253,-0.011619496999999947,-0.059773252000000124,-1.8649325920000024,1.7453860880000023,nominal_90,random_forest,available_weather=672;climatology_fallback=72,0.7408988599528303,127.72533333333334,94.63155385376191
2026-08-28 20:00:00,2026-08-28,21,29.8,-0.16121329933003523,0.013123455999999969,0.10669944744694683,0.0884127714999999,0.013123455999999969,-1.6211067039999996,1.6473536159999995,nominal_90,random_forest,available_weather=672;climatology_fallback=72,0.7408988599528303,135.485,100.38068204070923
2026-08-28 21:00:00,2026-08-28,22,28.0,-0.11360102141144826,0.031357141999999866,0.14947233513968766,0.1429903839999999,0.031357141999999866,-1.4841714680000022,1.546885752000002,nominal_90,random_forest,available_weather=672;climatology_fallback=72,0.7408988599528303,129.78883333333334,96.16039865127458
2026-08-28 22:00:00,2026-08-28,23,26.3,-0.08101054185151971,0.04332059500000009,0.06890918281394104,0.19955108749999986,0.04332059500000009,-1.5454474199999981,1.6320886099999985,nominal_90,random_forest,available_weather=672;climatology_fallback=72,0.7408988599528303,114.98150000000001,85.18966226566637
2026-08-28 23:00:00,2026-08-28,24,24.8,-0.06229652419001419,0.1914669174999999,0.15078763560177855,0.21879193499999983,0.1914669174999999,-1.2078413525000002,1.5907751875,nominal_90,random_forest,available_weather=672;climatology_fallback=72,0.7408988599528303,104.29433333333333,77.27155266620713
2026-08-29 00:00:00,2026-08-29,1,17.8,0.20275794077336567,0.24235839999999997,0.1303215975096205,0.2284001799999998,0.24235839999999997,-0.9868281100000006,1.4715449100000004,nominal_90,random_forest,available_weather=672;climatology_fallback=72,0.7408988599528303,100.29383333333334,74.30758677696585
2026-08-29 01:00:00,2026-08-29,2,17.4,0.2576022294810322,0.2526521319999999,0.24339326510760761,0.35661862,0.2526521319999999,-1.0147962679999987,1.5201005319999985,nominal_90,random_forest,available_weather=672;climatology_fallback=72,0.7408988599528303,97.15716666666667,71.98363401958046
2026-08-29 02:00:00,2026-08-29,3,15.8,0.26183687595423155,0.33452458349999964,0.29452558809977564,0.2645223969999998,0.33452458349999964,-0.901958856500001,1.5710080235000004,nominal_90,random_forest,available_weather=672;climatology_fallback=72,0.7408988599528303,91.5145,67.80298871915329
2026-08-29 03:00:00,2026-08-29,4,15.4,0.31446943014135753,0.29891142299999973,0.2993211074530508,0.27086792199999965,0.29891142299999973,-0.8886705970000007,1.486493443,nominal_90,random_forest,available_weather=672;climatology_fallback=72,0.7408988599528303,83.86333333333333,62.134248058510856
2026-08-29 04:00:00,2026-08-29,5,15.1,0.3192312240369739,0.3669890884999999,0.30888244126257863,0.2623624099999999,0.3669890884999999,-0.7674917214999996,1.5014698984999995,nominal_90,random_forest,available_weather=672;climatology_fallback=72,0.7408988599528303,83.74,62.04287053245001
2026-08-29 05:00:00,2026-08-29,6,14.9,0.36352514583667295,0.5605885509999999,0.3809848260415884,0.48222620249999976,0.5605885509999999,-0.9486574690000003,2.0698345710000003,nominal_90,random_forest,available_weather=672;climatology_fallback=72,0.7408988599528303,79.10816666666666,58.61115049629183
2026-08-29 06:00:00,2026-08-29,7,15.6,0.5184044433377287,0.4155268185000001,0.42879701454400293,0.45287614100000007,0.4155268185000001,-1.2185030714999985,2.0495567084999986,nominal_90,random_forest,available_weather=672;climatology_fallback=72,0.7408988599528303,61.86933333333333,45.838918532708306
2026-08-29 07:00:00,2026-08-29,8,17.5,0.4233688862132092,0.19073174399999998,0.2891704142403482,0.36270352550000007,0.19073174399999998,-2.203743668500001,2.5852071565000005,nominal_90,random_forest,available_weather=672;climatology_fallback=72,0.7408988599528303,57.118500000000004,42.319031532215746
2026-08-29 08:00:00,2026-08-29,9,19.4,0.27457611274700855,0.24349047250000003,0.1744866589834008,0.32640691950000017,0.24349047250000003,-1.819248057499998,2.306229002499998,nominal_90,random_forest,available_weather=672;climatology_fallback=72,0.7408988599528303,52.17933333333334,38.65960857976539
2026-08-29 09:00:00,2026-08-29,10,21.5,0.22596334695261927,0.25360620499999986,0.23852430502222557,0.36792678999999995,0.25360620499999986,-2.3422934474999995,2.8495058574999987,nominal_90,random_forest,available_weather=672;climatology_fallback=72,0.7408988599528303,42.06633333333333,31.166898409062412
2026-08-29 10:00:00,2026-08-29,11,23.4,0.20189953363421892,0.5715019774999999,0.3248851154836386,0.7999967760000004,0.5715019774999999,-2.413583227500001,3.5565871825000013,nominal_90,random_forest,available_weather=672;climatology_fallback=72,0.7408988599528303,37.932,28.103775555730763
2026-08-29 11:00:00,2026-08-29,12,25.0,0.41605081001363114,0.3136194110000001,0.48460124157221807,0.4343495459999997,0.3136194110000001,-2.124501619000001,2.751740441000001,nominal_90,random_forest,available_weather=672;climatology_fallback=72,0.7408988599528303,34.75566666666667,25.750433810233922
2026-08-29 12:00:00,2026-08-29,13,26.0,0.283993698380254,0.33421021250000005,0.30234299891790417,0.23994541550000012,0.33421021250000005,-1.7199433075,2.3883637325,nominal_90,random_forest,available_weather=672;climatology_fallback=72,0.7408988599528303,29.455166666666667,21.823299403053944
2026-08-29 13:00:00,2026-08-29,14,26.5,0.25428189604599755,0.42359389100000017,0.3084933032896522,0.14368068200000003,0.42359389100000017,-1.9640680989999988,2.8112558809999992,nominal_90,random_forest,available_weather=672;climatology_fallback=72,0.7408988599528303,33.6455,24.927912592542953
2026-08-29 14:00:00,2026-08-29,15,27.1,0.2743691464304482,0.3138588005000001,0.21675257553568922,-0.11141900000000003,0.3138588005000001,-1.7982064494999996,2.4259240505,nominal_90,random_forest,available_weather=672;climatology_fallback=72,0.7408988599528303,32.3995,24.004752613041727
2026-08-29 15:00:00,2026-08-29,16,26.8,0.2283924900802625,0.34635633050000025,0.29943278286338526,-0.10942041349999997,0.34635633050000025,-1.6358308394999992,2.3285435005,nominal_90,random_forest,available_weather=672;climatology_fallback=72,0.7408988599528303,42.68333333333333,31.624033005653306
2026-08-29 16:00:00,2026-08-29,17,26.7,0.24100140175767348,0.3243774470000001,0.33228553092081137,-0.04263300749999999,0.3243774470000001,-2.0226340929999984,2.671388986999999,nominal_90,random_forest,available_weather=672;climatology_fallback=72,0.7408988599528303,67.2505,49.825818781257816
2026-08-29 17:00:00,2026-08-29,18,26.2,0.22595460923324032,0.7838135125,0.4069893329965114,-0.03501691499999997,0.7838135125,-1.4160571775000004,2.9836842025000005,nominal_90,random_forest,available_weather=672;climatology_fallback=72,0.7408988599528303,82.6125,61.20750706785319
2026-08-29 18:00:00,2026-08-29,19,25.2,0.5838470202717566,0.6923871815,0.6230022557592297,-0.08969598699999999,0.6923871815,-1.0780235284999993,2.4627978914999993,nominal_90,random_forest,available_weather=672;climatology_fallback=72,0.7408988599528303,126.61999999999999,93.81261364722737
2026-08-29 19:00:00,2026-08-29,20,24.2,0.583561860426814,0.6084289510000004,0.612922078196869,-0.0841128194999998,0.6084289510000004,-1.196730389000002,2.4135882910000026,nominal_90,random_forest,available_weather=672;climatology_fallback=72,0.7408988599528303,127.72533333333334,94.63155385376191
2026-08-29 20:00:00,2026-08-29,21,21.9,0.5014971250494518,0.4971643140000004,0.6007825804163248,0.05567784750000011,0.4971643140000004,-1.1370658459999992,2.131394474,nominal_90,random_forest,available_weather=672;climatology_fallback=72,0.7408988599528303,135.485,100.38068204070923
2026-08-29 21:00:00,2026-08-29,22,20.8,0.4367293798642222,0.27570353700000005,0.41871683698164214,0.128495145,0.27570353700000005,-1.239825073000002,1.791232147000002,nominal_90,random_forest,available_weather=672;climatology_fallback=72,0.7408988599528303,129.78883333333334,96.16039865127458
2026-08-29 22:00:00,2026-08-29,23,19.6,0.3187866903215565,0.33806022999999996,0.2891704142403482,0.14593930500000002,0.33806022999999996,-1.2507077849999984,1.9268282449999983,nominal_90,random_forest,available_weather=672;climatology_fallback=72,0.7408988599528303,114.98150000000001,85.18966226566637
2026-08-29 23:00:00,2026-08-29,24,18.6,0.32720730830793454,0.33110063600000006,0.2993211074530508,0.17037549249999992,0.33110063600000006,-1.0682076340000002,1.730408906,nominal_90,random_forest,available_weather=672;climatology_fallback=72,0.7408988599528303,104.29433333333333,77.27155266620713
2026-08-30 00:00:00,2026-08-30,1,17.8,0.31930446238775667,0.5643070999999997,0.4097695726974655,0.23660951249999976,0.5643070999999997,-0.6648794100000008,1.7934936100000003,nominal_90,random_forest,available_weather=672;climatology_fallback=72,0.7408988599528303,100.29383333333334,74.30758677696585
2026-08-30 01:00:00,2026-08-30,2,17.4,0.4918005656957466,0.39816703900000006,0.49745941783823505,0.31495185499999984,0.39816703900000006,-0.8692813609999985,1.6656154389999986,nominal_90,random_forest,available_weather=672;climatology_fallback=72,0.7408988599528303,97.15716666666667,71.98363401958046
2026-08-30 02:00:00,2026-08-30,3,15.8,0.4396618948152978,0.33145142299999997,0.2971596304209832,0.4217973974999999,0.33145142299999997,-0.9050320170000007,1.5679348630000005,nominal_90,random_forest,available_weather=672;climatology_fallback=72,0.7408988599528303,91.5145,67.80298871915329
2026-08-30 03:00:00,2026-08-30,4,15.4,0.37312117914369425,0.352296196,0.3073103236336858,0.3494580949999998,0.352296196,-0.8352858240000005,1.5398782160000004,nominal_90,random_forest,available_weather=672;climatology_fallback=72,0.7408988599528303,83.86333333333333,62.134248058510856
2026-08-30 04:00:00,2026-08-30,5,15.1,0.359462704425046,0.5888621884999997,0.4114321733556367,0.3583079284999997,0.5888621884999997,-0.5456186214999997,1.7233429984999993,nominal_90,random_forest,available_weather=672;climatology_fallback=72,0.7408988599528303,83.74,62.04287053245001
2026-08-30 05:00:00,2026-08-30,6,14.9,0.567589129198858,0.43864210900000006,0.5274779021326476,0.6022828369999997,0.43864210900000006,-1.070603911,1.9478881290000003,nominal_90,random_forest,available_weather=672;climatology_fallback=72,0.7408988599528303,79.10816666666666,58.61115049629183
2026-08-30 06:00:00,2026-08-30,7,15.6,0.4829721466269189,0.24140669250000002,0.395573381962844,0.6020136805,0.24140669250000002,-1.3926231974999985,1.8754365824999986,nominal_90,random_forest,available_weather=672;climatology_fallback=72,0.7408988599528303,61.86933333333333,45.838918532708306
2026-08-30 07:00:00,2026-08-30,8,17.5,0.32409523405282453,0.37604942949999964,0.2712502723699526,0.5236956604999999,0.37604942949999964,-2.018425983000001,2.7705248420000004,nominal_90,random_forest,available_weather=672;climatology_fallback=72,0.7408988599528303,57.118500000000004,42.319031532215746
2026-08-30 08:00:00,2026-08-30,9,19.4,0.341767185309825,0.3291561265,0.30244136354830387,0.32086028300000025,0.3291561265,-1.733582403499998,2.391894656499998,nominal_90,random_forest,available_weather=672;climatology_fallback=72,0.7408988599528303,52.17933333333334,38.65960857976539
2026-08-30 09:00:00,2026-08-30,10,21.5,0.3056915244289007,0.3513481524999999,0.30244136354830387,0.34143051499999993,0.3513481524999999,-2.244551499999999,2.947247804999999,nominal_90,random_forest,available_weather=672;climatology_fallback=72,0.7408988599528303,42.06633333333333,31.166898409062412
2026-08-30 10:00:00,2026-08-30,11,23.4,0.3059727258094651,0.7822271800000001,0.40656321327025474,0.27165811000000006,0.7822271800000001,-2.202858025000001,3.767312385000001,nominal_90,random_forest,available_weather=672;climatology_fallback=72,0.7408988599528303,37.932,28.103775555730763
2026-08-30 11:00:00,2026-08-30,12,25.0,0.6361827918323013,0.5736716754999996,0.5848697208952017,0.8717945719999999,0.5736716754999996,-1.8644493545000014,3.0117927055000004,nominal_90,random_forest,available_weather=672;climatology_fallback=72,0.7408988599528303,34.75566666666667,25.750433810233922
2026-08-30 12:00:00,2026-08-30,13,26.0,0.533276678957529,0.28231535650000006,0.44988629132410163,0.3452276549999999,0.28231535650000006,-1.7718381634999998,2.3364688764999997,nominal_90,random_forest,available_weather=672;climatology_fallback=72,0.7408988599528303,29.455166666666667,21.823299403053944
2026-08-30 13:00:00,2026-08-30,14,26.5,0.3453907094968519,0.357656887,0.24576111669435133,0.25354016649999994,0.357656887,-2.030005102999999,2.745318876999999,nominal_90,random_forest,available_weather=672;climatology_fallback=72,0.7408988599528303,33.6455,24.927912592542953
2026-08-30 14:00:00,2026-08-30,15,27.1,0.31445323120436697,0.36574877299999997,0.31879916357568694,0.23589012049999997,0.36574877299999997,-1.7463164769999997,2.4778140229999996,nominal_90,random_forest,available_weather=672;climatology_fallback=72,0.7408988599528303,32.3995,24.004752613041727
2026-08-30 15:00:00,2026-08-30,16,26.8,0.30505407564865117,0.4557207620000001,0.30565273407746957,0.16762374999999985,0.4557207620000001,-1.5264664079999994,2.437907932,nominal_90,random_forest,available_weather=672;climatology_fallback=72,0.7408988599528303,42.68333333333333,31.624033005653306
2026-08-30 16:00:00,2026-08-30,17,26.7,0.36242931949936796,0.4264279330000002,0.37404495362548423,0.10476544449999987,0.4264279330000002,-1.9205836069999984,2.773439472999999,nominal_90,random_forest,available_weather=672;climatology_fallback=72,0.7408988599528303,67.2505,49.825818781257816
2026-08-30 17:00:00,2026-08-30,18,26.2,0.3867028088235558,0.44973180999999984,0.2247235591083388,-0.03658761250000004,0.44973180999999984,-1.7501388800000006,2.6496025000000003,nominal_90,random_forest,available_weather=672;climatology_fallback=72,0.7408988599528303,82.6125,61.20750706785319
2026-08-30 18:00:00,2026-08-30,19,25.2,0.38673709114772004,0.6001038974999997,0.5513646661837192,-0.07910300449999999,0.6001038974999997,-1.1703068124999996,2.3705146074999988,nominal_90,random_forest,available_weather=672;climatology_fallback=72,0.7408988599528303,126.61999999999999,93.81261364722737
2026-08-30 19:00:00,2026-08-30,20,24.2,0.5060073063102746,0.5635845225,0.6666674877591376,-0.07235300899999991,0.5635845225,-1.2415748175000023,2.3687438625000024,nominal_90,random_forest,available_weather=672;climatology_fallback=72,0.7408988599528303,127.72533333333334,94.63155385376191
2026-08-30 20:00:00,2026-08-30,21,21.9,0.5087696378945659,0.38452469950000007,0.5505869386049954,-0.09766619049999989,0.38452469950000007,-1.2497054604999995,2.0187548594999996,nominal_90,random_forest,available_weather=672;climatology_fallback=72,0.7408988599528303,135.485,100.38068204070923
2026-08-30 21:00:00,2026-08-30,22,20.8,0.3945786233347016,0.4245423225,0.33288639571236905,-0.06602485999999991,0.4245423225,-1.090986287500002,1.940070932500002,nominal_90,random_forest,available_weather=672;climatology_fallback=72,0.7408988599528303,129.78883333333334,96.16039865127458
2026-08-30 22:00:00,2026-08-30,23,19.6,0.4011585211416693,0.39003110050000006,0.3073103236336858,-0.004038904999999981,0.39003110050000006,-1.1987369144999982,1.9787991154999984,nominal_90,random_forest,available_weather=672;climatology_fallback=72,0.7408988599528303,114.98150000000001,85.18966226566637
2026-08-30 23:00:00,2026-08-30,24,18.6,0.36768876195678657,0.5629044624999999,0.4114321733556367,0.09986718999999995,0.5629044624999999,-0.8364038075000002,1.9622127325,nominal_90,random_forest,available_weather=672;climatology_fallback=72,0.7408988599528303,104.29433333333333,77.27155266620713
2026-08-31 00:00:00,2026-08-31,1,17.8,0.41100281711766806,0.3709446350000001,0.501101260434379,0.14723166999999993,0.3709446350000001,-0.8582418750000005,1.6001311450000006,nominal_90,random_forest,available_weather=672;climatology_fallback=72,0.7408988599528303,100.29383333333334,74.30758677696585
2026-08-31 01:00:00,2026-08-31,2,17.4,0.30628120406134485,0.3371779255,0.2891704142403482,0.215003095,0.3371779255,-0.9302704744999986,1.6046263254999986,nominal_90,random_forest,available_weather=672;climatology_fallback=72,0.7408988599528303,97.15716666666667,71.98363401958046
2026-08-31 02:00:00,2026-08-31,3,15.8,0.27328112476537636,0.38191089049999993,0.2993211074530508,0.1600988175,0.38191089049999993,-0.8545725495000007,1.6183943305000006,nominal_90,random_forest,available_weather=672;climatology_fallback=72,0.7408988599528303,91.5145,67.80298871915329
2026-08-31 03:00:00,2026-08-31,4,15.4,0.26983901417925515,0.48676134749999983,0.3809848260415884,0.20967570499999993,0.48676134749999983,-0.7008206725000006,1.6743433675000003,nominal_90,random_forest,available_weather=672;climatology_fallback=72,0.7408988599528303,83.86333333333333,62.134248058510856
2026-08-31 04:00:00,2026-08-31,5,15.1,0.37898264023933903,0.3267139035000001,0.42879701454400293,0.2823695625,0.3267139035000001,-0.8077669064999993,1.4611947134999996,nominal_90,random_forest,available_weather=672;climatology_fallback=72,0.7408988599528303,83.74,62.04287053245001
2026-08-31 05:00:00,2026-08-31,6,14.9,0.2938086574880596,0.2726668095,0.2891704142403482,0.4311440534999999,0.2726668095,-1.2365792105000002,1.7819128295000002,nominal_90,random_forest,available_weather=672;climatology_fallback=72,0.7408988599528303,79.10816666666666,58.61115049629183
2026-08-31 06:00:00,2026-08-31,7,15.6,0.23140196344549585,0.31749396450000006,0.2993211074530508,0.4585189719999999,0.31749396450000006,-1.3165359254999984,1.9515238544999987,nominal_90,random_forest,available_weather=672;climatology_fallback=72,0.7408988599528303,61.86933333333333,45.838918532708306
2026-08-31 07:00:00,2026-08-31,8,17.5,0.21709645651724138,0.5293195219999997,0.3809848260415884,0.4075914250000001,0.5293195219999997,-1.865155890500001,2.9237949345000005,nominal_90,random_forest,available_weather=672;climatology_fallback=72,0.7408988599528303,57.118500000000004,42.319031532215746
2026-08-31 08:00:00,2026-08-31,9,19.4,0.3782056119621069,0.2955551370000001,0.423928054458621,0.7165799294999998,0.2955551370000001,-1.767183392999998,2.358293666999998,nominal_90,random_forest,available_weather=672;climatology_fallback=72,0.7408988599528303,52.17933333333334,38.65960857976539
2026-08-31 09:00:00,2026-08-31,10,21.5,0.24018917067207782,0.3326807119999998,0.2843014541549662,0.5708030469999997,0.3326807119999998,-2.2632189404999994,2.928580364499999,nominal_90,random_forest,available_weather=672;climatology_fallback=72,0.7408988599528303,42.06633333333333,31.166898409062412
2026-08-31 10:00:00,2026-08-31,11,23.4,0.2410325689004728,0.3357896175,0.33016843006513846,0.2839060165,0.3357896175,-2.649295587500001,3.3208748225000013,nominal_90,random_forest,available_weather=672;climatology_fallback=72,0.7408988599528303,37.932,28.103775555730763
2026-08-31 11:00:00,2026-08-31,12,25.0,0.18798651299769506,0.7172390225,0.37611586595620644,0.20493236300000003,0.7172390225,-1.7208820075000009,3.1553600525000007,nominal_90,random_forest,available_weather=672;climatology_fallback=72,0.7408988599528303,34.75566666666667,25.750433810233922
2026-08-31 12:00:00,2026-08-31,13,26.0,0.4549691703817639,0.5016460339999997,0.5600399396937566,0.04024098499999988,0.5016460339999997,-1.552507486,2.5557995539999996,nominal_90,random_forest,available_weather=672;climatology_fallback=72,0.7408988599528303,29.455166666666667,21.823299403053944
2026-08-31 13:00:00,2026-08-31,14,26.5,0.36814903781651775,0.3016617740000002,0.38964578233859876,-0.04054537700000002,0.3016617740000002,-2.0860002159999986,2.689323763999999,nominal_90,random_forest,available_weather=672;climatology_fallback=72,0.7408988599528303,33.6455,24.927912592542953
2026-08-31 14:00:00,2026-08-31,15,27.1,0.22224150724149355,0.3483450970000001,0.2491490650453829,-0.041737309499999986,0.3483450970000001,-1.7637201529999995,2.460410347,nominal_90,random_forest,available_weather=672;climatology_fallback=72,0.7408988599528303,32.3995,24.004752613041727
2026-08-31 15:00:00,2026-08-31,16,26.8,0.21021951134653355,0.3201353845,0.2637060175719994,0.015489579999999989,0.3201353845,-1.6620517854999997,2.3023225544999995,nominal_90,random_forest,available_weather=672;climatology_fallback=72,0.7408988599528303,42.68333333333333,31.624033005653306
2026-08-31 16:00:00,2026-08-31,17,26.7,0.17405325791718013,0.7085019370000002,0.36689188544188456,0.025970993999999897,0.7085019370000002,-1.6385096029999984,3.055513476999999,nominal_90,random_forest,available_weather=672;climatology_fallback=72,0.7408988599528303,67.2505,49.825818781257816
2026-08-31 17:00:00,2026-08-31,18,26.2,0.4772968760493205,0.6292731004999998,0.5904001182997136,0.07315602949999989,0.6292731004999998,-1.5705975895000006,2.8291437905000003,nominal_90,random_forest,available_weather=672;climatology_fallback=72,0.7408988599528303,82.6125,61.20750706785319
2026-08-31 18:00:00,2026-08-31,19,25.2,0.49236407820617645,0.5523641934999999,0.593399199472599,0.057754480999999795,0.5523641934999999,-1.2180465164999994,2.322774903499999,nominal_90,random_forest,available_weather=672;climatology_fallback=72,0.7408988599528303,126.61999999999999,93.81261364722737
2026-08-31 19:00:00,2026-08-31,20,24.2,0.3956629434140495,0.3334732930000004,0.45996962794092305,0.0651732699999998,0.3334732930000004,-1.471686047000002,2.138632633000003,nominal_90,random_forest,available_weather=672;climatology_fallback=72,0.7408988599528303,127.72533333333334,94.63155385376191
2026-08-31 20:00:00,2026-08-31,21,21.9,0.2855134414019781,0.4197646185000001,0.3220231622977743,0.1011895054999999,0.4197646185000001,-1.2144655414999994,2.0539947784999995,nominal_90,random_forest,available_weather=672;climatology_fallback=72,0.7408988599528303,135.485,100.38068204070923
2026-08-31 21:00:00,2026-08-31,22,20.8,0.300896486558805,0.38133934550000004,0.2993211074530508,0.028152833499999926,0.38133934550000004,-1.134189264500002,1.896867955500002,nominal_90,random_forest,available_weather=672;climatology_fallback=72,0.7408988599528303,129.78883333333334,96.16039865127458
2026-08-31 22:00:00,2026-08-31,23,19.6,0.274207945228297,0.31990569650000006,0.2975518424865001,0.18184547249999994,0.31990569650000006,-1.2688623184999983,1.9086737114999983,nominal_90,random_forest,available_weather=672;climatology_fallback=72,0.7408988599528303,114.98150000000001,85.18966226566637
2026-08-31 23:00:00,2026-08-31,24,18.6,0.2469488690449312,0.301519057,0.2993211074530508,0.16626241749999993,0.301519057,-1.0977892130000002,1.700827327,nominal_90,random_forest,available_weather=672;climatology_fallback=72,0.7408988599528303,104.29433333333333,77.27155266620713
